item_id,relative_path,basename,extension,bytes,sha256,duplicate_group,accessibility,skip_reason,inventory_utc,config_reference
LIT-000001,100961700.json,100961700.json,.json,68758,c9c8ca7c2180a655d4d45526f022454b5354e773ce1fed56ced989d0c19507c6,,ok,,2026-09-28T17:55:35Z,config/local_paths.yaml:literature_corpus_root
LIT-000002,102624200.json,102624200.json,.json,11872,be9c3032acb408f46ecc54e0cbafbd7f0322d04d7c9ed6748afb98eca01a45d7,,ok,,2026-09-28T17:55:35Z,config/local_paths.yaml:literature_corpus_root
LIT-000003,103459400.json,103459400.json,.json,15959,0a96ba40b2dd3b3977a01e41ce04c1f8c181ab90620ccf81753aa337f8756c2e,,ok,,2026-09-28T17:55:35Z,config/local_paths.yaml:literature_corpus_root
LIT-000004,104457700.json,104457700.json,.json,30540,62baf538cdd51377460efce40f04f251d96a81b9ca9513cc472246415e8b536a,,ok,,2026-09-28T17:55:35Z,config/local_paths.yaml:literature_corpus_root
LIT-000005,1070500.json,1070500.json,.json,64888,ea8f855b5b0985c6604a224efd205f27c32c0eeae70f080068759e27ad5aedd5,,ok,,2026-09-28T17:55:35Z,config/local_paths.yaml:literature_corpus_root
LIT-000006,10855500.json,10855500.json,.json,49107,6cdfafe341f8519fff9f71825d3cc3e74c5867f5bff9d275618f9990d87489fb,,ok,,2026-09-28T17:55:35Z,config/local_paths.yaml:literature_corpus_root
LIT-000007,108710700.json,108710700.json,.json,41891,f2ce786e088768a6d72947fad940ae77237797a3543d8b130d3dc901fe19d9a0,,ok,,2026-09-28T17:55:35Z,config/local_paths.yaml:literature_corpus_root
LIT-000008,10904100.json,10904100.json,.json,25369,9558eb6d95919178e9edb7a6434454ac31e2d3580f390ca654325556e4731556,,ok,,2026-09-28T17:55:35Z,config/local_paths.yaml:literature_corpus_root
LIT-000009,109411300.json,109411300.json,.json,24830,ab4618743cea2208184c21b6f4d55f641cb397297f92ad18a490c1f3415c027c,,ok,,2026-09-28T17:55:35Z,config/local_paths.yaml:literature_corpus_root
LIT-000010,109930100.json,109930100.json,.json,30979,62702aa1eeb495b742d4764d63cbb2fb7405cc50e2f271e628c5f4603f1a9df8,,ok,,2026-09-28T17:55:35Z,config/local_paths.yaml:literature_corpus_root
LIT-000011,111331300.json,111331300.json,.json,53358,f1a9297f5c4f0abdb6815ad43fcf575e912770bbd7103111769e7930722dd405,,ok,,2026-09-28T17:55:35Z,config/local_paths.yaml:literature_corpus_root
LIT-000012,1125800.json,1125800.json,.json,28757,d698be00a0c869d59ed6b1e5f27a43e83d69da4e433e89a9613cacac62457505,,ok,,2026-09-28T17:55:35Z,config/local_paths.yaml:literature_corpus_root
LIT-000013,1126000.json,1126000.json,.json,25269,60232a789e9a2a96eea16885637c2e83c55dff791baab4cfa069415b2b6187e6,,ok,,2026-09-28T17:55:35Z,config/local_paths.yaml:literature_corpus_root
LIT-000014,113404100.json,113404100.json,.json,73126,58bdc5febfcb720684f8c8b63dff75fe86c6dd8a863a0cb1b86783f5ff6c8547,,ok,,2026-09-28T17:55:35Z,config/local_paths.yaml:literature_corpus_root
LIT-000015,115131500.json,115131500.json,.json,53910,82b83ac6f344134a7515326463475fa882eca2fbb1d117ecc7d2da22beb50273,,ok,,2026-09-28T17:55:35Z,config/local_paths.yaml:literature_corpus_root
LIT-000016,115665700.json,115665700.json,.json,32571,ee122bde19596a86ddb5d3fa265dd919448ad720231bcc94820b7e04cefd29e8,,ok,,2026-09-28T17:55:35Z,config/local_paths.yaml:literature_corpus_root
LIT-000017,116181900.json,116181900.json,.json,66211,7496a4e4227286ab98bfd101f1818f8b789056e6b5716056c471a8bddc6fac3e,,ok,,2026-09-28T17:55:35Z,config/local_paths.yaml:literature_corpus_root
LIT-000018,116609500.json,116609500.json,.json,37881,8da18381cd77bedb2f2a2aa952c1468f97f5950f25b6602b87775971d766f199,,ok,,2026-09-28T17:55:35Z,config/local_paths.yaml:literature_corpus_root
LIT-000019,116732500.json,116732500.json,.json,50770,427756c72943e1fb1f323d901008478928f4c5e23458ab947067d1575d2a4f42,,ok,,2026-09-28T17:55:35Z,config/local_paths.yaml:literature_corpus_root
LIT-000020,116955400.json,116955400.json,.json,133016,0d572da7d0066f0e823ca6ec54959a63cfda80a297f915ad2ac13f254fedcfc5,,ok,,2026-09-28T17:55:35Z,config/local_paths.yaml:literature_corpus_root
LIT-000021,11830100.json,11830100.json,.json,44095,2f95455c6bcef75945a8b535ff73f39fa53e88e2e4211564acd90b52f4d0fa91,,ok,,2026-09-28T17:55:35Z,config/local_paths.yaml:literature_corpus_root
LIT-000022,118496300.json,118496300.json,.json,43941,495c8a64ae4d52d20b67c27f9e5dbde2c1f12b0fbc14816a269598e90660ede9,,ok,,2026-09-28T17:55:35Z,config/local_paths.yaml:literature_corpus_root
LIT-000023,11860800.json,11860800.json,.json,33966,e31b1b0f8ebf63402d05e05dd8a3457e639680134b04b4c0ecccab195680498f,,ok,,2026-09-28T17:55:35Z,config/local_paths.yaml:literature_corpus_root
LIT-000024,11891700.json,11891700.json,.json,49760,b845f25505a6530292f4cac169169e3f42ffc6a693983095fbf3e351905770e0,,ok,,2026-09-28T17:55:35Z,config/local_paths.yaml:literature_corpus_root
LIT-000025,119235000.json,119235000.json,.json,13007,e647255eed1d97f8eb1196b254406d9d3bc0fcefcd56c47e8e4d5bacdb3c789a,,ok,,2026-09-28T17:55:35Z,config/local_paths.yaml:literature_corpus_root
LIT-000026,119331700.json,119331700.json,.json,18646,f50d0ecfc84e752717ab5a342a2f279ae547c438aeef8de26b3eff1b4a907dff,,ok,,2026-09-28T17:55:35Z,config/local_paths.yaml:literature_corpus_root
LIT-000027,12041100.json,12041100.json,.json,54407,5b4df271e0d277b0bf0069f3330bc5df7e33654b020ef70bfbd15b7899ed09fc,,ok,,2026-09-28T17:55:35Z,config/local_paths.yaml:literature_corpus_root
LIT-000028,120624700.json,120624700.json,.json,23558,21ac7e92252c36d16c17cc73f877ef30c9216ee181126946a7eae85ab5678e07,,ok,,2026-09-28T17:55:35Z,config/local_paths.yaml:literature_corpus_root
LIT-000029,122143700.json,122143700.json,.json,24581,04358c0870ef30c380ea8a7a3be1f4f10e6168d37ac3d2e80473cec2a43acedd,,ok,,2026-09-28T17:55:35Z,config/local_paths.yaml:literature_corpus_root
LIT-000030,122543500.json,122543500.json,.json,52022,171877499fc23eedb4f9bc0b03b7b2168054695ce49b881de8bb7f97cedaadd8,,ok,,2026-09-28T17:55:35Z,config/local_paths.yaml:literature_corpus_root
LIT-000031,122734800.json,122734800.json,.json,28662,bf97a10f2d970c491227ff8158f6a9cf59acad135c5729086c9b09a1ff4ffc1e,,ok,,2026-09-28T17:55:35Z,config/local_paths.yaml:literature_corpus_root
LIT-000032,122959900.json,122959900.json,.json,35056,5aa06ec39f84dfeaeaba4d759affb1b04452a12e9d903be680b57a03393aed5f,,ok,,2026-09-28T17:55:35Z,config/local_paths.yaml:literature_corpus_root
LIT-000033,12296100.json,12296100.json,.json,30302,5baa08ed3f5f1067b56b846e5fc5dca60583ab4b357eae207efd20b8a7cfa1de,,ok,,2026-09-28T17:55:35Z,config/local_paths.yaml:literature_corpus_root
LIT-000034,124541300.json,124541300.json,.json,56624,a323ddeab69bd18cd276bdf55a8cdbe16e6728e8806f47de05e7b854bf2baa7e,,ok,,2026-09-28T17:55:35Z,config/local_paths.yaml:literature_corpus_root
LIT-000035,124853500.json,124853500.json,.json,18569,5221c9b48e28746da6ba9ba577a3976f09a9857f8e0e877fe4981b35e58527a3,,ok,,2026-09-28T17:55:35Z,config/local_paths.yaml:literature_corpus_root
LIT-000036,12537600.json,12537600.json,.json,21762,ad8e13ced435052889134f7311e33ed1c0130ab86c22191907cba14deeb6d3a3,,ok,,2026-09-28T17:55:35Z,config/local_paths.yaml:literature_corpus_root
LIT-000037,12538500.json,12538500.json,.json,11161,aec4aba7d446fa64919ab1ab9a66fef257445f50085159041628ed12bcb8cfe9,,ok,,2026-09-28T17:55:35Z,config/local_paths.yaml:literature_corpus_root
LIT-000038,125413600.json,125413600.json,.json,34792,a995b5ced30a555eea44217e214e5741b9d57c7a973ef969b53eabe0df8cac5e,,ok,,2026-09-28T17:55:35Z,config/local_paths.yaml:literature_corpus_root
LIT-000039,125743400.json,125743400.json,.json,24882,e9657498b6bf2d91aa2aeb9ec2b4cc1488803d6e2bd1764c7ad8f23ed3236d78,,ok,,2026-09-28T17:55:35Z,config/local_paths.yaml:literature_corpus_root
LIT-000040,12577700.json,12577700.json,.json,44798,e02662ad0c23a5fc0593f1eeca657474fc1b3298e897470f7bd2d6d5d601b9e8,,ok,,2026-09-28T17:55:35Z,config/local_paths.yaml:literature_corpus_root
LIT-000041,125907900.json,125907900.json,.json,53486,422dbc3bcd0d7fefbae9e644578b034598d560d6afb67ebc59b6d7a5b96fdfc2,,ok,,2026-09-28T17:55:35Z,config/local_paths.yaml:literature_corpus_root
LIT-000042,126038700.json,126038700.json,.json,42052,23de074985a7d93ea421b9bcf3321be9d578dd2da3db2942f5fe89430461bb2c,,ok,,2026-09-28T17:55:35Z,config/local_paths.yaml:literature_corpus_root
LIT-000043,12643600.json,12643600.json,.json,35414,9068a0e98e22bec6b2eb4ec91444a546e72cc41586e794a610f1cdb107006ead,,ok,,2026-09-28T17:55:35Z,config/local_paths.yaml:literature_corpus_root
LIT-000044,12787600.json,12787600.json,.json,20381,aef4e469d2db1b588f9a78d7cfceedcdb71cd2df22e74311f2cfe94401652c3c,,ok,,2026-09-28T17:55:35Z,config/local_paths.yaml:literature_corpus_root
LIT-000045,127938700.json,127938700.json,.json,36396,fb33fa4edd2a17b53d036bffed987039c9e4c8e28f0c4d00a197852552d9b194,,ok,,2026-09-28T17:55:35Z,config/local_paths.yaml:literature_corpus_root
LIT-000046,128429000.json,128429000.json,.json,37499,c1b5e32372566b5d686074f214f4875d91fed662b1ddbb83c55b6348b6723d55,,ok,,2026-09-28T17:55:35Z,config/local_paths.yaml:literature_corpus_root
LIT-000047,128565300.json,128565300.json,.json,28651,dbe7db68e3f6a1fb4b0c72aac443ee76eb3aa042e6c5d9e01cf9e2c827dee758,,ok,,2026-09-28T17:55:35Z,config/local_paths.yaml:literature_corpus_root
LIT-000048,128616300.json,128616300.json,.json,17785,62e75d4b49cfc90fbde78a90fd9d671ad46e5c5b0a43e9d04a73e241031b8b8c,,ok,,2026-09-28T17:55:35Z,config/local_paths.yaml:literature_corpus_root
LIT-000049,128725900.json,128725900.json,.json,40457,ed50cc47303a98b721c7005b9296adaaf214e5f834cfb45685988e6166a34643,,ok,,2026-09-28T17:55:35Z,config/local_paths.yaml:literature_corpus_root
LIT-000050,128868900.json,128868900.json,.json,33133,9d27ffdb3dd304a7842b54471054b95a4ab0574de110e44de9ebbdef873b6438,,ok,,2026-09-28T17:55:35Z,config/local_paths.yaml:literature_corpus_root
LIT-000051,128993400.json,128993400.json,.json,79385,db4100a7c71b6ec55ff624ea35e01170f6d9cad444ca92bd4a9435d70844e6a4,,ok,,2026-09-28T17:55:35Z,config/local_paths.yaml:literature_corpus_root
LIT-000052,129163200.json,129163200.json,.json,40547,20973fae7aa6dff9ecda290a417aa6122e58f0f446bae1b927a6f6e03d193060,,ok,,2026-09-28T17:55:35Z,config/local_paths.yaml:literature_corpus_root
LIT-000053,129369200.json,129369200.json,.json,21627,9aa5166d43f5dfc1776d7150598e226db653b4fc7e37ed1f57781c48421f4434,,ok,,2026-09-28T17:55:35Z,config/local_paths.yaml:literature_corpus_root
LIT-000054,129377200.json,129377200.json,.json,20484,d8df0c33f21aedc951e7adc58c94f9d093b2bf9c48f4cf0eb4ea1109a675bbc6,,ok,,2026-09-28T17:55:35Z,config/local_paths.yaml:literature_corpus_root
LIT-000055,12951800.json,12951800.json,.json,27560,afb283590df81bf6d604e414cc07db1566154d5bd807a47d8e0e192c62868d6f,,ok,,2026-09-28T17:55:35Z,config/local_paths.yaml:literature_corpus_root
LIT-000056,129553000.json,129553000.json,.json,25611,077bb917bc811c812fea16e3ad7663f07e8b47447f5ec5554a2754ab3dbfd81d,,ok,,2026-09-28T17:55:35Z,config/local_paths.yaml:literature_corpus_root
LIT-000057,129678800.json,129678800.json,.json,46439,cb4069b7407211bd6a1f8ee81aad7cdef9dd8610d6d420286c164915f3e09582,,ok,,2026-09-28T17:55:35Z,config/local_paths.yaml:literature_corpus_root
LIT-000058,129858900.json,129858900.json,.json,26559,1b0c8340e1a333a23ae3e63c1364dca3a94b23986b36065c2b4fbd70637b8575,,ok,,2026-09-28T17:55:35Z,config/local_paths.yaml:literature_corpus_root
LIT-000059,129946700.json,129946700.json,.json,18800,935c2502b732cd8d9fc963de3933c5bfd8e1440f6fb2ef203f165955be709c77,,ok,,2026-09-28T17:55:35Z,config/local_paths.yaml:literature_corpus_root
LIT-000060,130041100.json,130041100.json,.json,53392,f738cdf72e350f8c5c0edd6c6130898c151e11fb80dbe92c3bb0fc59f37d9a04,,ok,,2026-09-28T17:55:35Z,config/local_paths.yaml:literature_corpus_root
LIT-000061,130324700.json,130324700.json,.json,7783,e7eaca87657f7600ea35bfec95511dbc7d639ff401a323e9b0d4c0b6c48adbb5,,ok,,2026-09-28T17:55:35Z,config/local_paths.yaml:literature_corpus_root
LIT-000062,130530400.json,130530400.json,.json,11971,d7e311938f72fb2cbcdc9f16cf748b239a31b698bb981201bb987025ffe6a741,,ok,,2026-09-28T17:55:35Z,config/local_paths.yaml:literature_corpus_root
LIT-000063,130612700.json,130612700.json,.json,71394,0f6a79fc1b50bd6ef7bd316692c8a0e95c8adf17825097bc2e9a01a054a814bc,,ok,,2026-09-28T17:55:35Z,config/local_paths.yaml:literature_corpus_root
LIT-000064,130629400.json,130629400.json,.json,31148,b29d26b695dbd9509b9b680389aee8924e8e04159f17270526bc443505af54fa,,ok,,2026-09-28T17:55:35Z,config/local_paths.yaml:literature_corpus_root
LIT-000065,131317000.json,131317000.json,.json,20821,1ab34740212816ab09632b79d77d6887f4b6b4e72d492e9d9f5e0c3d3c84ce7e,,ok,,2026-09-28T17:55:35Z,config/local_paths.yaml:literature_corpus_root
LIT-000066,1313200.json,1313200.json,.json,36178,e37bbc7db4854d464bc4f9c3ff2d953485ebacfcbb1abf0ce4c09dff88d4bccd,,ok,,2026-09-28T17:55:35Z,config/local_paths.yaml:literature_corpus_root
LIT-000067,131404400.json,131404400.json,.json,54070,e52ab9acfbf591dc29176dbc197e592d82417d5d079ea8873eb66f53c4bd8748,,ok,,2026-09-28T17:55:35Z,config/local_paths.yaml:literature_corpus_root
LIT-000068,131678700.json,131678700.json,.json,29114,985ba1bd654f869c96fcd9ba1ec7a6751f2272ab8e71006cc74ce541df540351,,ok,,2026-09-28T17:55:35Z,config/local_paths.yaml:literature_corpus_root
LIT-000069,131975100.json,131975100.json,.json,30653,db6c62fd90bfb3eed51980b4e403e2323eba7ca74833332c7e38a7ee1208f893,,ok,,2026-09-28T17:55:35Z,config/local_paths.yaml:literature_corpus_root
LIT-000070,132244100.json,132244100.json,.json,27141,3011f32787a774918bc24863a473735e68b7fc34b48e5e5aca2499eeb2a962f8,,ok,,2026-09-28T17:55:35Z,config/local_paths.yaml:literature_corpus_root
LIT-000071,132275500.json,132275500.json,.json,17275,50f06e77ad63421da3aa88b6723209d0601d61d91c46749ee878897f84945034,,ok,,2026-09-28T17:55:35Z,config/local_paths.yaml:literature_corpus_root
LIT-000072,132493600.json,132493600.json,.json,29567,6ed08dcd6b20628be8fc696c2bc93e3b3e55368d33f44beb1c5c010affcfe7d6,,ok,,2026-09-28T17:55:35Z,config/local_paths.yaml:literature_corpus_root
LIT-000073,132574800.json,132574800.json,.json,9380,f420be1a4661c4f5cef2b33e0433613e3d706b789fc8fa3eeb48167486b52592,,ok,,2026-09-28T17:55:35Z,config/local_paths.yaml:literature_corpus_root
LIT-000074,13273000.json,13273000.json,.json,39863,5e6fe02d36d01cfb4a15b2afdcb66654f161d05321e6ee5a5ee7424c82e12a69,,ok,,2026-09-28T17:55:35Z,config/local_paths.yaml:literature_corpus_root
LIT-000075,132830000.json,132830000.json,.json,42289,b22c8d6e0238862231d8d1fa5f81cc1bc2cda1eed674b0bb8de7075253202223,,ok,,2026-09-28T17:55:35Z,config/local_paths.yaml:literature_corpus_root
LIT-000076,132995300.json,132995300.json,.json,38314,bffd4c9022de3863a6ee39f9693f5cacaa0aec5e33e71af548e3facdb4349a8b,,ok,,2026-09-28T17:55:35Z,config/local_paths.yaml:literature_corpus_root
LIT-000077,133168100.json,133168100.json,.json,20889,6dbf721ce70e07267d1ed8ff25fc34a93d35914b858c71c4f1e2f7b489bc438b,,ok,,2026-09-28T17:55:35Z,config/local_paths.yaml:literature_corpus_root
LIT-000078,133200200.json,133200200.json,.json,19686,cae8195e557e010d7a9554ccffa347efcca0861a8127ebd5a957cb3e3f2c6cc6,,ok,,2026-09-28T17:55:35Z,config/local_paths.yaml:literature_corpus_root
LIT-000079,133284400.json,133284400.json,.json,13327,0b1215d22205233bf2595bbb458dc2a4dfa0b876c3181aa41879744dbc8f7077,,ok,,2026-09-28T17:55:35Z,config/local_paths.yaml:literature_corpus_root
LIT-000080,133421800.json,133421800.json,.json,44276,7bfef474c8412d52bf93dbc0639f1466ca2e17023bf499a0cda61ec85a4ad55b,,ok,,2026-09-28T17:55:35Z,config/local_paths.yaml:literature_corpus_root
LIT-000081,133521200.json,133521200.json,.json,59456,501eea58a39197c6e07dc6bd2265615e197117230482f5eb8ebc4ec0c8866c6a,,ok,,2026-09-28T17:55:35Z,config/local_paths.yaml:literature_corpus_root
LIT-000082,133521400.json,133521400.json,.json,41052,6f11bfbe8857a5e08f09902a5c8710d85b7b4ad29d157f9f19ec087fd0b81471,,ok,,2026-09-28T17:55:35Z,config/local_paths.yaml:literature_corpus_root
LIT-000083,133547100.json,133547100.json,.json,32311,4f7906f4cace66827b27cafc24459b90c9e49bd579a56b1be0f72100bf911543,,ok,,2026-09-28T17:55:35Z,config/local_paths.yaml:literature_corpus_root
LIT-000084,133567300.json,133567300.json,.json,47866,7480ff47ef31e3c8d50f4861f03ae6568d8ef74f043b92f1357fac357c9c2442,,ok,,2026-09-28T17:55:35Z,config/local_paths.yaml:literature_corpus_root
LIT-000085,133603800.json,133603800.json,.json,36932,8fbcc5b154dd5eacbec0f3f78de41591f54855e5c3e5d23770e4ea5d4ddebdda,,ok,,2026-09-28T17:55:35Z,config/local_paths.yaml:literature_corpus_root
LIT-000086,133660500.json,133660500.json,.json,25387,818c0d8c55be46fdb006f2653ec7149c70658001826d5c063686b1ec50d959a4,,ok,,2026-09-28T17:55:35Z,config/local_paths.yaml:literature_corpus_root
LIT-000087,133707600.json,133707600.json,.json,40304,c074ef1c57bc0c63a67bba727e8f4a1760d0311cd6b40921febaf50820ba0b7e,,ok,,2026-09-28T17:55:35Z,config/local_paths.yaml:literature_corpus_root
LIT-000088,13372500.json,13372500.json,.json,46263,2594ad3e454b5d3df83bf7cd15b3dd8cd9f172221048ddf17915c8b5ecd2b197,,ok,,2026-09-28T17:55:35Z,config/local_paths.yaml:literature_corpus_root
LIT-000089,133771600.json,133771600.json,.json,29093,ece3c2a4adf87970eec775b55790ac7d934eb0651289d97f382d752f693a1c71,,ok,,2026-09-28T17:55:35Z,config/local_paths.yaml:literature_corpus_root
LIT-000090,133775700.json,133775700.json,.json,42083,803b0e0426b36c721451b367505640b3eee600c712cdbf45d255a50c2e94dce3,,ok,,2026-09-28T17:55:35Z,config/local_paths.yaml:literature_corpus_root
LIT-000091,133829400.json,133829400.json,.json,21413,e6b66fc6ce4fb09cdeeff6b3a0f0618d99ac4a1f77cf7d2ce7c5add725ca52dd,,ok,,2026-09-28T17:55:35Z,config/local_paths.yaml:literature_corpus_root
LIT-000092,133834900.json,133834900.json,.json,78443,cd234502e50fc85f9a98028ccf9ab4470bd8ad3216255cbbb344c6bac0bbf6db,,ok,,2026-09-28T17:55:35Z,config/local_paths.yaml:literature_corpus_root
LIT-000093,133838600.json,133838600.json,.json,21582,0d64e42c965ba53fbc0c18d137c27d7b4f074f9ac012a3f6ae83fb89f41cbe5f,,ok,,2026-09-28T17:55:35Z,config/local_paths.yaml:literature_corpus_root
LIT-000094,133838800.json,133838800.json,.json,24215,468246158f34e100c9985902de87b12e35ee0842b6f201e6634602faf14ec59b,,ok,,2026-09-28T17:55:35Z,config/local_paths.yaml:literature_corpus_root
LIT-000095,133873700.json,133873700.json,.json,15163,0b2ace06c509d0eabc4e6df16f8619e8366be47a92584b668866ceb7cb03c9d4,,ok,,2026-09-28T17:55:35Z,config/local_paths.yaml:literature_corpus_root
LIT-000096,133900400.json,133900400.json,.json,49225,6b53e9fff9b7cb712c718c24ea5bdea9a6c0f2b904fe6005d3867ae5b49702f3,,ok,,2026-09-28T17:55:35Z,config/local_paths.yaml:literature_corpus_root
LIT-000097,133905300.json,133905300.json,.json,31571,a642cc13b9e38636d0a80d7d1a009cee1258fd10f527b6282a2bd0e2f21ceeff,,ok,,2026-09-28T17:55:35Z,config/local_paths.yaml:literature_corpus_root
LIT-000098,133910500.json,133910500.json,.json,38620,88e69df6805eed761aa47aa5d81c66823ea4c1ba4a27f3410f53dc584d2bd3a0,,ok,,2026-09-28T17:55:35Z,config/local_paths.yaml:literature_corpus_root
LIT-000099,133923800.json,133923800.json,.json,39509,4ce32deb8ef7775857d4f300f0f704cb1273827499c092b4fddeedf3cf126085,,ok,,2026-09-28T17:55:35Z,config/local_paths.yaml:literature_corpus_root
LIT-000100,133924200.json,133924200.json,.json,79325,c6e3daed26f0723fb460e73632d95a16fd02a36c2f79b70a782bb84db6cfc8d5,,ok,,2026-09-28T17:55:35Z,config/local_paths.yaml:literature_corpus_root
LIT-000101,133934300.json,133934300.json,.json,81473,42c12975ba9d71e2f758a0a277c5041459545218c14d0002f8d20bf2df8d4a83,,ok,,2026-09-28T17:55:35Z,config/local_paths.yaml:literature_corpus_root
LIT-000102,133944300.json,133944300.json,.json,20293,c3bce2625048a90f410c88a144945147cadb0979e50e2d34515cb61c8d89e4d8,,ok,,2026-09-28T17:55:35Z,config/local_paths.yaml:literature_corpus_root
LIT-000103,133944500.json,133944500.json,.json,28910,929f2af8afa97a4ab6ab39d093f1bd8e01f44fdf9dd99b2a4f55f27e2a6ce931,,ok,,2026-09-28T17:55:35Z,config/local_paths.yaml:literature_corpus_root
LIT-000104,133969200.json,133969200.json,.json,56031,4303898566543c782afbf8bad59ebb3c1a013bcf3ed818b41b981505c756849e,,ok,,2026-09-28T17:55:35Z,config/local_paths.yaml:literature_corpus_root
LIT-000105,133972400.json,133972400.json,.json,56743,22d02793d72386b3d15bb6dad29ad39fc4cf72e0078a1acbdc3d13759f34af69,,ok,,2026-09-28T17:55:35Z,config/local_paths.yaml:literature_corpus_root
LIT-000106,134003400.json,134003400.json,.json,31891,2f2e559af1668a36492742fbd86d46de57ef8c5a646a73b883d61c8aa2de51ca,,ok,,2026-09-28T17:55:35Z,config/local_paths.yaml:literature_corpus_root
LIT-000107,134044000.json,134044000.json,.json,18224,c12845d25a8717ff9b9177a7b2ed81b913e4219de67f03194f8ae639db932cce,,ok,,2026-09-28T17:55:35Z,config/local_paths.yaml:literature_corpus_root
LIT-000108,134101500.json,134101500.json,.json,33067,ca0f94998c690711002930d55a06c10fa90c237d697e3bb9d720925073835c6c,,ok,,2026-09-28T17:55:35Z,config/local_paths.yaml:literature_corpus_root
LIT-000109,134134300.json,134134300.json,.json,52350,6f58651a34f23a290215bdbade2a9e313baa0c4c833557fd9ac0a003e90b0f61,,ok,,2026-09-28T17:55:35Z,config/local_paths.yaml:literature_corpus_root
LIT-000110,134146600.json,134146600.json,.json,17461,ceb89607a3a63704c682e70f0da5a57dabd7351cf7a1677289445ff7fad16642,,ok,,2026-09-28T17:55:35Z,config/local_paths.yaml:literature_corpus_root
LIT-000111,134203200.json,134203200.json,.json,11588,f81232bf87c3c7afad1c4a1c92ad7d201e64518aa0c01944330fb89e3bca72c4,,ok,,2026-09-28T17:55:35Z,config/local_paths.yaml:literature_corpus_root
LIT-000112,134208200.json,134208200.json,.json,15538,40575886d2318475a3d56866b4843feb863aaeac9d68843592b11b7facefdcf0,,ok,,2026-09-28T17:55:35Z,config/local_paths.yaml:literature_corpus_root
LIT-000113,134209000.json,134209000.json,.json,12529,6efddbf3746a07a252c72fd224b30ebe2ebc866211b8a20bdf91b07abc47446d,,ok,,2026-09-28T17:55:35Z,config/local_paths.yaml:literature_corpus_root
LIT-000114,134262800.json,134262800.json,.json,26309,d503fcbe41bacfb9873d5deb647024014a8bdafd16dd928851ca8f1291eddb34,,ok,,2026-09-28T17:55:35Z,config/local_paths.yaml:literature_corpus_root
LIT-000115,134293200.json,134293200.json,.json,10734,5e85960996a5e1278f5af056a1cb1ce7449b1150718ae90ac8bf73658d690b33,,ok,,2026-09-28T17:55:35Z,config/local_paths.yaml:literature_corpus_root
LIT-000116,134337600.json,134337600.json,.json,39220,b51a659cdd578be0cfe5ec941d08d66b617435233fbc2fec9a428a5e5327374a,,ok,,2026-09-28T17:55:35Z,config/local_paths.yaml:literature_corpus_root
LIT-000117,134349000.json,134349000.json,.json,7030,c69d7dcd73218c18b1b88909a54c741c0b45c637cd7f1a090ef388c9979c04f0,,ok,,2026-09-28T17:55:35Z,config/local_paths.yaml:literature_corpus_root
LIT-000118,134375000.json,134375000.json,.json,19965,58bd871e6a27addd1f74623ce345573e317ecc00a5b0c1a796d60bdcacd43c1a,,ok,,2026-09-28T17:55:35Z,config/local_paths.yaml:literature_corpus_root
LIT-000119,134378000.json,134378000.json,.json,51285,819b35c86ef978e16e9e88691e116308f4c38724e24eb3b05cb9d259ff1e3d7b,,ok,,2026-09-28T17:55:35Z,config/local_paths.yaml:literature_corpus_root
LIT-000120,134378300.json,134378300.json,.json,41102,3e64f27e4ddc50d22bbcf3cfbf1ab95c1d875d68d71395375c442463fb4424e4,,ok,,2026-09-28T17:55:35Z,config/local_paths.yaml:literature_corpus_root
LIT-000121,134382900.json,134382900.json,.json,69103,31cb2126de8f936bbe4eb6ad90805e2e984fba79c511471d70adf1bde59acee2,,ok,,2026-09-28T17:55:35Z,config/local_paths.yaml:literature_corpus_root
LIT-000122,134469900.json,134469900.json,.json,35030,575c23a2e58f53ecafe7b10a774e6b237522b79a37ccb3f5d5634e7858d73ab3,,ok,,2026-09-28T17:55:35Z,config/local_paths.yaml:literature_corpus_root
LIT-000123,1344700.json,1344700.json,.json,53742,ff40c1bbe51e7e667517d5544fa2023e68ccd3fcfd0361ab10702375d18cdc31,,ok,,2026-09-28T17:55:35Z,config/local_paths.yaml:literature_corpus_root
LIT-000124,134521500.json,134521500.json,.json,10993,c34bb06cbc941a7099df74ab4be4779b463bee79299e7aeff822f8aba121feeb,,ok,,2026-09-28T17:55:35Z,config/local_paths.yaml:literature_corpus_root
LIT-000125,134527200.json,134527200.json,.json,30851,c943e71dcbe212dd55fc26be791d11ad81049af7d1d9d43909b9d46c44986c28,,ok,,2026-09-28T17:55:35Z,config/local_paths.yaml:literature_corpus_root
LIT-000126,134549700.json,134549700.json,.json,18218,aa517bea18a37caa35eb80f97ca2bc768f7da47e90cdb76dc55e9de09a7ddc3c,,ok,,2026-09-28T17:55:35Z,config/local_paths.yaml:literature_corpus_root
LIT-000127,134556000.json,134556000.json,.json,25242,2ed8c9cd801921a46583bdc75568736f0b772e22d337aec31bc2a35139995741,,ok,,2026-09-28T17:55:35Z,config/local_paths.yaml:literature_corpus_root
LIT-000128,134589000.json,134589000.json,.json,27294,858a104bc91db41aaac485ae87c3ba2e3cf1cd784d347a21e1273face951fab3,,ok,,2026-09-28T17:55:35Z,config/local_paths.yaml:literature_corpus_root
LIT-000129,134594800.json,134594800.json,.json,62765,5a354a7999d3f12aabd334185c662e0966d072338f47ce50c5ec8ceea73bf335,,ok,,2026-09-28T17:55:35Z,config/local_paths.yaml:literature_corpus_root
LIT-000130,134644800.json,134644800.json,.json,13037,27d549617be3f8d4f24a6177ff3431342ba6a9a26fa01d5abe998f99013d05bb,,ok,,2026-09-28T17:55:35Z,config/local_paths.yaml:literature_corpus_root
LIT-000131,134663300.json,134663300.json,.json,13986,f20716c70fc74720039ff94895f36e7da99cb979e8e21d52c3fe9c947f75ba14,,ok,,2026-09-28T17:55:35Z,config/local_paths.yaml:literature_corpus_root
LIT-000132,134680600.json,134680600.json,.json,27422,97b91254d3154572b272efdd15769e3d957c5c2b5676fc081511f8ba2b2e24f0,,ok,,2026-09-28T17:55:35Z,config/local_paths.yaml:literature_corpus_root
LIT-000133,134705500.json,134705500.json,.json,132322,d0ab8cac60a5cb87996a28a3acb929a392968c7620aaa7bf39e7b938b055b89f,,ok,,2026-09-28T17:55:35Z,config/local_paths.yaml:literature_corpus_root
LIT-000134,134735400.json,134735400.json,.json,13376,a2450d57a6627309eff46fa35c11366ce9cc3c3339a0ea8de5239d49a98e2393,,ok,,2026-09-28T17:55:35Z,config/local_paths.yaml:literature_corpus_root
LIT-000135,134775900.json,134775900.json,.json,12402,0c030ef707b3f53dc8f582d8c7085d09ff53e1d1f90caf04ff050cffe43878e5,,ok,,2026-09-28T17:55:35Z,config/local_paths.yaml:literature_corpus_root
LIT-000136,134818700.json,134818700.json,.json,47692,b0f1e0f43726432fa9ca848abcba52619a19d13e4c3a1f41f35a7e89b9dd319b,,ok,,2026-09-28T17:55:35Z,config/local_paths.yaml:literature_corpus_root
LIT-000137,134834800.json,134834800.json,.json,71598,a39794706ba30cdd310d98fba617283c39ca7fd4400878f08e12c26b1033d012,,ok,,2026-09-28T17:55:35Z,config/local_paths.yaml:literature_corpus_root
LIT-000138,134871500.json,134871500.json,.json,24678,bb8e695dba27cb309e7f1dba4bc4609a1abaccea71f65044d6a700e7704e7038,,ok,,2026-09-28T17:55:35Z,config/local_paths.yaml:literature_corpus_root
LIT-000139,134876000.json,134876000.json,.json,28315,13ff48951c36681d97f557ac323f8a9d810743f8b07efe81b7300c209511b02f,,ok,,2026-09-28T17:55:35Z,config/local_paths.yaml:literature_corpus_root
LIT-000140,134883800.json,134883800.json,.json,51871,9aea9a1ff9f8086ca083571efd0b45876bd305f0a5a17e464205e370979eac82,,ok,,2026-09-28T17:55:35Z,config/local_paths.yaml:literature_corpus_root
LIT-000141,134938400.json,134938400.json,.json,39605,8d899c713b006efdd9574d2bdf75851331fc0409328aec823154b574adbbe27d,,ok,,2026-09-28T17:55:35Z,config/local_paths.yaml:literature_corpus_root
LIT-000142,134983900.json,134983900.json,.json,36387,3c804b815277d8ba6f271e1692b2329ad0130ef46af89bef68a32d307ca7c9ed,,ok,,2026-09-28T17:55:35Z,config/local_paths.yaml:literature_corpus_root
LIT-000143,135006900.json,135006900.json,.json,43324,d7150bfd904f9285bc48d0f44bd998da1fd4ac07042718e0115d3cdaf5ec5194,,ok,,2026-09-28T17:55:35Z,config/local_paths.yaml:literature_corpus_root
LIT-000144,13501400.json,13501400.json,.json,30628,47be043e33fa150225f6632cb3fb07c389520db43ef25e1db57b267beee0630d,,ok,,2026-09-28T17:55:35Z,config/local_paths.yaml:literature_corpus_root
LIT-000145,135049200.json,135049200.json,.json,34400,284d454598ed46a2340763af715f46f6e541556674192060a1a7687c779b3df7,,ok,,2026-09-28T17:55:35Z,config/local_paths.yaml:literature_corpus_root
LIT-000146,135107700.json,135107700.json,.json,11581,946001a8c76271e1c078350f2def3cffbaa79bbde637f44cbf53ce580ed3ab3d,,ok,,2026-09-28T17:55:35Z,config/local_paths.yaml:literature_corpus_root
LIT-000147,135139400.json,135139400.json,.json,29458,0b568d8a774edc99ce8351b588f15c3c898b98e37ea5579cd716147dbc34a7ed,,ok,,2026-09-28T17:55:35Z,config/local_paths.yaml:literature_corpus_root
LIT-000148,135156600.json,135156600.json,.json,24020,ab4a47afcd65df2148815578af953536be6cc7ba7f14723558fb09b749438afa,,ok,,2026-09-28T17:55:35Z,config/local_paths.yaml:literature_corpus_root
LIT-000149,135190400.json,135190400.json,.json,56589,05b7e8812bdc4e23fcc4787ca50321a6fb777073b5312acc9186f8e30b96384c,,ok,,2026-09-28T17:55:35Z,config/local_paths.yaml:literature_corpus_root
LIT-000150,135204000.json,135204000.json,.json,13550,34b51df45df5378e832eaf519e3a49f58991c21dfe00600146292535aa4a8824,,ok,,2026-09-28T17:55:35Z,config/local_paths.yaml:literature_corpus_root
LIT-000151,135456600.json,135456600.json,.json,13071,e1421f503f68e43e9fd5d63b0262e59c637d9f8cfc0a24d1d9d34aa6b537484c,,ok,,2026-09-28T17:55:35Z,config/local_paths.yaml:literature_corpus_root
LIT-000152,13737800.json,13737800.json,.json,37912,49724fa8752541ae2cc733df365dc184abb726f97eb90313f828b470e46ec2aa,,ok,,2026-09-28T17:55:35Z,config/local_paths.yaml:literature_corpus_root
LIT-000153,13793000.json,13793000.json,.json,84505,653319125ca2e787f2774d498048d5b41d9d3f945ea41c67f639008e1507c774,,ok,,2026-09-28T17:55:35Z,config/local_paths.yaml:literature_corpus_root
LIT-000154,13881500.json,13881500.json,.json,118740,a3e3594aeffbe279537fa58e8763ba0986fdbf5b772e6d6ffbc8309b5faa7894,,ok,,2026-09-28T17:55:35Z,config/local_paths.yaml:literature_corpus_root
LIT-000155,140072300.json,140072300.json,.json,44408,024d1f2a8805dd4f474ba28f03e9439ce0fa1c918e934da766357c9948310e10,,ok,,2026-09-28T17:55:35Z,config/local_paths.yaml:literature_corpus_root
LIT-000156,140581900.json,140581900.json,.json,23320,34481f413ca732bf45eb34a2167afab55c54c4dc970b2fe27c4176c125a74fa4,,ok,,2026-09-28T17:55:35Z,config/local_paths.yaml:literature_corpus_root
LIT-000157,140583900.json,140583900.json,.json,20910,f74a224966e1757f4c9687c070c3223473c8b048683655bfe03843953cca9eb6,,ok,,2026-09-28T17:55:35Z,config/local_paths.yaml:literature_corpus_root
LIT-000158,140670300.json,140670300.json,.json,13582,1fa10dc8ea9abaa5e4804296fc1c2d69c59723c4827a3eac787d14c548c001b6,,ok,,2026-09-28T17:55:35Z,config/local_paths.yaml:literature_corpus_root
LIT-000159,14085500.json,14085500.json,.json,38323,fa16cb23b928ed6c3cf0c4bef231d2780e9c5b6b5aa6c95c20d5595e1bf0760a,,ok,,2026-09-28T17:55:35Z,config/local_paths.yaml:literature_corpus_root
LIT-000160,14144300.json,14144300.json,.json,63118,8f3aac743c2734ac0459f497372cc0ce11c627d3e0552df3bf85729fe84c2984,,ok,,2026-09-28T17:55:35Z,config/local_paths.yaml:literature_corpus_root
LIT-000161,14165500.json,14165500.json,.json,40611,70e44e896d0fc7b626b57ae1dc6ce3ae00b78baad5938a0e66809f921cf33c16,,ok,,2026-09-28T17:55:35Z,config/local_paths.yaml:literature_corpus_root
LIT-000162,14186200.json,14186200.json,.json,51502,62e9abe722a95658163122fee10d86f23ec83a307d6b25c062f6a4f180b3ff5f,,ok,,2026-09-28T17:55:35Z,config/local_paths.yaml:literature_corpus_root
LIT-000163,14199100.json,14199100.json,.json,57640,8749d2de97a5e77732e5f0367bc197bca7cd1688fee9b2da55c2b1e1910861b2,,ok,,2026-09-28T17:55:35Z,config/local_paths.yaml:literature_corpus_root
LIT-000164,14243000.json,14243000.json,.json,33462,cfdbfdbba77d0f8ac5aa8ff981930157b42c1b3c5bf00bfd459b56c67a9639f2,,ok,,2026-09-28T17:55:35Z,config/local_paths.yaml:literature_corpus_root
LIT-000165,14288800.json,14288800.json,.json,22243,f4af71bd0de9b98abfd7902e0cf04c1ab14691a33a020cf585477d0a029bfb85,,ok,,2026-09-28T17:55:35Z,config/local_paths.yaml:literature_corpus_root
LIT-000166,14300.json,14300.json,.json,49948,d63010c65b1955f330d76d9bf6c51e4114248a3e261af1b5160d40095a5fb594,,ok,,2026-09-28T17:55:35Z,config/local_paths.yaml:literature_corpus_root
LIT-000167,14400100.json,14400100.json,.json,31082,adc5318fd4cc9d9dee9e0bb1907bcc44be01231478d31152255d9cd487e63224,,ok,,2026-09-28T17:55:35Z,config/local_paths.yaml:literature_corpus_root
LIT-000168,14518800.json,14518800.json,.json,44537,8d7990ff7ca8c4e04f952894acd6481162efa4649bee2fc3bbb08a67643a58f5,,ok,,2026-09-28T17:55:35Z,config/local_paths.yaml:literature_corpus_root
LIT-000169,14539200.json,14539200.json,.json,103983,b28b48830c00f6140cac0a83bb2e579661e0e55dff48d79326a515232d7cb034,,ok,,2026-09-28T17:55:35Z,config/local_paths.yaml:literature_corpus_root
LIT-000170,146059200.json,146059200.json,.json,35272,417e90eedc486d727d31c3f7f6b33ce8929c7bfebeeb314c43a292099785d7df,,ok,,2026-09-28T17:55:35Z,config/local_paths.yaml:literature_corpus_root
LIT-000171,146468800.json,146468800.json,.json,44092,1b6489cd94928532599457a18eed06dc539dd1e7416a7834c28a986735f3764e,,ok,,2026-09-28T17:55:35Z,config/local_paths.yaml:literature_corpus_root
LIT-000172,146544900.json,146544900.json,.json,33498,8746325edf9c210d45bf685743017dfe397af6c4f1e7ed3e62382a8a17f0cb41,,ok,,2026-09-28T17:55:35Z,config/local_paths.yaml:literature_corpus_root
LIT-000173,146756300.json,146756300.json,.json,40306,e07b2dfb4bb42c9050fbdcb2fb7cac38ad3c1393a6ae7a8569b4d7a9c7609efa,,ok,,2026-09-28T17:55:35Z,config/local_paths.yaml:literature_corpus_root
LIT-000174,14696900.json,14696900.json,.json,13230,16e9555014fa318b075d8688f0f6e5427236e7ba17d64129162225003b30439d,,ok,,2026-09-28T17:55:35Z,config/local_paths.yaml:literature_corpus_root
LIT-000175,148958100.json,148958100.json,.json,47137,fcff8e68a650352f0ec23248cceab6e2a1b9aab604a8e6bacff96a104411ce81,,ok,,2026-09-28T17:55:35Z,config/local_paths.yaml:literature_corpus_root
LIT-000176,14926700.json,14926700.json,.json,37969,0167a8d0dec0398e87a23a383e35730b39dd2dc39834d86114d90e4f07c36571,,ok,,2026-09-28T17:55:35Z,config/local_paths.yaml:literature_corpus_root
LIT-000177,149282900.json,149282900.json,.json,47687,0cc57e35bd3fd5342700e5f5ba646f76b9c584fa6931be2c2b9853174c0c7298,,ok,,2026-09-28T17:55:35Z,config/local_paths.yaml:literature_corpus_root
LIT-000178,14930600.json,14930600.json,.json,16653,1af9986144b8debe6d106ea71b8375a0c5309bd33969ccf7f391a4c149d948fb,,ok,,2026-09-28T17:55:35Z,config/local_paths.yaml:literature_corpus_root
LIT-000179,149448200.json,149448200.json,.json,24400,6f74c6ddeeb69abcb54151d4605bbbc353b174b261a35a6905dc337048d192a5,,ok,,2026-09-28T17:55:35Z,config/local_paths.yaml:literature_corpus_root
LIT-000180,149887600.json,149887600.json,.json,53502,973d51be878bf337c6b99e8e685e511aef09e05a97e01507256a36a0140058ba,,ok,,2026-09-28T17:55:35Z,config/local_paths.yaml:literature_corpus_root
LIT-000181,149921900.json,149921900.json,.json,64111,b079a721d82036dde124c6dfea5258af64615ef61060303d50d458b8d2fda9c8,,ok,,2026-09-28T17:55:35Z,config/local_paths.yaml:literature_corpus_root
LIT-000182,150378500.json,150378500.json,.json,24698,5268c591dbc5cc768c4b30658465ca82437c21bd3ecf0e16b4bfb0b1a6ec11a8,,ok,,2026-09-28T17:55:35Z,config/local_paths.yaml:literature_corpus_root
LIT-000183,15039700.json,15039700.json,.json,54359,bdc71bd62d084098a48dd840860c2036cd83df8f3edf11c4875191bae71425e9,,ok,,2026-09-28T17:55:35Z,config/local_paths.yaml:literature_corpus_root
LIT-000184,1505800.json,1505800.json,.json,19871,3d3eb2484bce1a66aad8633f22a9d0997fac5671d7b9a427a6ccd3b2bfd779c6,,ok,,2026-09-28T17:55:35Z,config/local_paths.yaml:literature_corpus_root
LIT-000185,151735900.json,151735900.json,.json,34169,f2fe4492a2e6a6cf6ef86f05d691461f93868e230f8fe99a27a49b026dd252e1,,ok,,2026-09-28T17:55:35Z,config/local_paths.yaml:literature_corpus_root
LIT-000186,15240900.json,15240900.json,.json,42380,e0395100b78f89bd930b6ed28cee5406bfa5bd17abb4e23d7b140f2f552ff61b,,ok,,2026-09-28T17:55:35Z,config/local_paths.yaml:literature_corpus_root
LIT-000187,152527000.json,152527000.json,.json,23714,a37a18d4dffa1943b84c97ab735cb15635c27ca4e1fa5639a53e1863d4ade980,,ok,,2026-09-28T17:55:35Z,config/local_paths.yaml:literature_corpus_root
LIT-000188,15299200.json,15299200.json,.json,35155,446f0b7096183590e804911099a3faa61852f281cb9900f883184a8d99369013,,ok,,2026-09-28T17:55:35Z,config/local_paths.yaml:literature_corpus_root
LIT-000189,15352800.json,15352800.json,.json,46099,37e0e74ccd7109a81058625abd96c2d711c8792b1d7e873ec62da6bcec1f46b9,,ok,,2026-09-28T17:55:35Z,config/local_paths.yaml:literature_corpus_root
LIT-000190,154068100.json,154068100.json,.json,25675,8a71434600bbefce6baae086a43c024956730a24f3f901b6d21aaa25d1baf148,,ok,,2026-09-28T17:55:35Z,config/local_paths.yaml:literature_corpus_root
LIT-000191,15420300.json,15420300.json,.json,40533,c0d21168166315cd689a273109a0d218dae416380aaa2c2f3f33714816fa1398,,ok,,2026-09-28T17:55:35Z,config/local_paths.yaml:literature_corpus_root
LIT-000192,154364300.json,154364300.json,.json,26843,249d55e5443df8bdbffe8fbeefdf1b56c6dcfa790bfc5d01848e5a40638b3f91,,ok,,2026-09-28T17:55:35Z,config/local_paths.yaml:literature_corpus_root
LIT-000193,154394500.json,154394500.json,.json,41946,d3338fad3b48b7b252c42bbf5b9cf6572175e8d0e068ddafe89b9387d75943fc,,ok,,2026-09-28T17:55:35Z,config/local_paths.yaml:literature_corpus_root
LIT-000194,155155400.json,155155400.json,.json,38673,0edcf9a594a822c3c5487900ae3c3f4af29567c3daa3dd5a525d7b8b7df7a908,,ok,,2026-09-28T17:55:35Z,config/local_paths.yaml:literature_corpus_root
LIT-000195,155280600.json,155280600.json,.json,64017,0c1dcb9e21d951017562df1b3a4b0df6903664769ae8598d6bbb5b0735a71252,,ok,,2026-09-28T17:55:35Z,config/local_paths.yaml:literature_corpus_root
LIT-000196,155350700.json,155350700.json,.json,8115,4ec848f2110d08875f0fbce8ac39b58994547e849f2674f2b016262aea374426,,ok,,2026-09-28T17:55:35Z,config/local_paths.yaml:literature_corpus_root
LIT-000197,155530500.json,155530500.json,.json,29145,84da17f15d21cfb4ad05c24f2c505804cbb15e6af512840df5b1957c4504f360,,ok,,2026-09-28T17:55:35Z,config/local_paths.yaml:literature_corpus_root
LIT-000198,155583400.json,155583400.json,.json,45539,2316a42b554e9fe3f5416f817f706c7948cf9aa9e69380dd0eed70ffc1480686,,ok,,2026-09-28T17:55:35Z,config/local_paths.yaml:literature_corpus_root
LIT-000199,155756600.json,155756600.json,.json,41160,3f0823a1b132b404e8a7e5978d779778f037b073c1c14aa1e831cf0830cc15dd,,ok,,2026-09-28T17:55:35Z,config/local_paths.yaml:literature_corpus_root
LIT-000200,155814800.json,155814800.json,.json,62799,06d5db290e2a799918e0934de3638495a56363372485f00656432fecc205fe5d,,ok,,2026-09-28T17:55:35Z,config/local_paths.yaml:literature_corpus_root
LIT-000201,155848800.json,155848800.json,.json,58410,ce316adab9e80e3fe3e933187292e499b98dc737416ce13f1ae27b66d5e46156,,ok,,2026-09-28T17:55:35Z,config/local_paths.yaml:literature_corpus_root
LIT-000202,155927700.json,155927700.json,.json,25285,238142be1c0b3cf8d38e9f8e7ac6051e02b2c841d3be412ac21e14b685f0f186,,ok,,2026-09-28T17:55:35Z,config/local_paths.yaml:literature_corpus_root
LIT-000203,156109700.json,156109700.json,.json,30516,2cd3632a6dfd50ed96e831cca239bb3bffaa062970be6ac06fc50026cc890b16,,ok,,2026-09-28T17:55:35Z,config/local_paths.yaml:literature_corpus_root
LIT-000204,156115700.json,156115700.json,.json,45464,eba53363f5302b368fb8dcd32233a24054612fe4730dccf26f8bb8af5fab1cb6,,ok,,2026-09-28T17:55:35Z,config/local_paths.yaml:literature_corpus_root
LIT-000205,156457200.json,156457200.json,.json,31819,7af6a7360e7c2a150212fdbd2e277d95f5e8baa655eac22f0e0bcf75e72f97b4,,ok,,2026-09-28T17:55:35Z,config/local_paths.yaml:literature_corpus_root
LIT-000206,157059200.json,157059200.json,.json,40073,e1db39623104625d66178097d64fb3b33f0f2bfffc5fcf3a799f986fc2636a55,,ok,,2026-09-28T17:55:35Z,config/local_paths.yaml:literature_corpus_root
LIT-000207,157062700.json,157062700.json,.json,52032,8e7f5581810469cc1f97101f169c3957e3eaf1a521eb71787fe7af965aaadfbd,,ok,,2026-09-28T17:55:35Z,config/local_paths.yaml:literature_corpus_root
LIT-000208,15709700.json,15709700.json,.json,32604,6ef9b72bb20e10d43a38923578612abb1135f5d10f2060f40aba89dbc6143824,,ok,,2026-09-28T17:55:35Z,config/local_paths.yaml:literature_corpus_root
LIT-000209,157446700.json,157446700.json,.json,30242,ef095f376c3cb17ccc28dff92ea1c79461dae9d52fafa7647d4a0ccc52fe1631,,ok,,2026-09-28T17:55:35Z,config/local_paths.yaml:literature_corpus_root
LIT-000210,157573400.json,157573400.json,.json,47648,5d64ee06ea57cf98c5ae109ea10e6c3b26cbedffa96e7a9e3db5610fa300b43a,,ok,,2026-09-28T17:55:35Z,config/local_paths.yaml:literature_corpus_root
LIT-000211,1578300.json,1578300.json,.json,26598,237514419d1428e086879f24de46367b0a7009eba637271e2442cce5d1ade143,,ok,,2026-09-28T17:55:35Z,config/local_paths.yaml:literature_corpus_root
LIT-000212,157977900.json,157977900.json,.json,23989,74505a115c9e68b3a9984eef30d593b98a6272a406b83a653a3b329745e05783,,ok,,2026-09-28T17:55:35Z,config/local_paths.yaml:literature_corpus_root
LIT-000213,158096900.json,158096900.json,.json,30556,4171b66a0cc7b8e7134cb3e1a896272266a85c1ba774dab0da7d661e59e40282,,ok,,2026-09-28T17:55:35Z,config/local_paths.yaml:literature_corpus_root
LIT-000214,158233600.json,158233600.json,.json,40596,a319c90dcaba5174889f54ff9a8caba3731c713d4ff965b215ca41b44ccfd7df,,ok,,2026-09-28T17:55:35Z,config/local_paths.yaml:literature_corpus_root
LIT-000215,15832800.json,15832800.json,.json,70874,655e00ca078590b25ca2f12e37684ef710ddc37c6112c7ccd3f52e2a5a83dfa3,,ok,,2026-09-28T17:55:35Z,config/local_paths.yaml:literature_corpus_root
LIT-000216,158352600.json,158352600.json,.json,52546,81c2c0f6d9efe71d42ab180a58d73ee60a50fd6785fb3a3cd80368477cce3efc,,ok,,2026-09-28T17:55:35Z,config/local_paths.yaml:literature_corpus_root
LIT-000217,158371800.json,158371800.json,.json,38296,77ab6adb493996b1e2763fc92ad316e435f5f69b362200f597b6a439b6b007e7,,ok,,2026-09-28T17:55:35Z,config/local_paths.yaml:literature_corpus_root
LIT-000218,158372800.json,158372800.json,.json,55558,82816209f36ce7bb035ea4ea96ffc288b4b9519ede079b3361c0deef936f773f,,ok,,2026-09-28T17:55:35Z,config/local_paths.yaml:literature_corpus_root
LIT-000219,158397300.json,158397300.json,.json,38093,5d561ca937dae54078974b0fd8d037e2fcab2927041b0002030434ee4ad1bb97,,ok,,2026-09-28T17:55:35Z,config/local_paths.yaml:literature_corpus_root
LIT-000220,158417400.json,158417400.json,.json,38126,ec0f8bfe58cb67de0f42782853070d2c869bd9541c5dd18c921ffae9d15d5b77,,ok,,2026-09-28T17:55:35Z,config/local_paths.yaml:literature_corpus_root
LIT-000221,158449000.json,158449000.json,.json,40121,f9cc09d344c7d8af9b1e274b19d286346e322b934b22b2ac51b6cc135038169b,,ok,,2026-09-28T17:55:35Z,config/local_paths.yaml:literature_corpus_root
LIT-000222,158522400.json,158522400.json,.json,60112,c61fcc56c3a5f3c7fb98028137ac7aa6288ae1c8b4d88c454f11fea2fa34c98b,,ok,,2026-09-28T17:55:35Z,config/local_paths.yaml:literature_corpus_root
LIT-000223,158556800.json,158556800.json,.json,45742,c1ca3d0a323305d51ad185ae5952a675c9a925f8f7b173c5d2c07f98580f5010,,ok,,2026-09-28T17:55:35Z,config/local_paths.yaml:literature_corpus_root
LIT-000224,158631700.json,158631700.json,.json,50601,bb4287b019f4445aaa139446e90f11251255b1fe16d3310a8412d836fa0eb4ad,,ok,,2026-09-28T17:55:35Z,config/local_paths.yaml:literature_corpus_root
LIT-000225,158667900.json,158667900.json,.json,23405,1587a38b2c781f1d1fdb776270b3f3aeb7492ec99854b4586198746efc609eef,,ok,,2026-09-28T17:55:35Z,config/local_paths.yaml:literature_corpus_root
LIT-000226,15876500.json,15876500.json,.json,32608,222d27dbd2dc6ff07790ec1ea426203500b664dcf2206433251e2e7cc281e150,,ok,,2026-09-28T17:55:35Z,config/local_paths.yaml:literature_corpus_root
LIT-000227,158791300.json,158791300.json,.json,24088,58c407f897601102cb7bac720ba2679734182d66d39713de8bccf4a69e3aad8b,,ok,,2026-09-28T17:55:35Z,config/local_paths.yaml:literature_corpus_root
LIT-000228,15882400.json,15882400.json,.json,89838,f6037cf1c301304ce4aec59bd037d8f1f67c51d057505613de3cc87cd0ab2ae6,,ok,,2026-09-28T17:55:35Z,config/local_paths.yaml:literature_corpus_root
LIT-000229,159032800.json,159032800.json,.json,26333,ccb7d874d1a261f6c0ecaf323a5e9582938bed412e1073ceb2a9a3d3081c189d,,ok,,2026-09-28T17:55:35Z,config/local_paths.yaml:literature_corpus_root
LIT-000230,159054700.json,159054700.json,.json,12378,99bf7f7f49eaa54dfeb461a6ee758b7f0b3fa92fef18b6c27058395d5a883741,,ok,,2026-09-28T17:55:35Z,config/local_paths.yaml:literature_corpus_root
LIT-000231,15919700.json,15919700.json,.json,26912,913b9c0496540584c336b59a3752d0f6cbbe77c0326dd323175afc5e72be0fb8,,ok,,2026-09-28T17:55:35Z,config/local_paths.yaml:literature_corpus_root
LIT-000232,159217200.json,159217200.json,.json,30473,c41500337f0ad681bbdb6b6144b3c0ba1bf22fd2be54579b815b1a0e5936237e,,ok,,2026-09-28T17:55:35Z,config/local_paths.yaml:literature_corpus_root
LIT-000233,159264900.json,159264900.json,.json,33237,d1623275a501fd5e86921f102ff72ede9bc9f0b4881b262d21feef62ea9f4db6,,ok,,2026-09-28T17:55:35Z,config/local_paths.yaml:literature_corpus_root
LIT-000234,159371000.json,159371000.json,.json,53171,2fe0ddac18c9472f2fa378f88fcd1cf86bea210a0c3499eeb5199dd984f4b399,,ok,,2026-09-28T17:55:35Z,config/local_paths.yaml:literature_corpus_root
LIT-000235,159376800.json,159376800.json,.json,34770,d43c919e3aabc2af092e48aa0415d296bd9905c0cf03eeae2f942e2ac4a2ab3c,,ok,,2026-09-28T17:55:35Z,config/local_paths.yaml:literature_corpus_root
LIT-000236,159434400.json,159434400.json,.json,59226,d73db3550113136f293e1e967eec3b0048d94a15c0ea7b6f22db724f738503c9,,ok,,2026-09-28T17:55:35Z,config/local_paths.yaml:literature_corpus_root
LIT-000237,15963400.json,15963400.json,.json,34482,effc1e365d6c214a69cd2f5084c6bd9586def976824b0c0b43fbd937f273e209,,ok,,2026-09-28T17:55:35Z,config/local_paths.yaml:literature_corpus_root
LIT-000238,16010100.json,16010100.json,.json,48466,1392c78004005ee631cb4447dc17d75a71d6962fc00e5d79fdbc728b60ba9ab5,,ok,,2026-09-28T17:55:35Z,config/local_paths.yaml:literature_corpus_root
LIT-000239,1601100.json,1601100.json,.json,38643,fa43fb2148d677a75c392923ce61293b9d3548832278521f508c6016dad8d5cf,,ok,,2026-09-28T17:55:35Z,config/local_paths.yaml:literature_corpus_root
LIT-000240,16168700.json,16168700.json,.json,26252,18770e084f969a362cf1db5074f0422dbe76ec81d282e91750dddf8b4371ec05,,ok,,2026-09-28T17:55:35Z,config/local_paths.yaml:literature_corpus_root
LIT-000241,16173400.json,16173400.json,.json,93116,78c8c0328f6bd77a67d8ad85ecd913dd6bf732546622f7a467e070b0a80c1511,,ok,,2026-09-28T17:55:35Z,config/local_paths.yaml:literature_corpus_root
LIT-000242,16180800.json,16180800.json,.json,65398,2e5d873f4fcfb43d3038787ebab84b6a3e0ebe51f67056b623215ff4729578a6,,ok,,2026-09-28T17:55:35Z,config/local_paths.yaml:literature_corpus_root
LIT-000243,16320000.json,16320000.json,.json,75695,ce08342e5a6696413ccb989818fedb2cec59d079ab051537501428b71ee64777,,ok,,2026-09-28T17:55:35Z,config/local_paths.yaml:literature_corpus_root
LIT-000244,16367800.json,16367800.json,.json,44075,fdc8929d7cfd2eb48d0ec069b2fea306eec3ad05ff4887c5646f55cdf09e2505,,ok,,2026-09-28T17:55:35Z,config/local_paths.yaml:literature_corpus_root
LIT-000245,164598100.json,164598100.json,.json,49937,c262da2c8cddf96af90f1766315f72c04f275dd3ffcfec4d0e4899b64863c598,,ok,,2026-09-28T17:55:35Z,config/local_paths.yaml:literature_corpus_root
LIT-000246,164700.json,164700.json,.json,19519,a252a12d3272a751ef58783c4c34564d1357a5e43ade4294ff7ae79e54c9238e,,ok,,2026-09-28T17:55:35Z,config/local_paths.yaml:literature_corpus_root
LIT-000247,16494800.json,16494800.json,.json,71489,471e347ddc2ed12dfe6d5793356a973a8a240b6bb028eec5d138ddc48e98400b,,ok,,2026-09-28T17:55:35Z,config/local_paths.yaml:literature_corpus_root
LIT-000248,16530100.json,16530100.json,.json,31744,71ec2cb0c3c9d95e21b851b5b728d6563e5eac0640f5b5c1e2590c27fb6c7400,,ok,,2026-09-28T17:55:35Z,config/local_paths.yaml:literature_corpus_root
LIT-000249,168282000.json,168282000.json,.json,65053,35ca43dd21ee45c215f9c9351e031fb023a8b1de632fbfe0a366a6ad30ec2343,,ok,,2026-09-28T17:55:35Z,config/local_paths.yaml:literature_corpus_root
LIT-000250,16858000.json,16858000.json,.json,80411,9214cc0f530ccaa19b09560b2a8018859753e007e481c1ed9a519136753593ef,,ok,,2026-09-28T17:55:35Z,config/local_paths.yaml:literature_corpus_root
LIT-000251,16875400.json,16875400.json,.json,18663,7d714a26151b42e1bf3df934dc9525817a9066b1f76b118f9e61d49150473780,,ok,,2026-09-28T17:55:35Z,config/local_paths.yaml:literature_corpus_root
LIT-000252,168895400.json,168895400.json,.json,20336,79a9489461cb186475cd33904f2017605b2d14dd6462c08dc579ea02dba728b3,,ok,,2026-09-28T17:55:35Z,config/local_paths.yaml:literature_corpus_root
LIT-000253,16899500.json,16899500.json,.json,45863,5988e8d149c00f286377be1f1d9ae4cbb21c19029e3cab2cb5efe6710bef2c29,,ok,,2026-09-28T17:55:35Z,config/local_paths.yaml:literature_corpus_root
LIT-000254,169065800.json,169065800.json,.json,52334,7bff03aa15e1e285c2418e9b5905b6f7b852fcd81ce8a28e47f7f3f37278065e,,ok,,2026-09-28T17:55:35Z,config/local_paths.yaml:literature_corpus_root
LIT-000255,169294200.json,169294200.json,.json,58556,0fe082db737382dbe7acd509cdad62c7fbe0dfa363ba5dcf6bebad0868ecdde6,,ok,,2026-09-28T17:55:35Z,config/local_paths.yaml:literature_corpus_root
LIT-000256,169295700.json,169295700.json,.json,40357,f2944b79e87014e817a86e751096352b4ba7fbc22d94980f912170f652d95dac,,ok,,2026-09-28T17:55:35Z,config/local_paths.yaml:literature_corpus_root
LIT-000257,169783900.json,169783900.json,.json,13127,a783c7e77db3bc8af0bddff0b5b1d581378d85301a4c9678083e0edc797adc7c,,ok,,2026-09-28T17:55:35Z,config/local_paths.yaml:literature_corpus_root
LIT-000258,17151500.json,17151500.json,.json,17740,fce79b22c8ea82caceb1934e5ac1d54903cf16eac12d3b3f4edbd2fcd338381d,,ok,,2026-09-28T17:55:35Z,config/local_paths.yaml:literature_corpus_root
LIT-000259,17386100.json,17386100.json,.json,71091,12d34dbd69cb2227ca8d07e3fe7425b1bc29dcc7e24f5a49da961af352974022,,ok,,2026-09-28T17:55:35Z,config/local_paths.yaml:literature_corpus_root
LIT-000260,17407800.json,17407800.json,.json,75893,f0ba3e30b9954069fd70cf31df647e4095d487c33a2ce17654beafafbe9fa69a,,ok,,2026-09-28T17:55:35Z,config/local_paths.yaml:literature_corpus_root
LIT-000261,17409100.json,17409100.json,.json,26258,224d697611b1de55ca643bf7b99f4d001ab7e9893f3db5e90d36fcb60dcea97a,,ok,,2026-09-28T17:55:35Z,config/local_paths.yaml:literature_corpus_root
LIT-000262,174796000.json,174796000.json,.json,17616,b64ce8c1c1ac1ebd71d84897a543001df5b9095f79b450f6d0f1a1f2210ceb58,,ok,,2026-09-28T17:55:35Z,config/local_paths.yaml:literature_corpus_root
LIT-000263,174800200.json,174800200.json,.json,96713,6968fe9400217bb492c668f5609613276e38c55310b87114d0bf50d6ac962a66,,ok,,2026-09-28T17:55:35Z,config/local_paths.yaml:literature_corpus_root
LIT-000264,17524300.json,17524300.json,.json,31739,4a9d1fb221327d508e34bd6605e0ab5ea9ad8ff0c83601e68b52a0fbdf517337,,ok,,2026-09-28T17:55:35Z,config/local_paths.yaml:literature_corpus_root
LIT-000265,17526900.json,17526900.json,.json,46305,ffb340dec37233ec10f953843ffd0fdbf2cd742d935ccee6c29da8f599de2a6a,,ok,,2026-09-28T17:55:35Z,config/local_paths.yaml:literature_corpus_root
LIT-000266,17573200.json,17573200.json,.json,64686,72ed5a0c69f562f44555410b436373055265eaf297f4328add49f4a9ed016abe,,ok,,2026-09-28T17:55:35Z,config/local_paths.yaml:literature_corpus_root
LIT-000267,17754100.json,17754100.json,.json,51386,4d5455b209fbf00311605a43d4b17fce49ebb9aa8c368bc16546d8dc6e7491d6,,ok,,2026-09-28T17:55:35Z,config/local_paths.yaml:literature_corpus_root
LIT-000268,17800000.json,17800000.json,.json,52108,db08770bd3d0ceccf3460a056871b922e8ed739ecf9b3b64d85fe6d5afefedc1,,ok,,2026-09-28T17:55:35Z,config/local_paths.yaml:literature_corpus_root
LIT-000269,17846900.json,17846900.json,.json,43084,ad4d5e0063e8ca9e854925332da006d59e9f6c331ce5500100622cc2a23fb872,,ok,,2026-09-28T17:55:35Z,config/local_paths.yaml:literature_corpus_root
LIT-000270,181731700.json,181731700.json,.json,44588,355752424e19d5838c0b670c61016c8d56b3e18c785400225e54a4b63d545c32,,ok,,2026-09-28T17:55:35Z,config/local_paths.yaml:literature_corpus_root
LIT-000271,18244300.json,18244300.json,.json,10296,20d744b7f18df6074bea5666b418faf172664a4dea34a8e6d54d8d4ba7a49d91,,ok,,2026-09-28T17:55:35Z,config/local_paths.yaml:literature_corpus_root
LIT-000272,182496200.json,182496200.json,.json,44027,bbbbab5ebd44be6aabcf0cebff40a32aa35df91ee7d34d58c634fd72795ea35d,,ok,,2026-09-28T17:55:35Z,config/local_paths.yaml:literature_corpus_root
LIT-000273,18334100.json,18334100.json,.json,17781,be11702467c2fc2166ec447247df3c15c2fa7657e35f2c7615964f93df5bbb39,,ok,,2026-09-28T17:55:35Z,config/local_paths.yaml:literature_corpus_root
LIT-000274,184487900.json,184487900.json,.json,43787,4f49c1c9a1265cb480f48e2f6eee1c7acc1bd998b9554ab09f6553536a31b749,,ok,,2026-09-28T17:55:35Z,config/local_paths.yaml:literature_corpus_root
LIT-000275,18454900.json,18454900.json,.json,32488,a0da52b2498976babd21403b7a74d70fcd049ceae6a577c595e4bf03a7811226,,ok,,2026-09-28T17:55:35Z,config/local_paths.yaml:literature_corpus_root
LIT-000276,18464200.json,18464200.json,.json,32278,0d7eb491b887771419ff10e3057ebd3846545ce875c298d7526073161be0cd73,,ok,,2026-09-28T17:55:35Z,config/local_paths.yaml:literature_corpus_root
LIT-000277,18480200.json,18480200.json,.json,62328,365ea2e9b9b1e94fff536d8d29b0a327b90dd84c03177e86f7f2b0f77d0b9f8a,,ok,,2026-09-28T17:55:35Z,config/local_paths.yaml:literature_corpus_root
LIT-000278,18550600.json,18550600.json,.json,104273,fe8379c84925f763ba4a8d646fb676d1c1b4e37fef4e8105229354db4279e0fd,,ok,,2026-09-28T17:55:35Z,config/local_paths.yaml:literature_corpus_root
LIT-000279,18554000.json,18554000.json,.json,19854,c67f49cc35fadf6efff3f4110ef43f71702e48540401a2891c50c08f558769b5,,ok,,2026-09-28T17:55:35Z,config/local_paths.yaml:literature_corpus_root
LIT-000280,18554100.json,18554100.json,.json,42750,2aad40bfcfc9776651d7a8a64170ddf975dcc9d7ea98796dad1f6da76cdbb2ce,,ok,,2026-09-28T17:55:35Z,config/local_paths.yaml:literature_corpus_root
LIT-000281,18583100.json,18583100.json,.json,52861,079f9b7f98da972de0267989b0f143e63f6588c138f06ac36ff88abbc9e666bb,,ok,,2026-09-28T17:55:35Z,config/local_paths.yaml:literature_corpus_root
LIT-000282,18600600.json,18600600.json,.json,32282,6f6c81ebd3ab3c105a40e1b61f83dad3f60861542c89b00ca8ed06f6aa19b849,,ok,,2026-09-28T17:55:35Z,config/local_paths.yaml:literature_corpus_root
LIT-000283,187080600.json,187080600.json,.json,20307,39308dbc3dbeb42a9cd3d1789efb7f86c2d9b2af7e7f9954b33481525560b57d,,ok,,2026-09-28T17:55:35Z,config/local_paths.yaml:literature_corpus_root
LIT-000284,18716300.json,18716300.json,.json,18818,ccc91d974dea7b35c353224c523bff84955d9f085d497f6f0d7992531bcff75e,,ok,,2026-09-28T17:55:35Z,config/local_paths.yaml:literature_corpus_root
LIT-000285,18766900.json,18766900.json,.json,34069,e5403cd232da28d4a57b3f3b1d238687774304af901ed0f3c355b6e81136e489,,ok,,2026-09-28T17:55:35Z,config/local_paths.yaml:literature_corpus_root
LIT-000286,18796800.json,18796800.json,.json,42055,a6395ed194578427b355f5fe7f00735d320471de4978e7a801e9cf92e833a4e9,,ok,,2026-09-28T17:55:35Z,config/local_paths.yaml:literature_corpus_root
LIT-000287,188518300.json,188518300.json,.json,13824,106da715d1d2af164079f9e4c450103cad3629b0e0db2fbd2171c2d57149fea7,,ok,,2026-09-28T17:55:35Z,config/local_paths.yaml:literature_corpus_root
LIT-000288,18896900.json,18896900.json,.json,27883,c1e072c135f086a38d8046a109e71bda67a248756f59f56ed2eca110359401f7,,ok,,2026-09-28T17:55:35Z,config/local_paths.yaml:literature_corpus_root
LIT-000289,189111700.json,189111700.json,.json,22225,1f7babceed453250d399077de1b8909d5acc9c9f8b865ec1e82bb1956b80d198,,ok,,2026-09-28T17:55:35Z,config/local_paths.yaml:literature_corpus_root
LIT-000290,18940300.json,18940300.json,.json,9292,f49d546c5f8cc7ebf4d545ce9a53b223f8c444272bcc4d7917bc7136b77c5d4c,,ok,,2026-09-28T17:55:35Z,config/local_paths.yaml:literature_corpus_root
LIT-000291,189903400.json,189903400.json,.json,57364,3d56d5fe846fcfd135f250b0364f25ca906389422adb60a2476ab32adc930435,,ok,,2026-09-28T17:55:35Z,config/local_paths.yaml:literature_corpus_root
LIT-000292,189998600.json,189998600.json,.json,27848,1206005535dc56826e953e76d7cdb20daa31c14ae02662c8a3a9a868c7c46190,,ok,,2026-09-28T17:55:35Z,config/local_paths.yaml:literature_corpus_root
LIT-000293,1915000.json,1915000.json,.json,30593,2fd5eb5d192e051e745119c7bbd53bee2fc6c592dc3e959545d0a4504abef764,,ok,,2026-09-28T17:55:35Z,config/local_paths.yaml:literature_corpus_root
LIT-000294,19367500.json,19367500.json,.json,21654,ba0c4da9b28044f34d64c6221ea33a831128afdb1f4619f317102b07806777c8,,ok,,2026-09-28T17:55:35Z,config/local_paths.yaml:literature_corpus_root
LIT-000295,195353900.json,195353900.json,.json,22778,7f97fe348614c1164b7cdb6202dc7d22b0fa5d17b2c3f256adb551b2e13fb1fd,,ok,,2026-09-28T17:55:35Z,config/local_paths.yaml:literature_corpus_root
LIT-000296,195421700.json,195421700.json,.json,22868,ec3d1d9fe673926f8c28d387afea2fbcbd1bd55d361f58ffa7b2ef3a4ebd1b6e,,ok,,2026-09-28T17:55:35Z,config/local_paths.yaml:literature_corpus_root
LIT-000297,195424200.json,195424200.json,.json,40216,e3445a762bb8b726dbf57e8c5128d51065c443c4083322d48d05ea1b230abaec,,ok,,2026-09-28T17:55:35Z,config/local_paths.yaml:literature_corpus_root
LIT-000298,195482800.json,195482800.json,.json,33457,a3d849093c3ef68c78ca7405eec268b48bea0b16da0b6884cdff20a33ff8fc4d,,ok,,2026-09-28T17:55:35Z,config/local_paths.yaml:literature_corpus_root
LIT-000299,195735600.json,195735600.json,.json,42939,9cbf1d7686f4475ca9491db545a4bc42210709a2f90d3f2bb5ab4ed602b2e711,,ok,,2026-09-28T17:55:35Z,config/local_paths.yaml:literature_corpus_root
LIT-000300,195830400.json,195830400.json,.json,37978,871990b542538b640ebf634322afba4c7432344817a647fbb16eb1e29021b896,,ok,,2026-09-28T17:55:35Z,config/local_paths.yaml:literature_corpus_root
LIT-000301,196665200.json,196665200.json,.json,15223,b886ee0f0ec03dc388508993788d22879f7a2d5e43112077c7de0d84e136e4f9,,ok,,2026-09-28T17:55:35Z,config/local_paths.yaml:literature_corpus_root
LIT-000302,196671300.json,196671300.json,.json,85162,3ca56c40661017303ef8bd83d00e9820bdd28c33bda6908f8f0e7a5cac3184a1,,ok,,2026-09-28T17:55:35Z,config/local_paths.yaml:literature_corpus_root
LIT-000303,196839900.json,196839900.json,.json,40234,76ce16635044333d13efcf1b4352a03abb5e87211739dd698339285164309a99,,ok,,2026-09-28T17:55:35Z,config/local_paths.yaml:literature_corpus_root
LIT-000304,197440500.json,197440500.json,.json,148152,affed653c7fc0c0cbaf4cda0ed62d7173f4d12f93739cdc0ebad994815b6796b,,ok,,2026-09-28T17:55:35Z,config/local_paths.yaml:literature_corpus_root
LIT-000305,1976800.json,1976800.json,.json,13697,38e790dfdc591fb54405972088ec1adac71ec6aa67538afa9daf2914b561dd65,,ok,,2026-09-28T17:55:35Z,config/local_paths.yaml:literature_corpus_root
LIT-000306,198172100.json,198172100.json,.json,35195,56025e2cdc67c5ae5e9904436363e2aa48ba6d2f510c608b331543e15c63b326,,ok,,2026-09-28T17:55:35Z,config/local_paths.yaml:literature_corpus_root
LIT-000307,198274100.json,198274100.json,.json,105654,fb4b65549ca9318cd67368d8d2dde49f21a10aa970f2ed685efe4fa845d6d45c,,ok,,2026-09-28T17:55:35Z,config/local_paths.yaml:literature_corpus_root
LIT-000308,198337800.json,198337800.json,.json,47441,48e11bedae0826870576b84798ee6cae48c511dabdb9abc5c1bb7539f4f66576,,ok,,2026-09-28T17:55:35Z,config/local_paths.yaml:literature_corpus_root
LIT-000309,198426100.json,198426100.json,.json,84851,aa5b171bf961764dcd7784fb277dffc496e1717667609ca2dc9856c011c478b2,,ok,,2026-09-28T17:55:35Z,config/local_paths.yaml:literature_corpus_root
LIT-000310,19848500.json,19848500.json,.json,38093,ecac103177e37e9ce3c9525d4e5b13fe6b6aae36ea8edd9687b91ba7765b1489,,ok,,2026-09-28T17:55:35Z,config/local_paths.yaml:literature_corpus_root
LIT-000311,19850500.json,19850500.json,.json,17495,7cc1ad7ba1c5b659935f19922799128a0e6fcb2ab643a2c3b2452eb198cc9846,,ok,,2026-09-28T17:55:35Z,config/local_paths.yaml:literature_corpus_root
LIT-000312,19878800.json,19878800.json,.json,34902,2f5b270034052b4a51502354501aaa34de7ee5eee4f4d718bc57a3a80a076fb0,,ok,,2026-09-28T17:55:35Z,config/local_paths.yaml:literature_corpus_root
LIT-000313,199093700.json,199093700.json,.json,44080,a4e001870825c213803ba880d671d806ec2fa01eb33c673c3525eb83b080b9f9,,ok,,2026-09-28T17:55:35Z,config/local_paths.yaml:literature_corpus_root
LIT-000314,199108900.json,199108900.json,.json,106224,b80b83f48df2d0bd49fc4f04867523f02147c091e5b3d5877e67b8aefd0eabbf,,ok,,2026-09-28T17:55:35Z,config/local_paths.yaml:literature_corpus_root
LIT-000315,199247900.json,199247900.json,.json,62850,cd0e22c41e51f07a295de9c4d1abcc533bc3c2d1dc5b64c035ca8664c644bb43,,ok,,2026-09-28T17:55:35Z,config/local_paths.yaml:literature_corpus_root
LIT-000316,199388000.json,199388000.json,.json,129379,751dd0a4fb7c40ce3f6f6ce9a7ccd18dd90bc4036dbca32524cd79275b8c1480,,ok,,2026-09-28T17:55:35Z,config/local_paths.yaml:literature_corpus_root
LIT-000317,199458200.json,199458200.json,.json,34211,00e6fe845f302da540dd92d421d77a4c40ce35936ff7b8f1f0cdf07523a8249c,,ok,,2026-09-28T17:55:35Z,config/local_paths.yaml:literature_corpus_root
LIT-000318,199885900.json,199885900.json,.json,31902,afbea251fdb45615de19d0d4bb4d7343c083b5a631ea2a84d5c63a3ca7538992,,ok,,2026-09-28T17:55:35Z,config/local_paths.yaml:literature_corpus_root
LIT-000319,199903900.json,199903900.json,.json,39076,ad090e8849eb660c37c009fe9db04cb53a43c73826b77b5385d5da3ca8f731fb,,ok,,2026-09-28T17:55:35Z,config/local_paths.yaml:literature_corpus_root
LIT-000320,201022600.json,201022600.json,.json,329585,bc406367d4adb1789409135d882a2f36a3abc8851064e87d92371ee2bc89d814,,ok,,2026-09-28T17:55:35Z,config/local_paths.yaml:literature_corpus_root
LIT-000321,201145200.json,201145200.json,.json,45825,d08c8588bd45b2341f23ff082174125e5d0421dac0968c20a6a69ab44ca9dbed,,ok,,2026-09-28T17:55:35Z,config/local_paths.yaml:literature_corpus_root
LIT-000322,201204500.json,201204500.json,.json,71118,8c21fa750cf14bb2080ba8040d6eaafb5cfc013a937a302ccb6ef860223a7a4c,,ok,,2026-09-28T17:55:35Z,config/local_paths.yaml:literature_corpus_root
LIT-000323,201304600.json,201304600.json,.json,13647,a77ba5da0ffc3b4485a0d346ff7d06a8d3a950bb3217ebade5582ee5bd618d16,,ok,,2026-09-28T17:55:35Z,config/local_paths.yaml:literature_corpus_root
LIT-000324,201314400.json,201314400.json,.json,19879,08ea2f6b2ab121fc3db10cf2fac6e28849958da09ea1ed4862e80fa4718ee6ad,,ok,,2026-09-28T17:55:35Z,config/local_paths.yaml:literature_corpus_root
LIT-000325,201325000.json,201325000.json,.json,10648,58b3219d595d99c03ab57463ea17bbcecf8a73926fdba3f9807575a0ea7649cf,,ok,,2026-09-28T17:55:35Z,config/local_paths.yaml:literature_corpus_root
LIT-000326,201712600.json,201712600.json,.json,81478,82f97b50f814067aec56943f31d2dff46715adee3a113323bf6bb740acfef016,,ok,,2026-09-28T17:55:35Z,config/local_paths.yaml:literature_corpus_root
LIT-000327,201714500.json,201714500.json,.json,38967,a7e222bdbce6c0e70a46a3a731296f2921e4d4dd3328bead469027b3e6437df3,,ok,,2026-09-28T17:55:35Z,config/local_paths.yaml:literature_corpus_root
LIT-000328,201848800.json,201848800.json,.json,57254,8f42f6885cafb72d6d61229a44ffcb2c27be724e1fd2a85386de79aed18f3801,,ok,,2026-09-28T17:55:35Z,config/local_paths.yaml:literature_corpus_root
LIT-000329,202069400.json,202069400.json,.json,8701,0089050d275f8a41e21b855aee5321e9bd25ff47552600aec73103ebb954781a,,ok,,2026-09-28T17:55:35Z,config/local_paths.yaml:literature_corpus_root
LIT-000330,202126200.json,202126200.json,.json,33808,bbe24623d8721ab6a1c7de1eabbde9cf4f31f83e0d03d4d07722603f677d774c,,ok,,2026-09-28T17:55:35Z,config/local_paths.yaml:literature_corpus_root
LIT-000331,202180200.json,202180200.json,.json,40914,b59ec08d7fe9e244c449cdddcf7b8150a94476776dff61a186125f56f839a064,,ok,,2026-09-28T17:55:35Z,config/local_paths.yaml:literature_corpus_root
LIT-000332,202183800.json,202183800.json,.json,35061,5abd724a254b155dc158646309308764726a10fb6730e538d1aeee30e98f447b,,ok,,2026-09-28T17:55:35Z,config/local_paths.yaml:literature_corpus_root
LIT-000333,202187100.json,202187100.json,.json,15847,a8cf3a0ae0db25c2ac65bc5b94d5a6d259cf2f46f7407a09a4dcb2670093da80,,ok,,2026-09-28T17:55:35Z,config/local_paths.yaml:literature_corpus_root
LIT-000334,202297500.json,202297500.json,.json,51653,e7ae2dfca8d6b57e0bc44cd9bb7b30c12e920d3b2d7d443ffb0be0ceeca1d14c,,ok,,2026-09-28T17:55:35Z,config/local_paths.yaml:literature_corpus_root
LIT-000335,202302900.json,202302900.json,.json,27587,08c3bec862df9b74042baa3677aa8a947542004465ea973afa2d7ecf7b10e53d,,ok,,2026-09-28T17:55:35Z,config/local_paths.yaml:literature_corpus_root
LIT-000336,202328700.json,202328700.json,.json,56799,a5b75a728d91dd7e65956408fe232216878e1cba07589a6acc71c2034a122c42,,ok,,2026-09-28T17:55:35Z,config/local_paths.yaml:literature_corpus_root
LIT-000337,202755800.json,202755800.json,.json,85531,64f869eea96c203e6e37333250c7e54203239d4211f2d7aa87a03c30935f2994,,ok,,2026-09-28T17:55:35Z,config/local_paths.yaml:literature_corpus_root
LIT-000338,202918700.json,202918700.json,.json,102346,2ec44c9e2e90bcc6ea45d48f2baa8d74bbd0f9e8f4eccff8c40c898b1d8029ee,,ok,,2026-09-28T17:55:35Z,config/local_paths.yaml:literature_corpus_root
LIT-000339,203134700.json,203134700.json,.json,31182,078e3972e966fdeeabc9cab5248f20e1eb02bdc7422d82fc05f723df2d21a86f,,ok,,2026-09-28T17:55:35Z,config/local_paths.yaml:literature_corpus_root
LIT-000340,203274600.json,203274600.json,.json,57076,5f66166491b875e427ae6c79b59799679f5dfb939ad4d1f984456badbda50b56,,ok,,2026-09-28T17:55:35Z,config/local_paths.yaml:literature_corpus_root
LIT-000341,204145900.json,204145900.json,.json,30908,16af6295fa477b5d32801999f4657b783458fff60b5cf3bc59eff57bbbf154cd,,ok,,2026-09-28T17:55:35Z,config/local_paths.yaml:literature_corpus_root
LIT-000342,204447000.json,204447000.json,.json,25986,5c98d68275b3a7a628a8177e231bbc16a4a8de3499bed261c0a35cfbb6c8ccf3,,ok,,2026-09-28T17:55:35Z,config/local_paths.yaml:literature_corpus_root
LIT-000343,204489800.json,204489800.json,.json,58829,7e5a6a26459dd711ca2c7cee89e0db7f213d3cc3587fdc3db9a1b676507a2fd8,,ok,,2026-09-28T17:55:35Z,config/local_paths.yaml:literature_corpus_root
LIT-000344,204787800.json,204787800.json,.json,31036,02e32a048a220f339e7e36be9ae0942a657a65195f9e9da08e5eddbdc0d98835,,ok,,2026-09-28T17:55:35Z,config/local_paths.yaml:literature_corpus_root
LIT-000345,20636100.json,20636100.json,.json,37211,0a106dd5e5ac6b355cb93c093249aecf7c664f740a9fbc950cce67faec81c45d,,ok,,2026-09-28T17:55:35Z,config/local_paths.yaml:literature_corpus_root
LIT-000346,207823200.json,207823200.json,.json,45542,a7f58d30ee24907b6f83c679dbf3381e00bb0392c66b1f1b97178548105eb1c2,,ok,,2026-09-28T17:55:35Z,config/local_paths.yaml:literature_corpus_root
LIT-000347,207924300.json,207924300.json,.json,48606,b589fe75aafda90e80606d7e63e8c3197256f35cf21863c29eea3722ce86c4a9,,ok,,2026-09-28T17:55:35Z,config/local_paths.yaml:literature_corpus_root
LIT-000348,207991500.json,207991500.json,.json,27702,205af63d4a5981e767774831e26ea0fc4b3a8e007910dabf59e4e0717b5f264a,,ok,,2026-09-28T17:55:35Z,config/local_paths.yaml:literature_corpus_root
LIT-000349,208217200.json,208217200.json,.json,59219,1adc495299d80e9d5f21f196944e7e8e3dd22768df6792f79701a7ed6d5174d6,,ok,,2026-09-28T17:55:35Z,config/local_paths.yaml:literature_corpus_root
LIT-000350,208298800.json,208298800.json,.json,49639,5fd8f857d8bae8318f8dc7afea74156bdf6f4561137aaea4eda5b2bc3aec1f08,,ok,,2026-09-28T17:55:35Z,config/local_paths.yaml:literature_corpus_root
LIT-000351,208572900.json,208572900.json,.json,30331,49e1d044df937fbf33ff0d770f521323d8e22c06690d0bd2d3deeb70bb99b327,,ok,,2026-09-28T17:55:35Z,config/local_paths.yaml:literature_corpus_root
LIT-000352,2086200.json,2086200.json,.json,22299,5704d618e871d33d67f0515e3612ee9c6197628c5f88f4ad836e3c17ca118e8b,,ok,,2026-09-28T17:55:35Z,config/local_paths.yaml:literature_corpus_root
LIT-000353,208620200.json,208620200.json,.json,46943,7228a40735977d168c945272b3e58b2ce523de13f03540a23c69dcf5a9f8fd52,,ok,,2026-09-28T17:55:35Z,config/local_paths.yaml:literature_corpus_root
LIT-000354,209168600.json,209168600.json,.json,47308,8f1d1edbd5a64664390fd35e4a6eec9dd90ba86c6539e8315f8fb728b34661ad,,ok,,2026-09-28T17:55:35Z,config/local_paths.yaml:literature_corpus_root
LIT-000355,209434200.json,209434200.json,.json,60552,6c1f184706ddd2280c158603809436a933227771f83bc0f373c3cc94f0f3bf05,,ok,,2026-09-28T17:55:35Z,config/local_paths.yaml:literature_corpus_root
LIT-000356,209491800.json,209491800.json,.json,43150,aaacbaea2e5eb80425aaa058c1bb994d68defedd6f03e4608860a41796ce7c94,,ok,,2026-09-28T17:55:35Z,config/local_paths.yaml:literature_corpus_root
LIT-000357,209492100.json,209492100.json,.json,51351,462f4904d22bf75d035a78c5c5105cccad43ea1e049862dbc854c98b53daba4d,,ok,,2026-09-28T17:55:35Z,config/local_paths.yaml:literature_corpus_root
LIT-000358,209508800.json,209508800.json,.json,50630,aed4cbacccfaab167fb93bb4e6afd56f4fbc44161037433e976fefb81d302a82,,ok,,2026-09-28T17:55:35Z,config/local_paths.yaml:literature_corpus_root
LIT-000359,209561600.json,209561600.json,.json,23628,2ccaace0690a07b7378fb4b5a36d0ae8f845570e9155032919a235f043f97a7e,,ok,,2026-09-28T17:55:35Z,config/local_paths.yaml:literature_corpus_root
LIT-000360,209775000.json,209775000.json,.json,36432,6c79427fb94e469e6e94584a56aa33f336883108b57ad9309cb4fdbdf00fdbe1,,ok,,2026-09-28T17:55:35Z,config/local_paths.yaml:literature_corpus_root
LIT-000361,209927500.json,209927500.json,.json,31501,6159e78130d4c018ac51138f1f913cb71f314cb0c4e539d61ca59b5ff5346e73,,ok,,2026-09-28T17:55:35Z,config/local_paths.yaml:literature_corpus_root
LIT-000362,210038100.json,210038100.json,.json,18525,104234834353bb22896a372506de6e5a73f8e2dc35b2b88304ec4c56abcf2dc1,,ok,,2026-09-28T17:55:35Z,config/local_paths.yaml:literature_corpus_root
LIT-000363,210152500.json,210152500.json,.json,54461,544df52ab1e06b8f097a2386e606f431cf1355de346e67ef1ad301624e1608b3,,ok,,2026-09-28T17:55:35Z,config/local_paths.yaml:literature_corpus_root
LIT-000364,210164900.json,210164900.json,.json,39900,6b6cf730f439dacf253cd868451859aa9ce1e7ad99277c7075e328f8566ce6e6,,ok,,2026-09-28T17:55:35Z,config/local_paths.yaml:literature_corpus_root
LIT-000365,210165900.json,210165900.json,.json,46915,d252623ff41bfd9d57fd2a98cfb7498f491a643b426fc14349aa60c75efbad1a,,ok,,2026-09-28T17:55:35Z,config/local_paths.yaml:literature_corpus_root
LIT-000366,210195600.json,210195600.json,.json,69575,7838ae8bc5c217f1aa3d47ed8b4d99b02134fb4fc7de7a67e1b5a02a6915f3b0,,ok,,2026-09-28T17:55:35Z,config/local_paths.yaml:literature_corpus_root
LIT-000367,210303300.json,210303300.json,.json,16785,0ccecb829106a06d23f69b32d5f10315053795861b58e99bfb9c361767016d54,,ok,,2026-09-28T17:55:35Z,config/local_paths.yaml:literature_corpus_root
LIT-000368,210612500.json,210612500.json,.json,11811,e705cd24da00c9b4ff80bf7ae5e98166d6acf0774f4761924b4ec8672d62b72b,,ok,,2026-09-28T17:55:35Z,config/local_paths.yaml:literature_corpus_root
LIT-000369,210700200.json,210700200.json,.json,76405,c959af35d117eef793d10e2a11df072e6fc28bb364492c3fb6df318e04204ab1,,ok,,2026-09-28T17:55:35Z,config/local_paths.yaml:literature_corpus_root
LIT-000370,210843200.json,210843200.json,.json,40274,afbfa1d7236a576b693f38fd57fcea538bd73cf6ce477db6d74aec6b05f85a9b,,ok,,2026-09-28T17:55:35Z,config/local_paths.yaml:literature_corpus_root
LIT-000371,210861500.json,210861500.json,.json,26380,fb65f6c11cf55af831877f44abc5b30154c9becdaea10a572d8ec144cfd9997d,,ok,,2026-09-28T17:55:35Z,config/local_paths.yaml:literature_corpus_root
LIT-000372,210876700.json,210876700.json,.json,31873,c4521e7007fe39314f243d8934ab3d14fc432cb8e26ddb9f37e9a773b00d7da8,,ok,,2026-09-28T17:55:35Z,config/local_paths.yaml:literature_corpus_root
LIT-000373,210879000.json,210879000.json,.json,60842,799fd4ba2efb53634423b36b2170b020ec23299da50ec7f88177cc4a59b0656d,,ok,,2026-09-28T17:55:35Z,config/local_paths.yaml:literature_corpus_root
LIT-000374,210894300.json,210894300.json,.json,37876,ad4165478a4f4400a1d771361956f3c85ba13e0211f83a8de2fcd1258dd59c7c,,ok,,2026-09-28T17:55:35Z,config/local_paths.yaml:literature_corpus_root
LIT-000375,210968000.json,210968000.json,.json,62010,9b0d1133c0649f58b58ffe84cc8d4deef2eb455603aa490a346b581a26cc6c51,,ok,,2026-09-28T17:55:35Z,config/local_paths.yaml:literature_corpus_root
LIT-000376,211002800.json,211002800.json,.json,28520,9fe4258ed05244199e26e8ed42f2d540ec1ec5b8dba26a7c10e85f14cc6a6d0c,,ok,,2026-09-28T17:55:35Z,config/local_paths.yaml:literature_corpus_root
LIT-000377,211035000.json,211035000.json,.json,26996,31ff2830098363559bd1191479c50b0acb3d8f80957754f64d7e6042dfe96fa4,,ok,,2026-09-28T17:55:35Z,config/local_paths.yaml:literature_corpus_root
LIT-000378,211039000.json,211039000.json,.json,56284,ee29efc651312bb2b2349053f57140cdc1cba6e9011638d1dd345a92d3b357c6,,ok,,2026-09-28T17:55:35Z,config/local_paths.yaml:literature_corpus_root
LIT-000379,211043100.json,211043100.json,.json,43832,c48ade556aceead7ba580a7de79da00fe5b4c38d0373ce65813b6fd116855220,,ok,,2026-09-28T17:55:35Z,config/local_paths.yaml:literature_corpus_root
LIT-000380,211083900.json,211083900.json,.json,17641,c659d100c16df45a3bae953ad6c9c3080e3a508a28a7f01d2174230ce9616616,,ok,,2026-09-28T17:55:35Z,config/local_paths.yaml:literature_corpus_root
LIT-000381,211092500.json,211092500.json,.json,45532,e6c8b631cda49aa6ff63da05cdf9f442ba1cce7cfb652bcba9017671ee0def69,,ok,,2026-09-28T17:55:35Z,config/local_paths.yaml:literature_corpus_root
LIT-000382,211139200.json,211139200.json,.json,156278,f094de64cb49f2c0981b248ad49fda34fade479d0d3c486a4138636952973709,,ok,,2026-09-28T17:55:35Z,config/local_paths.yaml:literature_corpus_root
LIT-000383,211190000.json,211190000.json,.json,30262,72f864b62cfd8788d4368e4e3cda054315f6ea680512825ba8404a5b8a810ea4,,ok,,2026-09-28T17:55:35Z,config/local_paths.yaml:literature_corpus_root
LIT-000384,211245400.json,211245400.json,.json,49616,373b57f6364e5bb0d393315e400de3fd0266f274e21b5e695151bf41f9357fcf,,ok,,2026-09-28T17:55:35Z,config/local_paths.yaml:literature_corpus_root
LIT-000385,211413100.json,211413100.json,.json,27580,86757934da73fdf0ca3f60d4a7ee16243bd382adfb084acbabf5957aa1c323cd,,ok,,2026-09-28T17:55:35Z,config/local_paths.yaml:literature_corpus_root
LIT-000386,211477300.json,211477300.json,.json,30861,0f4825d8cf99c3b265831263a80ff57f5b798ab6cbbbd051dde98eaa928f0910,,ok,,2026-09-28T17:55:35Z,config/local_paths.yaml:literature_corpus_root
LIT-000387,211479500.json,211479500.json,.json,46789,a6e0daaeb58a3f35b4aa32a6c652cbc65a26d447ca17e47d7a931f8da998c3fd,,ok,,2026-09-28T17:55:35Z,config/local_paths.yaml:literature_corpus_root
LIT-000388,211523800.json,211523800.json,.json,54175,b4ce177d7edc56077dc3c1c2004f9a98ff4f4c3eb26354cae64366f70f26cad9,,ok,,2026-09-28T17:55:35Z,config/local_paths.yaml:literature_corpus_root
LIT-000389,211549400.json,211549400.json,.json,10022,aedfe0ada9a0c9ec7465d5c554cb3419cfc7aa7dba31527110faac84037da878,,ok,,2026-09-28T17:55:35Z,config/local_paths.yaml:literature_corpus_root
LIT-000390,211829600.json,211829600.json,.json,30401,4230a9e225b54b143aa532faf76e3ab9486a25ee0959ae6df7679f0e98e61c06,,ok,,2026-09-28T17:55:35Z,config/local_paths.yaml:literature_corpus_root
LIT-000391,211829700.json,211829700.json,.json,61623,eae89fc55ad85564ca5e4d7d398b02f06047e6d25920afd52c641451e2b921d9,,ok,,2026-09-28T17:55:35Z,config/local_paths.yaml:literature_corpus_root
LIT-000392,212402700.json,212402700.json,.json,38080,a928b35f1df58fe1d88a37745da0674e96ee2f911cdae5bd6604ecacce80a7a5,,ok,,2026-09-28T17:55:35Z,config/local_paths.yaml:literature_corpus_root
LIT-000393,212428600.json,212428600.json,.json,32077,941adeddfbbce7646cb9d4a2bede93b6a5c1cf2e304d8f57f16375b3dc19008e,,ok,,2026-09-28T17:55:35Z,config/local_paths.yaml:literature_corpus_root
LIT-000394,212450700.json,212450700.json,.json,13026,637601c1e9d1ddadc632809877712ed5ffe2754444d884fb17590a97c1202f91,,ok,,2026-09-28T17:55:35Z,config/local_paths.yaml:literature_corpus_root
LIT-000395,212577900.json,212577900.json,.json,26791,7e2d5d4128ab0d2f8e43c804e25d77e7c39f9300ce7a43d0527180138581fcb8,,ok,,2026-09-28T17:55:35Z,config/local_paths.yaml:literature_corpus_root
LIT-000396,212579900.json,212579900.json,.json,46137,9fe8958dc4f1ccf81aa57b1fc7f5d7691e1fb350f35baba13152933a218a37f1,,ok,,2026-09-28T17:55:35Z,config/local_paths.yaml:literature_corpus_root
LIT-000397,212657500.json,212657500.json,.json,12191,7ab2ee4d6d15970823ce1bf91b67bb2ff9433bb8c6dc55e9ce6cf72227718392,,ok,,2026-09-28T17:55:35Z,config/local_paths.yaml:literature_corpus_root
LIT-000398,212762800.json,212762800.json,.json,29531,016bb573693b699fe0ab7e21fb986c7fa7c7a6f09680341f316da44f63adbc11,,ok,,2026-09-28T17:55:35Z,config/local_paths.yaml:literature_corpus_root
LIT-000399,212770900.json,212770900.json,.json,31126,fa94a2de62c933d3b86cda7f70bec869d0e4a207eea744cd43d65860e640fa8a,,ok,,2026-09-28T17:55:35Z,config/local_paths.yaml:literature_corpus_root
LIT-000400,212815500.json,212815500.json,.json,52946,b93e68dbf05992c24688fcc09744da4afde83650d2e75d679eeaa9c5f89cd693,,ok,,2026-09-28T17:55:35Z,config/local_paths.yaml:literature_corpus_root
LIT-000401,212897200.json,212897200.json,.json,38830,c7f0a6ed4b9857abcea48638192d96ee5c6a1ff87005b8abab2aceb28710b5b0,,ok,,2026-09-28T17:55:35Z,config/local_paths.yaml:literature_corpus_root
LIT-000402,212903400.json,212903400.json,.json,52260,70fd9085fb7ac67438830b9907bb29bb1468fea2b7758dc5ae5af572927064b9,,ok,,2026-09-28T17:55:35Z,config/local_paths.yaml:literature_corpus_root
LIT-000403,212923200.json,212923200.json,.json,34708,693c0c0d28dc6abd304659a94c2a477ab5871316118ae87e2cb6023afe1eaf7d,,ok,,2026-09-28T17:55:35Z,config/local_paths.yaml:literature_corpus_root
LIT-000404,212963900.json,212963900.json,.json,60622,0361b42edc617bc3732c6fb31f537c2b0f3000ac64ea7158b00de95e0eb61044,,ok,,2026-09-28T17:55:35Z,config/local_paths.yaml:literature_corpus_root
LIT-000405,213113300.json,213113300.json,.json,61732,5159040086e11eeddf5e7422f60d5d26385a9b14ea2433734c0df8108f7ea831,,ok,,2026-09-28T17:55:35Z,config/local_paths.yaml:literature_corpus_root
LIT-000406,213156100.json,213156100.json,.json,81359,448a0c83d23f89e44150ba72012e2fee43b9fa4d0632c7296c5fdc625cbc4b78,,ok,,2026-09-28T17:55:35Z,config/local_paths.yaml:literature_corpus_root
LIT-000407,213243000.json,213243000.json,.json,21499,bd5e093c19da9f25d6d7317e2b81a3a85d87d1fd9fb04cafd374c9e891b79e88,,ok,,2026-09-28T17:55:35Z,config/local_paths.yaml:literature_corpus_root
LIT-000408,213259400.json,213259400.json,.json,62086,79818ce26fa5ddee2c14f2e53172a5461584802f1782fb0f8e0adbebe5462a1b,,ok,,2026-09-28T17:55:35Z,config/local_paths.yaml:literature_corpus_root
LIT-000409,213288500.json,213288500.json,.json,39156,00b1f4ba0212bab278b0bcf5008461e44a0b3d7ba960869d2fdbea3a41a3e224,,ok,,2026-09-28T17:55:35Z,config/local_paths.yaml:literature_corpus_root
LIT-000410,213292600.json,213292600.json,.json,62433,15c700ab6d4dd420e2d1f8544dc28ee5398ac5ea906f4fe826246d271eb34d12,,ok,,2026-09-28T17:55:35Z,config/local_paths.yaml:literature_corpus_root
LIT-000411,213370000.json,213370000.json,.json,47543,64f97adbb42c616bcd85ca2fc20c21bba4e96ae46ef25ccdfc1606b1ad34ff9d,,ok,,2026-09-28T17:55:35Z,config/local_paths.yaml:literature_corpus_root
LIT-000412,213527500.json,213527500.json,.json,50487,317e6d9b60f9ba3160383c49aef6eeb3bd05ae1ec9341a66ba4383979dc45d35,,ok,,2026-09-28T17:55:35Z,config/local_paths.yaml:literature_corpus_root
LIT-000413,213532700.json,213532700.json,.json,23411,e46b1090f09f7bd937c0ae836a3399bde19f8eefe3dc60317522bf410803bc45,,ok,,2026-09-28T17:55:35Z,config/local_paths.yaml:literature_corpus_root
LIT-000414,213542300.json,213542300.json,.json,28264,4d33b5d2daaf3373725f5f2dad337da2c962b606f9f2be91a5e244c0a08af63f,,ok,,2026-09-28T17:55:35Z,config/local_paths.yaml:literature_corpus_root
LIT-000415,213625400.json,213625400.json,.json,35529,b72bb1fb5c66b58aa4b8773970dc316385a81bb50675fa566332e1e4fe21e4e1,,ok,,2026-09-28T17:55:35Z,config/local_paths.yaml:literature_corpus_root
LIT-000416,213638700.json,213638700.json,.json,17312,cbb49b1451d8ca4b00a7c471ab7f7f379d61d946971828f3dfce8ab54c596e1d,,ok,,2026-09-28T17:55:35Z,config/local_paths.yaml:literature_corpus_root
LIT-000417,213664700.json,213664700.json,.json,18360,a2e2c9a12d48cf712ab28d8b6be463f2ede8caf2853e0e4e2e7f8925b285511b,,ok,,2026-09-28T17:55:35Z,config/local_paths.yaml:literature_corpus_root
LIT-000418,213744700.json,213744700.json,.json,51158,56548733f41f7aa2f5934fd2025f46d9222b802fe28d29d6be5dba9cd89f7508,,ok,,2026-09-28T17:55:35Z,config/local_paths.yaml:literature_corpus_root
LIT-000419,213780300.json,213780300.json,.json,69094,1b4aa29813f6780a70bad7f71156a040e0f9f1c3b3a56f3e3deff4966efcb208,,ok,,2026-09-28T17:55:35Z,config/local_paths.yaml:literature_corpus_root
LIT-000420,213805700.json,213805700.json,.json,12712,5fa6f7b39cbad0426fbddfdc97d0f7c9aa30628879ae9667415a1f33dca3347c,,ok,,2026-09-28T17:55:35Z,config/local_paths.yaml:literature_corpus_root
LIT-000421,213823500.json,213823500.json,.json,12439,f6dc6e5f660527cdf692a96784074a36e209c4146ae86e8cd6dcd6b96b0c482f,,ok,,2026-09-28T17:55:35Z,config/local_paths.yaml:literature_corpus_root
LIT-000422,213868300.json,213868300.json,.json,57634,2a1fc7e3f62d6b97600e36fb973980e4330e978496510ade44329c9263eadfda,,ok,,2026-09-28T17:55:35Z,config/local_paths.yaml:literature_corpus_root
LIT-000423,213951900.json,213951900.json,.json,62277,1a9b98b220a60805456acdbd3c56c184f5d688164a4b3eb712f24ccc96c04a5a,,ok,,2026-09-28T17:55:35Z,config/local_paths.yaml:literature_corpus_root
LIT-000424,213954300.json,213954300.json,.json,49661,005938ac1674c11624e6e5f932e766f3d9785da1d9843942731e2925758d7249,,ok,,2026-09-28T17:55:35Z,config/local_paths.yaml:literature_corpus_root
LIT-000425,213967500.json,213967500.json,.json,62894,57eb8bc37c85cd51a09c9d7a4ac0a61b35a190594b3d8654053071495a10c2d5,,ok,,2026-09-28T17:55:35Z,config/local_paths.yaml:literature_corpus_root
LIT-000426,214045600.json,214045600.json,.json,15230,f600f164928155677840ec498b72d0397e37740aff161eb8f588ddbe44f82f48,,ok,,2026-09-28T17:55:35Z,config/local_paths.yaml:literature_corpus_root
LIT-000427,214094900.json,214094900.json,.json,15565,ad04cae414996e7905d209a5ece1a0ee74148e817a429cfb0114d9894b67d3b5,,ok,,2026-09-28T17:55:35Z,config/local_paths.yaml:literature_corpus_root
LIT-000428,214241200.json,214241200.json,.json,8191,2ea8117ce7279796d39ec5a07e3826a3e0a7addbdae37d17a2eef4ea64849004,,ok,,2026-09-28T17:55:35Z,config/local_paths.yaml:literature_corpus_root
LIT-000429,214307300.json,214307300.json,.json,22952,40cc0902fe7b4c926a6197f78f379773253a8bd56e29fff03867a21602b5d3c5,,ok,,2026-09-28T17:55:35Z,config/local_paths.yaml:literature_corpus_root
LIT-000430,214311200.json,214311200.json,.json,62211,a2a570951fc72745e54a907a4112e199c3b87882e18473f888e87d0d5a25cadc,,ok,,2026-09-28T17:55:35Z,config/local_paths.yaml:literature_corpus_root
LIT-000431,214346200.json,214346200.json,.json,23077,bcb63285c98e67edd553a0ef1bc81bc50779bd03b59a794a2407df2e6aec9ede,,ok,,2026-09-28T17:55:35Z,config/local_paths.yaml:literature_corpus_root
LIT-000432,214505700.json,214505700.json,.json,32058,6faa24c0817b6a3ccc1de13800160c07ecd2db93a282101abccfc48cd480f059,,ok,,2026-09-28T17:55:35Z,config/local_paths.yaml:literature_corpus_root
LIT-000433,214606300.json,214606300.json,.json,17548,89aeffb459024854cd1df33c4871f8ca1b82206ea1fb9b9c69386fb03bf51f7e,,ok,,2026-09-28T17:55:35Z,config/local_paths.yaml:literature_corpus_root
LIT-000434,21469300.json,21469300.json,.json,56462,6c625c8d902c24158d16cd104a0defa224b3305a5818351076fbfa3eb09d6566,,ok,,2026-09-28T17:55:35Z,config/local_paths.yaml:literature_corpus_root
LIT-000435,214715600.json,214715600.json,.json,11040,4c386682d925e7c382ba90e792ccf08f516010998c13c0714470ebb59f7a57c6,,ok,,2026-09-28T17:55:35Z,config/local_paths.yaml:literature_corpus_root
LIT-000436,214749700.json,214749700.json,.json,31054,7e6c7c79ca61777fa4d5e4d0096ee53c805c62255d37ed8c6554fbdf0c5d23ee,,ok,,2026-09-28T17:55:35Z,config/local_paths.yaml:literature_corpus_root
LIT-000437,214757700.json,214757700.json,.json,33860,783d9edd8101a30a1af9bddc10ba99c400da2a340805c05a7cbfc7e5585bec5f,,ok,,2026-09-28T17:55:35Z,config/local_paths.yaml:literature_corpus_root
LIT-000438,215240600.json,215240600.json,.json,35356,82176da3d025818c30e0d3c1dfa1f35c2c8a4956569f91b6058bacecdfa99d2b,,ok,,2026-09-28T17:55:35Z,config/local_paths.yaml:literature_corpus_root
LIT-000439,215733900.json,215733900.json,.json,34970,5893367eb792358778f21c832bfb03271cadfa3d6e11ae344c9aa4816cbdb5b2,,ok,,2026-09-28T17:55:35Z,config/local_paths.yaml:literature_corpus_root
LIT-000440,215737200.json,215737200.json,.json,33556,fc427144337df663e157445d4e5d622b52ba4778a509d592b316956c1b428858,,ok,,2026-09-28T17:55:35Z,config/local_paths.yaml:literature_corpus_root
LIT-000441,215752800.json,215752800.json,.json,36528,92339ddef7378605c71a5729024460e533fb01bfe95e05276c9b8ca536f7cc33,,ok,,2026-09-28T17:55:35Z,config/local_paths.yaml:literature_corpus_root
LIT-000442,215795100.json,215795100.json,.json,28807,654f00034b6302d9828cb1180b9a5c596b6aecca223cb57e367e6725cebdc539,,ok,,2026-09-28T17:55:35Z,config/local_paths.yaml:literature_corpus_root
LIT-000443,215893400.json,215893400.json,.json,36071,bd7690788d29cf9a88a5f861e91b5ffff4704bb70118e58893fe430da6cc640f,,ok,,2026-09-28T17:55:35Z,config/local_paths.yaml:literature_corpus_root
LIT-000444,216080500.json,216080500.json,.json,27588,fa3313c7f00dfb18defa39a80c2a8af959298e6f279e990d96a280e9ab215773,,ok,,2026-09-28T17:55:35Z,config/local_paths.yaml:literature_corpus_root
LIT-000445,216086400.json,216086400.json,.json,36227,c9499a0d57505a6f697c2288a74b4698fc1bb9c9daccfddc36d2fcfc7a0cb743,,ok,,2026-09-28T17:55:35Z,config/local_paths.yaml:literature_corpus_root
LIT-000446,216128600.json,216128600.json,.json,50365,7d4b2a605af8bb081280de8c3eff11fd3cec6a1dfbc788d6ae985f914291f8b3,,ok,,2026-09-28T17:55:35Z,config/local_paths.yaml:literature_corpus_root
LIT-000447,216172600.json,216172600.json,.json,14283,ee3b43cd03ec4ef42d186660b676d23955e14bb2bec6da93ffab072d5eb8e07f,,ok,,2026-09-28T17:55:35Z,config/local_paths.yaml:literature_corpus_root
LIT-000448,216203400.json,216203400.json,.json,18781,4fa153f189e77e695ffc1cd272c0c53a8d4c76c87327083aef16797e4e275d41,,ok,,2026-09-28T17:55:35Z,config/local_paths.yaml:literature_corpus_root
LIT-000449,216243000.json,216243000.json,.json,30101,2e103be61cd8bf3fb866740a344e20b9887a8118f03c1521475caaf00ca433af,,ok,,2026-09-28T17:55:35Z,config/local_paths.yaml:literature_corpus_root
LIT-000450,216245500.json,216245500.json,.json,82265,b3cddf7909481c2a255c17d0356973ef938d5b9c1224ed432bbccd1e2ca035bc,,ok,,2026-09-28T17:55:35Z,config/local_paths.yaml:literature_corpus_root
LIT-000451,216309900.json,216309900.json,.json,39545,7be3b4a477c39d405c452f94dea85138677221c3b54e82d5e8123487a7c73e17,,ok,,2026-09-28T17:55:35Z,config/local_paths.yaml:literature_corpus_root
LIT-000452,216341500.json,216341500.json,.json,13667,9851524e0175fc674ccb75e26428cb73e50a2df16f49d6a2bbb53fbd9074b8de,,ok,,2026-09-28T17:55:35Z,config/local_paths.yaml:literature_corpus_root
LIT-000453,216342900.json,216342900.json,.json,73282,f142177111e659c8fb8092ccc718945abbe1f929c40157cbb969d5188d4942f9,,ok,,2026-09-28T17:55:35Z,config/local_paths.yaml:literature_corpus_root
LIT-000454,216370400.json,216370400.json,.json,35403,9214259707844bba4a3bee45da527fc6f3d57480f73fb3fbd17a020b1085f7f9,,ok,,2026-09-28T17:55:35Z,config/local_paths.yaml:literature_corpus_root
LIT-000455,216398000.json,216398000.json,.json,35850,d6c687345205b10f4801b93ca1e9a1d7aa213a31fc8be132bd9bd71688bb41b1,,ok,,2026-09-28T17:55:35Z,config/local_paths.yaml:literature_corpus_root
LIT-000456,216420700.json,216420700.json,.json,24324,9e96f17587f379677eae38765706cb4f85f544e0ccdd66f9a2a5e1d1156ff69f,,ok,,2026-09-28T17:55:35Z,config/local_paths.yaml:literature_corpus_root
LIT-000457,216422800.json,216422800.json,.json,42341,8c9ada5289cf5c4a47b9306049642f8d3f3af7dcaf5daee87154b48b6194935f,,ok,,2026-09-28T17:55:35Z,config/local_paths.yaml:literature_corpus_root
LIT-000458,216490300.json,216490300.json,.json,11396,037a1643e93b54ad9763d60f17db31a0096d7cbad0b712c8bcb0c2f5efa12309,,ok,,2026-09-28T17:55:35Z,config/local_paths.yaml:literature_corpus_root
LIT-000459,216510100.json,216510100.json,.json,57323,ae0eb2980d6d2fd02740d2e14a339c115c6eb536e44d7daafc46a29b0b9a4324,,ok,,2026-09-28T17:55:35Z,config/local_paths.yaml:literature_corpus_root
LIT-000460,216518200.json,216518200.json,.json,18077,de7e5fd41bd779b9dfb152404d07587e00c45964d82c32ee7327e3dff8740b7d,,ok,,2026-09-28T17:55:35Z,config/local_paths.yaml:literature_corpus_root
LIT-000461,216518900.json,216518900.json,.json,17173,2dd2c0744f5f9a081cc726e0fd61a58c5f560d4081ce526c8eb81fedaedb60ca,,ok,,2026-09-28T17:55:35Z,config/local_paths.yaml:literature_corpus_root
LIT-000462,216531600.json,216531600.json,.json,37731,9787e79fab6c5bb36b27076a7dc76f07f7e00daddc99309e40c4fb6bba73f4bf,,ok,,2026-09-28T17:55:35Z,config/local_paths.yaml:literature_corpus_root
LIT-000463,216648200.json,216648200.json,.json,46450,3c4e0822e58cc03ac39c436aa0c9adb40012f8974d4a62ab984bb8758bd0a393,,ok,,2026-09-28T17:55:35Z,config/local_paths.yaml:literature_corpus_root
LIT-000464,216650800.json,216650800.json,.json,34266,c41b6d9f416c516391e4f980dd6fa78bf10752c1f9ea5e86fd5d8dab60c083d2,,ok,,2026-09-28T17:55:35Z,config/local_paths.yaml:literature_corpus_root
LIT-000465,21754000.json,21754000.json,.json,34786,7244b30b34f1cdd7b91291bf283f799f63d2278c278ffe45209c2a193e2b68ff,,ok,,2026-09-28T17:55:35Z,config/local_paths.yaml:literature_corpus_root
LIT-000466,218513200.json,218513200.json,.json,63960,b248f154a7f0c360ef00590ccb7224671bcbc7110c5037b1349207f0bf039e54,,ok,,2026-09-28T17:55:35Z,config/local_paths.yaml:literature_corpus_root
LIT-000467,218649900.json,218649900.json,.json,43392,f22bb7e67cae13bc5c1f822e5cf5e4665fde2ce19b9d10a63fe69a18a86689c8,,ok,,2026-09-28T17:55:35Z,config/local_paths.yaml:literature_corpus_root
LIT-000468,218655700.json,218655700.json,.json,49344,9009fba210e92212a9e7c4566a2408ae630a231c0cd57398dd70a20885b3355f,,ok,,2026-09-28T17:55:35Z,config/local_paths.yaml:literature_corpus_root
LIT-000469,218687900.json,218687900.json,.json,98894,439b9b4dec081cb1027e2ffae21c62d012784977c43091e1be46b41fcf987b4f,,ok,,2026-09-28T17:55:35Z,config/local_paths.yaml:literature_corpus_root
LIT-000470,218777500.json,218777500.json,.json,55288,0aac33b50e88828317eb86cdb3425c4c3864e0a8b6c5c2d4d9e68fca3a22c207,,ok,,2026-09-28T17:55:35Z,config/local_paths.yaml:literature_corpus_root
LIT-000471,218817700.json,218817700.json,.json,36443,982a1a3bdb20790c12244a69b2f52804a3891e5ad124179b47cfc7c008148e8b,,ok,,2026-09-28T17:55:35Z,config/local_paths.yaml:literature_corpus_root
LIT-000472,218951500.json,218951500.json,.json,47480,1cdf02d5854dfe2a688bb525ebd8f08c180d8dc0785f5498f4ecfea1d4bd1b27,,ok,,2026-09-28T17:55:35Z,config/local_paths.yaml:literature_corpus_root
LIT-000473,218956300.json,218956300.json,.json,35767,d3396a2d808d3b823c5507095f8056e73e868197e6a2da1f382bebc44689d231,,ok,,2026-09-28T17:55:35Z,config/local_paths.yaml:literature_corpus_root
LIT-000474,218994900.json,218994900.json,.json,20077,b279606d055f696c9bcc61238ad428ead6213864aa2160c46d10856e59a946b4,,ok,,2026-09-28T17:55:35Z,config/local_paths.yaml:literature_corpus_root
LIT-000475,219003200.json,219003200.json,.json,140368,b1a79a4fa9dd4851b778e5d07f4031021b23aa415d006220679352a381e334d4,,ok,,2026-09-28T17:55:35Z,config/local_paths.yaml:literature_corpus_root
LIT-000476,219021000.json,219021000.json,.json,65787,e0585e9c64f4e4a0b1e08883a4f8fe1af818c933838097d7fa7ff5ca394c8af9,,ok,,2026-09-28T17:55:35Z,config/local_paths.yaml:literature_corpus_root
LIT-000477,219021900.json,219021900.json,.json,25192,afb894b35519c30ca25bc1b02584d3fc297893e1fcfa6f7cff79ecf4bb165386,,ok,,2026-09-28T17:55:35Z,config/local_paths.yaml:literature_corpus_root
LIT-000478,219095600.json,219095600.json,.json,59403,793650400345af90ae2223e8db301bff30015557412bec95b2b365f6b7df9e13,,ok,,2026-09-28T17:55:35Z,config/local_paths.yaml:literature_corpus_root
LIT-000479,219171300.json,219171300.json,.json,29179,11384191fa233164adc45b43996e46263a41a50ab57c203cea55151b98541a0f,,ok,,2026-09-28T17:55:35Z,config/local_paths.yaml:literature_corpus_root
LIT-000480,219174300.json,219174300.json,.json,25535,c82acba77091e2639847caf13d619b2662ec71d025ae72596f6e4e3973bf75be,,ok,,2026-09-28T17:55:35Z,config/local_paths.yaml:literature_corpus_root
LIT-000481,219184100.json,219184100.json,.json,48082,f601c5e7a36a938e2f473b5d4d66878e175bc068224d100a5926ab1e14cf698a,,ok,,2026-09-28T17:55:35Z,config/local_paths.yaml:literature_corpus_root
LIT-000482,219304900.json,219304900.json,.json,23636,eea31059b8c21291557bf32aba15cd124a62a78db79a95968c963a94e4fa71e8,,ok,,2026-09-28T17:55:35Z,config/local_paths.yaml:literature_corpus_root
LIT-000483,219408500.json,219408500.json,.json,35404,ad7a329ee312bb59ebf5c0c79b017204267afaf96dc2d84a7c380d4e6556172c,,ok,,2026-09-28T17:55:35Z,config/local_paths.yaml:literature_corpus_root
LIT-000484,219409400.json,219409400.json,.json,27174,1f8b5f61629ac709d2f374c730b85c43cf483085fc2146d33a0ebb73149919cb,,ok,,2026-09-28T17:55:35Z,config/local_paths.yaml:literature_corpus_root
LIT-000485,219432600.json,219432600.json,.json,28551,feba932fd0308b63cc7e3fbba11fdf12a8d9463cdb49db68e86152b6ebeb52b9,,ok,,2026-09-28T17:55:35Z,config/local_paths.yaml:literature_corpus_root
LIT-000486,219449400.json,219449400.json,.json,38704,89330441029a54c6e5c47059d8560f9849c8651e80a79c718669eaec687d2da2,,ok,,2026-09-28T17:55:35Z,config/local_paths.yaml:literature_corpus_root
LIT-000487,219456500.json,219456500.json,.json,29259,1dab9538971cf122f1e69679d1ebc7f236e6297f53bd52dbf5b400c972b8fad1,,ok,,2026-09-28T17:55:35Z,config/local_paths.yaml:literature_corpus_root
LIT-000488,219466300.json,219466300.json,.json,41269,603d12ec38af3aac077d5391ea7517886fd4e5782b64bd5d97b0afe413db1846,,ok,,2026-09-28T17:55:35Z,config/local_paths.yaml:literature_corpus_root
LIT-000489,219491600.json,219491600.json,.json,45885,b27fdbc5246bb4d4cd8a59e39ee5150dc7077adc3423e915af38647b4000c185,,ok,,2026-09-28T17:55:35Z,config/local_paths.yaml:literature_corpus_root
LIT-000490,219501000.json,219501000.json,.json,16726,23f20d6f64eeddd241d4c41c787fd04415bece215ed987ac04f5609f3549cd40,,ok,,2026-09-28T17:55:35Z,config/local_paths.yaml:literature_corpus_root
LIT-000491,219524300.json,219524300.json,.json,37369,0345706ebc0e85428aa54d24f1fd0632ce6e3367fde2fb5c99769e28218f4e60,,ok,,2026-09-28T17:55:35Z,config/local_paths.yaml:literature_corpus_root
LIT-000492,219559200.json,219559200.json,.json,36658,1a6e9f31bb11bcf7f5a9c728ca314ecd707ad157308546cfefa8cd2f09b1b316,,ok,,2026-09-28T17:55:35Z,config/local_paths.yaml:literature_corpus_root
LIT-000493,219561900.json,219561900.json,.json,51740,55056e0649c2602898c10cf626295bd627bc8a72f22fc9724eed559353df5734,,ok,,2026-09-28T17:55:35Z,config/local_paths.yaml:literature_corpus_root
LIT-000494,219568000.json,219568000.json,.json,44179,3aeba6f32826e31cda5a338029fc1d98d2628fb3df4135bba930dff19111be2f,,ok,,2026-09-28T17:55:35Z,config/local_paths.yaml:literature_corpus_root
LIT-000495,219589300.json,219589300.json,.json,23667,8087b540dd03877e37c665264b806983861ac5cecea817c6adfbe4b6d7b2fd92,,ok,,2026-09-28T17:55:35Z,config/local_paths.yaml:literature_corpus_root
LIT-000496,219674300.json,219674300.json,.json,56044,aa2de7568a77c35feaa70e104229e4a858a169619f9d75587ab3155d7165bda1,,ok,,2026-09-28T17:55:35Z,config/local_paths.yaml:literature_corpus_root
LIT-000497,219682100.json,219682100.json,.json,42680,0e119705aaa84a59c8e4c64f8e481d1aee9d9be50e9d87b196ca4c01ab978d80,,ok,,2026-09-28T17:55:35Z,config/local_paths.yaml:literature_corpus_root
LIT-000498,219709900.json,219709900.json,.json,40644,6bebedac5ff8bf2d1a99b143b9dbe1e272408ecdfbdc112b669ec74b882c6b52,,ok,,2026-09-28T17:55:35Z,config/local_paths.yaml:literature_corpus_root
LIT-000499,219732900.json,219732900.json,.json,36601,8bbf7b1a7d34ea3beb0c27b35f6cbd96741913023fa1aee539a1908ba191b272,,ok,,2026-09-28T17:55:35Z,config/local_paths.yaml:literature_corpus_root
LIT-000500,219760000.json,219760000.json,.json,31998,7c78efde9a0f91604d7204b5e1a49e06c38096118e2fa0fbb44c283d9e9e9aab,,ok,,2026-09-28T17:55:35Z,config/local_paths.yaml:literature_corpus_root
LIT-000501,219783300.json,219783300.json,.json,23808,4f35ab5030184d7becdf60e01a02613a7abef94c4179021bd476e5b8c925df7d,,ok,,2026-09-28T17:55:35Z,config/local_paths.yaml:literature_corpus_root
LIT-000502,219917700.json,219917700.json,.json,48333,8b7f597fb404a19d00fdcbfa4f342771c3dc52456c4d515c9dea0ae9a9cb6b63,,ok,,2026-09-28T17:55:35Z,config/local_paths.yaml:literature_corpus_root
LIT-000503,219921300.json,219921300.json,.json,20292,68ae67ce47d57717a6804c77451ade16dd6f281d0d2fea6d33b93d851cee8219,,ok,,2026-09-28T17:55:35Z,config/local_paths.yaml:literature_corpus_root
LIT-000504,219947500.json,219947500.json,.json,97738,902f969310f1392d6b4bf5a284eb50fa0c934801bda0c5a2dcad9e7b5bed11fa,,ok,,2026-09-28T17:55:35Z,config/local_paths.yaml:literature_corpus_root
LIT-000505,219969800.json,219969800.json,.json,21435,5f68153075457b1566d8bf3131f5fee2f62dab2531d2b8513f0dcefbba03e309,,ok,,2026-09-28T17:55:35Z,config/local_paths.yaml:literature_corpus_root
LIT-000506,219984700.json,219984700.json,.json,58880,8afd58d5d1370d559eb4979032d74cf24da3086cbb98679a86a98a369b6dd088,,ok,,2026-09-28T17:55:35Z,config/local_paths.yaml:literature_corpus_root
LIT-000507,220369700.json,220369700.json,.json,26291,e053694b57fa5144a526ced50b2c875bceb3211477c8c640509333ecb06c4020,,ok,,2026-09-28T17:55:35Z,config/local_paths.yaml:literature_corpus_root
LIT-000508,220379700.json,220379700.json,.json,28048,fe60f1ea999d6525c1d5b3ff00ba2c0473674b527d138cf1e2275b940213e655,,ok,,2026-09-28T17:55:35Z,config/local_paths.yaml:literature_corpus_root
LIT-000509,220403400.json,220403400.json,.json,36116,b06bfec3ba3a7aedd7b7c42382c265e35d3e753332315f9590532a6f6f9ed8e1,,ok,,2026-09-28T17:55:35Z,config/local_paths.yaml:literature_corpus_root
LIT-000510,220428600.json,220428600.json,.json,19792,51442316fa2e0209ccddfa0488db265fd9b18a7499d071486cffc2adc65443a9,,ok,,2026-09-28T17:55:35Z,config/local_paths.yaml:literature_corpus_root
LIT-000511,220479200.json,220479200.json,.json,33388,730266f7f93666e31e5e0da6c3edc25723fd72793ab8ad48135526ba680efda0,,ok,,2026-09-28T17:55:35Z,config/local_paths.yaml:literature_corpus_root
LIT-000512,220505300.json,220505300.json,.json,21197,a80de40cac13cb80e38544da54a176292bc65e3f514969df65e3fa6ca44aac31,,ok,,2026-09-28T17:55:35Z,config/local_paths.yaml:literature_corpus_root
LIT-000513,220602100.json,220602100.json,.json,36582,cc227f16eb82729006a2bd5aa41a0760ba3dc4443ef07343be7640a782b9d82b,,ok,,2026-09-28T17:55:35Z,config/local_paths.yaml:literature_corpus_root
LIT-000514,220715300.json,220715300.json,.json,26501,f9581f1f5fc27ba31208e2e820f05130603379a359a8a567b96d5efb8dbc03d1,,ok,,2026-09-28T17:55:35Z,config/local_paths.yaml:literature_corpus_root
LIT-000515,220746500.json,220746500.json,.json,24314,ad742bd43ffb94e1f72d3fbdca0aaaafffec428cabae9946acb2d4ad07fd804d,,ok,,2026-09-28T17:55:35Z,config/local_paths.yaml:literature_corpus_root
LIT-000516,221037000.json,221037000.json,.json,50847,da0523e1dba8847e8ea2570e65837434f26e728caf23696f46c81b5f609a6473,,ok,,2026-09-28T17:55:35Z,config/local_paths.yaml:literature_corpus_root
LIT-000517,221038500.json,221038500.json,.json,35716,e75c15ff338af2ba763c34bb59dbbb30809fdebe5a7d06887ff9e545c94c8935,,ok,,2026-09-28T17:55:35Z,config/local_paths.yaml:literature_corpus_root
LIT-000518,221106300.json,221106300.json,.json,52556,e10420799ebc0eba9c48ed1ae1f94d9b7031ac1a319591fd25bae2dd01e45fac,,ok,,2026-09-28T17:55:35Z,config/local_paths.yaml:literature_corpus_root
LIT-000519,221115000.json,221115000.json,.json,36677,ea74ebe3a9f45917c4c5dce172a912f3951e638201e66c0e1cec87b963827f18,,ok,,2026-09-28T17:55:35Z,config/local_paths.yaml:literature_corpus_root
LIT-000520,221174500.json,221174500.json,.json,23148,4c3fd4d58ac0f10dd5d60887e9b8488413f93a5f687d54ae31751936c68f4732,,ok,,2026-09-28T17:55:35Z,config/local_paths.yaml:literature_corpus_root
LIT-000521,221215200.json,221215200.json,.json,19619,1d2abfaaf1d3581df60a7ffa63d7041ce6a9367922f572268abfd3bec7d7b5d0,,ok,,2026-09-28T17:55:35Z,config/local_paths.yaml:literature_corpus_root
LIT-000522,2212200.json,2212200.json,.json,44977,3958514f941bc65980fb8287314dd56c24d89568277cda2369dddf41f3d52e0c,,ok,,2026-09-28T17:55:35Z,config/local_paths.yaml:literature_corpus_root
LIT-000523,221222300.json,221222300.json,.json,51300,71447286e6d1b135cda008f3258419772a7623272935194adfc7e12d4dcf591b,,ok,,2026-09-28T17:55:35Z,config/local_paths.yaml:literature_corpus_root
LIT-000524,221371300.json,221371300.json,.json,43200,d275315b0d6892e9262d6090717a42511c4427c144e2cce9d5bead63d6180e64,,ok,,2026-09-28T17:55:35Z,config/local_paths.yaml:literature_corpus_root
LIT-000525,221374000.json,221374000.json,.json,41980,c689a3401fd73c30abf9edba6c9f5a93de5bf46213b6916014221012774172bc,,ok,,2026-09-28T17:55:35Z,config/local_paths.yaml:literature_corpus_root
LIT-000526,221462100.json,221462100.json,.json,46891,57496f6318859876d664a8032f4bd3457d38a95540b174bd08cae59cce11cfd1,,ok,,2026-09-28T17:55:35Z,config/local_paths.yaml:literature_corpus_root
LIT-000527,221470400.json,221470400.json,.json,53001,5f9e383ab704f05d05210700b61eac6352606d4a32f52317c8d2b808c1f26b52,,ok,,2026-09-28T17:55:35Z,config/local_paths.yaml:literature_corpus_root
LIT-000528,221478900.json,221478900.json,.json,32050,67a44bdc588b79eb89f014881c34b8fccc0292c4384b70151abe11678f20ae0d,,ok,,2026-09-28T17:55:35Z,config/local_paths.yaml:literature_corpus_root
LIT-000529,221497800.json,221497800.json,.json,44025,22c949efa2a081c32f9932a1f12e3ebf346739c2d3911ed1770b9cc352f7a315,,ok,,2026-09-28T17:55:35Z,config/local_paths.yaml:literature_corpus_root
LIT-000530,221508300.json,221508300.json,.json,46155,0e71795ab53091d0f3c74274329cac78e0292ffe99b06b2ae75994faa7ae5b7a,,ok,,2026-09-28T17:55:35Z,config/local_paths.yaml:literature_corpus_root
LIT-000531,221521900.json,221521900.json,.json,37503,5a5afced1efc3851fbe94701a7bad17c9d793dba22032c613841090e0e68991c,,ok,,2026-09-28T17:55:35Z,config/local_paths.yaml:literature_corpus_root
LIT-000532,221524000.json,221524000.json,.json,26721,e06d31f9d421dc9af5cff4d55e722b2726235e9f111992c116b24b86862f00e1,,ok,,2026-09-28T17:55:35Z,config/local_paths.yaml:literature_corpus_root
LIT-000533,221539000.json,221539000.json,.json,40746,037d74dd720489e48fb4d6e38f9aff284e5fe648725dd807c7e0bf418db3f0e2,,ok,,2026-09-28T17:55:35Z,config/local_paths.yaml:literature_corpus_root
LIT-000534,221559700.json,221559700.json,.json,9149,a6a2eabbf23ac34cb02d96ef118376daee37cb5fad72b78d16127ce1294466ed,,ok,,2026-09-28T17:55:35Z,config/local_paths.yaml:literature_corpus_root
LIT-000535,221589400.json,221589400.json,.json,11924,45a719e48dca2a6b548a852d94c11107c2220d94e18d46e54a42e13fbd2d4945,,ok,,2026-09-28T17:55:35Z,config/local_paths.yaml:literature_corpus_root
LIT-000536,221662700.json,221662700.json,.json,25179,ef3fdb80711e4f9898862db01ca11866ecb94cb95b9dcd8cc626282e3c872585,,ok,,2026-09-28T17:55:35Z,config/local_paths.yaml:literature_corpus_root
LIT-000537,221679100.json,221679100.json,.json,27818,7eca18f3304331c163852f913bc7024ff199223787cb4c1149831e221f1424d0,,ok,,2026-09-28T17:55:35Z,config/local_paths.yaml:literature_corpus_root
LIT-000538,221695000.json,221695000.json,.json,15370,c088e32883429bfc6b8bbcfbbbb8439b86c63a68028063f5effcbcb3e5ed3d8a,,ok,,2026-09-28T17:55:35Z,config/local_paths.yaml:literature_corpus_root
LIT-000539,221787500.json,221787500.json,.json,23174,9e186658ee9a9a557cc829fa3d941570851c05845f695cc86850de458d84058a,,ok,,2026-09-28T17:55:35Z,config/local_paths.yaml:literature_corpus_root
LIT-000540,221805000.json,221805000.json,.json,29411,60423537b67730c4feaad3189e71d9f17bf31bbbaccf1ab2f0b68420f4c1fbf0,,ok,,2026-09-28T17:55:35Z,config/local_paths.yaml:literature_corpus_root
LIT-000541,221857100.json,221857100.json,.json,237864,4c7816eafff138ee5c10f3ecc2e07689e98db2593016a3839a5972b28f91f402,,ok,,2026-09-28T17:55:35Z,config/local_paths.yaml:literature_corpus_root
LIT-000542,221970300.json,221970300.json,.json,23684,dd908312cbf4c976f2ab89e3367f588de8a907e8feb053e989b21d07978bebfd,,ok,,2026-09-28T17:55:35Z,config/local_paths.yaml:literature_corpus_root
LIT-000543,221980600.json,221980600.json,.json,54253,ac5a2a9919d812819b3f8bdb6508a2da885f2f748b50fc971cb8d12ca39fc0eb,,ok,,2026-09-28T17:55:35Z,config/local_paths.yaml:literature_corpus_root
LIT-000544,221980900.json,221980900.json,.json,60608,0a51896fa267b8113423a561ca0a1a0f09a4fede0b08cdddd1e08100378eda63,,ok,,2026-09-28T17:55:35Z,config/local_paths.yaml:literature_corpus_root
LIT-000545,222008400.json,222008400.json,.json,19540,cfc70273f2799c797659b1a25fe660355ee94b950cec4fddf9e8a8bcedcbf168,,ok,,2026-09-28T17:55:35Z,config/local_paths.yaml:literature_corpus_root
LIT-000546,222071500.json,222071500.json,.json,22372,d25cea1fcd1450969549efa4869d2ffd28b0ab90667af6e3417869253b552852,,ok,,2026-09-28T17:55:35Z,config/local_paths.yaml:literature_corpus_root
LIT-000547,222120000.json,222120000.json,.json,40264,b1fc8f20e83e6db039b335bf09f4de6bbc6640656b3abf66d1f5928f24903a52,,ok,,2026-09-28T17:55:35Z,config/local_paths.yaml:literature_corpus_root
LIT-000548,222121600.json,222121600.json,.json,24491,546105390bdd0a588808b9acb4a387c7f9e8eee4c755560376bcb8d4636839a9,,ok,,2026-09-28T17:55:35Z,config/local_paths.yaml:literature_corpus_root
LIT-000549,222123600.json,222123600.json,.json,64195,cc9a6bae4980d7a4a6084fff7433f76ef8d452700606415113ca573c00e0d889,,ok,,2026-09-28T17:55:35Z,config/local_paths.yaml:literature_corpus_root
LIT-000550,222131200.json,222131200.json,.json,41345,68af2f9862f55cd873245cd7705d6ef19401b02224a4c216862bdebfe662c103,,ok,,2026-09-28T17:55:35Z,config/local_paths.yaml:literature_corpus_root
LIT-000551,222146800.json,222146800.json,.json,29272,049c880c907d96235610aedce13529633da7d2c1896c2dc16684026d20e43fb4,,ok,,2026-09-28T17:55:35Z,config/local_paths.yaml:literature_corpus_root
LIT-000552,222157700.json,222157700.json,.json,28718,de2ba61dd21f45f198410b8fd14d51e6a70727ecf7eeb9028f83e37a13be573b,,ok,,2026-09-28T17:55:35Z,config/local_paths.yaml:literature_corpus_root
LIT-000553,222226300.json,222226300.json,.json,19731,d492f4323cfe2dd28219d36c9bb03530f638c06cc5883ed83229d503347cf2d4,,ok,,2026-09-28T17:55:35Z,config/local_paths.yaml:literature_corpus_root
LIT-000554,222343900.json,222343900.json,.json,14050,7313325e0d6e287146d468979ea567732dad895f2112bf040094e9faf6c0718c,,ok,,2026-09-28T17:55:35Z,config/local_paths.yaml:literature_corpus_root
LIT-000555,222413200.json,222413200.json,.json,47300,dc2b2663f524a477473a45d65423438ac81828c2a9490a05ad12a5f6f4398d0b,,ok,,2026-09-28T17:55:35Z,config/local_paths.yaml:literature_corpus_root
LIT-000556,22316600.json,22316600.json,.json,33166,33e44843285968dea7c165d045aad8885a752e14c874bb3165b0f0006841c221,,ok,,2026-09-28T17:55:35Z,config/local_paths.yaml:literature_corpus_root
LIT-000557,223560000.json,223560000.json,.json,20814,8a7763749615a1a2f21f686d01eaaadbf20631f746e8c7f9148cf193b8773d44,,ok,,2026-09-28T17:55:35Z,config/local_paths.yaml:literature_corpus_root
LIT-000558,223851200.json,223851200.json,.json,108876,936a66b376daecab1c9853ad31fe446e55a019a05d354916b012a501c0f8d683,,ok,,2026-09-28T17:55:35Z,config/local_paths.yaml:literature_corpus_root
LIT-000559,2246200.json,2246200.json,.json,52548,7d937ee33b40ae987b4be88dfcf8303a5afc22450735611d753be1b82a428536,,ok,,2026-09-28T17:55:35Z,config/local_paths.yaml:literature_corpus_root
LIT-000560,224811100.json,224811100.json,.json,58252,1e25194313b2b6157e38bfdcea39c18b36090c2ebbca6ca2f7605535915d1321,,ok,,2026-09-28T17:55:35Z,config/local_paths.yaml:literature_corpus_root
LIT-000561,224881700.json,224881700.json,.json,59006,7cdae437c634c85c7c7ec2e31272900d7d062aa56e7c89ae375696862c934ba2,,ok,,2026-09-28T17:55:35Z,config/local_paths.yaml:literature_corpus_root
LIT-000562,224886500.json,224886500.json,.json,31907,39cd6002c21829883c1fa5380c4ac9008beef3b99e930f4c8e94baaba7771469,,ok,,2026-09-28T17:55:35Z,config/local_paths.yaml:literature_corpus_root
LIT-000563,224892500.json,224892500.json,.json,59464,efb663f68046c9094a20449d3ed774dabac6ddda40053d71b5551d004e6fc57f,,ok,,2026-09-28T17:55:35Z,config/local_paths.yaml:literature_corpus_root
LIT-000564,224907300.json,224907300.json,.json,13231,8183e1083639009a624b9bde7f4c4bef9a84bb5d2b48f17f688e315c32ae6f9b,,ok,,2026-09-28T17:55:35Z,config/local_paths.yaml:literature_corpus_root
LIT-000565,224999300.json,224999300.json,.json,41036,bc7f7c917e6a188eea4aab4db145d896aee1bf7816050cfbcd9074126250dcae,,ok,,2026-09-28T17:55:35Z,config/local_paths.yaml:literature_corpus_root
LIT-000566,225060500.json,225060500.json,.json,58551,3933184e0ef4ef737b8a9b058674913c9c2c9d13d2763189da6f2e9e0ad0790a,,ok,,2026-09-28T17:55:35Z,config/local_paths.yaml:literature_corpus_root
LIT-000567,225075800.json,225075800.json,.json,46152,83a3e3a28954bb50b1029535488fa9e5c214584566acbe91cd09f5a5ad2ca635,,ok,,2026-09-28T17:55:35Z,config/local_paths.yaml:literature_corpus_root
LIT-000568,225078300.json,225078300.json,.json,59028,0616f7f13c1a931aeafe9d4ee29f231cd7c0dcf65a46f438e15579f2e9689caa,,ok,,2026-09-28T17:55:35Z,config/local_paths.yaml:literature_corpus_root
LIT-000569,225105700.json,225105700.json,.json,23802,88099bae9c9be4e90749042eab718ca370d51af4785dc4f036452c034accd6b9,,ok,,2026-09-28T17:55:35Z,config/local_paths.yaml:literature_corpus_root
LIT-000570,225106300.json,225106300.json,.json,97505,cec6004f66228d222090dbcec9f79ac415013671ca2a8a5d718159dffb16dfe5,,ok,,2026-09-28T17:55:35Z,config/local_paths.yaml:literature_corpus_root
LIT-000571,225107600.json,225107600.json,.json,100419,920fa34cfffd7c85229c6a131d98ad519d4f65d737055c242736148aa161f01f,,ok,,2026-09-28T17:55:35Z,config/local_paths.yaml:literature_corpus_root
LIT-000572,225109200.json,225109200.json,.json,44251,c898f324c526d33658671690d7b91888a712c6f882af278854049a88438bb730,,ok,,2026-09-28T17:55:35Z,config/local_paths.yaml:literature_corpus_root
LIT-000573,225120000.json,225120000.json,.json,44062,8aae4c58ba20c8ff16739c0e5771dfdb01934f8c4ccb69015f247abf93749782,,ok,,2026-09-28T17:55:35Z,config/local_paths.yaml:literature_corpus_root
LIT-000574,225127500.json,225127500.json,.json,58815,77a4aec6eafb39cdc69ea81e8a0ee00b4d0821a5af5747b55a44e2684efd522b,,ok,,2026-09-28T17:55:35Z,config/local_paths.yaml:literature_corpus_root
LIT-000575,225147400.json,225147400.json,.json,38403,5e885f031550e9095a27317c78ab0a8178f866e1b2ca7e831d4b9a2717e3e7e5,,ok,,2026-09-28T17:55:35Z,config/local_paths.yaml:literature_corpus_root
LIT-000576,225176600.json,225176600.json,.json,127035,4d7473570db540bd13ddfb570c82864eee5e2540183a9ed80005c16426dcc622,,ok,,2026-09-28T17:55:35Z,config/local_paths.yaml:literature_corpus_root
LIT-000577,225294200.json,225294200.json,.json,112973,2fb339ca9d5b3487631935de92d29b0bf2f4f0daeeeb05c62c5b167adbbbcd75,,ok,,2026-09-28T17:55:35Z,config/local_paths.yaml:literature_corpus_root
LIT-000578,225312500.json,225312500.json,.json,26814,0f296f931e2b90dde7e1c3c4b88579eea95c8c2cae847f73ef90197262c29f0f,,ok,,2026-09-28T17:55:35Z,config/local_paths.yaml:literature_corpus_root
LIT-000579,225334200.json,225334200.json,.json,48907,c51d43affd954028f13c90b4d4bfd5a28c041a985aab851faf7b656196b973ef,,ok,,2026-09-28T17:55:35Z,config/local_paths.yaml:literature_corpus_root
LIT-000580,225339400.json,225339400.json,.json,49168,0b57d85109f6c5e95dd1c42c31a1b958088c580d72eeb581ce5253a2d6596d78,,ok,,2026-09-28T17:55:35Z,config/local_paths.yaml:literature_corpus_root
LIT-000581,225348600.json,225348600.json,.json,41045,8fc813475cb65101dc2003c641a3ffd19cb3c6bfbb9a116b536bcff42ce1c461,,ok,,2026-09-28T17:55:35Z,config/local_paths.yaml:literature_corpus_root
LIT-000582,225368800.json,225368800.json,.json,167286,bdf792a925179421e69a0c626f43ae0be9307238279e3f8872eea4ee0992d88f,,ok,,2026-09-28T17:55:35Z,config/local_paths.yaml:literature_corpus_root
LIT-000583,225383900.json,225383900.json,.json,17561,7c0d8c8ca87ec17dc2f276672ce2c06fdf86b481b12b05bde390c8b2b94bb91b,,ok,,2026-09-28T17:55:35Z,config/local_paths.yaml:literature_corpus_root
LIT-000584,225388200.json,225388200.json,.json,25277,c4e84c3f2e3cdf67cd1af8be5db3307bfd1f96e09af3636731a3b8d39dd73ef5,,ok,,2026-09-28T17:55:35Z,config/local_paths.yaml:literature_corpus_root
LIT-000585,225392500.json,225392500.json,.json,31709,7e1c336bac21cde6ba962dcc1756072b58c4beaf99f445b9f91b8cfbfb8d11c3,,ok,,2026-09-28T17:55:35Z,config/local_paths.yaml:literature_corpus_root
LIT-000586,225399500.json,225399500.json,.json,52571,521c8182e079e52b9bc9c4f28b32cca659235f14ae7aa3d8d3ee8b54c62f48f8,,ok,,2026-09-28T17:55:35Z,config/local_paths.yaml:literature_corpus_root
LIT-000587,225401000.json,225401000.json,.json,30973,d101d5f7ed4c0aabf8ebf2a09688ab5b137c3021f0f4a810d5f163f8b1423310,,ok,,2026-09-28T17:55:35Z,config/local_paths.yaml:literature_corpus_root
LIT-000588,225456100.json,225456100.json,.json,40651,b0559244554b9016818b3a0d01ee49f973a94b9f783089541e27f4f5c8306ad5,,ok,,2026-09-28T17:55:35Z,config/local_paths.yaml:literature_corpus_root
LIT-000589,225456300.json,225456300.json,.json,15613,675dd7055b18da41a0e99c3458f5fc3f64bd1fec7e4e1020ab38b9db1008db95,,ok,,2026-09-28T17:55:35Z,config/local_paths.yaml:literature_corpus_root
LIT-000590,225492500.json,225492500.json,.json,22551,4dff333124c57f741e8c9a69a4bbe040544bffa1f6cef1a746873fb1e6304449,,ok,,2026-09-28T17:55:35Z,config/local_paths.yaml:literature_corpus_root
LIT-000591,225506700.json,225506700.json,.json,157417,f523cac2718f8a5c4f7f845ebf205687f20a939ac11fbd5ba79395d3a10a7590,,ok,,2026-09-28T17:55:35Z,config/local_paths.yaml:literature_corpus_root
LIT-000592,225506800.json,225506800.json,.json,131440,f7785c6140e34c73a312cca9c05382477c09ddd5ec7d02e15e0da5367ca8683d,,ok,,2026-09-28T17:55:35Z,config/local_paths.yaml:literature_corpus_root
LIT-000593,225536900.json,225536900.json,.json,71558,b8d84851a4a855a86ce9276578ad8bce3e66ad1a905d8f0fc1245c1be85412af,,ok,,2026-09-28T17:55:35Z,config/local_paths.yaml:literature_corpus_root
LIT-000594,225544100.json,225544100.json,.json,48589,092363bb4137333bef114bc9f4666a5fe39944818c0d32f48e2e3c076a12392b,,ok,,2026-09-28T17:55:35Z,config/local_paths.yaml:literature_corpus_root
LIT-000595,225557400.json,225557400.json,.json,41568,fd9cb81d87e3b8e5e3b3ef71a3da83fa9d9c28741466c441c2a44030587e85fd,,ok,,2026-09-28T17:55:35Z,config/local_paths.yaml:literature_corpus_root
LIT-000596,225570100.json,225570100.json,.json,17752,35cbc5d98ae71c09f336c40ec0406b651bdf11d54b8ee2557aa7a62e5173b555,,ok,,2026-09-28T17:55:35Z,config/local_paths.yaml:literature_corpus_root
LIT-000597,225574800.json,225574800.json,.json,74946,edcf7af961c8756fb52e8f26540f41b88d6c8d2a88c890418eae677cbd129770,,ok,,2026-09-28T17:55:35Z,config/local_paths.yaml:literature_corpus_root
LIT-000598,225584400.json,225584400.json,.json,11280,0481ed540fdd572a509cd7b60451004b64961523d77e058cd5872305f137d3e2,,ok,,2026-09-28T17:55:35Z,config/local_paths.yaml:literature_corpus_root
LIT-000599,225612500.json,225612500.json,.json,34319,a1def81cba9d13d4219dea0b3690119c303ef3868b5e7321b971205ce0ae5687,,ok,,2026-09-28T17:55:35Z,config/local_paths.yaml:literature_corpus_root
LIT-000600,225633900.json,225633900.json,.json,109931,306f766c23acd9f094baa4628ba4555ce13b8919a4a90a4621939bc746d415a4,,ok,,2026-09-28T17:55:35Z,config/local_paths.yaml:literature_corpus_root
LIT-000601,225634500.json,225634500.json,.json,33193,4971c6ba72ffb11d9497c78133abf1078e1e73fc5e72dc46c3a9915f7e0453f0,,ok,,2026-09-28T17:55:35Z,config/local_paths.yaml:literature_corpus_root
LIT-000602,225650200.json,225650200.json,.json,65417,1c01dff6287302cec728660491a3ca039e3316ca31be4888196c5859acf893da,,ok,,2026-09-28T17:55:35Z,config/local_paths.yaml:literature_corpus_root
LIT-000603,225675500.json,225675500.json,.json,27967,74df66dd687a196d1d2214950924cead469ede587e238410f8dcbae7309f4a7b,,ok,,2026-09-28T17:55:35Z,config/local_paths.yaml:literature_corpus_root
LIT-000604,225688100.json,225688100.json,.json,46935,4ed830cda79cef3e8b84b7f8ade8f5971e6993ab4b653cb98b468f438d243072,,ok,,2026-09-28T17:55:35Z,config/local_paths.yaml:literature_corpus_root
LIT-000605,225719200.json,225719200.json,.json,55192,59e9b7078959bd72338b9243b5ec29650b3ce7968e0f13ac2adeaee050f45737,,ok,,2026-09-28T17:55:35Z,config/local_paths.yaml:literature_corpus_root
LIT-000606,225743500.json,225743500.json,.json,39588,07681308356bd878b3011c0473dfb2b9b0566c7d286d5abe6f4fcac4562f4345,,ok,,2026-09-28T17:55:35Z,config/local_paths.yaml:literature_corpus_root
LIT-000607,225757200.json,225757200.json,.json,34286,26ee2f76e68b1fe866be941603c050c6b9e2114aa0e764c09355171492f2d879,,ok,,2026-09-28T17:55:35Z,config/local_paths.yaml:literature_corpus_root
LIT-000608,225762800.json,225762800.json,.json,30360,f32e0d0f71fd89eba892ea07f2f8499a14b32cf45f09892f09d5243b6d5f700e,,ok,,2026-09-28T17:55:35Z,config/local_paths.yaml:literature_corpus_root
LIT-000609,225764600.json,225764600.json,.json,47900,6db81ffe00f51286bddb934d6f1ce533de5d391438e42eb989e8b47ff0cd26db,,ok,,2026-09-28T17:55:35Z,config/local_paths.yaml:literature_corpus_root
LIT-000610,225792100.json,225792100.json,.json,71424,b3bfbff232d5a1529824df10da2e6de9fd09c913c78b92ae5d1744cdd04f6000,,ok,,2026-09-28T17:55:35Z,config/local_paths.yaml:literature_corpus_root
LIT-000611,225811600.json,225811600.json,.json,12614,b5ba1cd4f746baf8deb9aac2bdd3ad1e8b7eeeb052039bbd8b2599a07c998287,,ok,,2026-09-28T17:55:35Z,config/local_paths.yaml:literature_corpus_root
LIT-000612,225851000.json,225851000.json,.json,30139,5038bbf2ac1dd824265c5a2aa91808ceb60fb2058a89cf807c59f703639b8926,,ok,,2026-09-28T17:55:35Z,config/local_paths.yaml:literature_corpus_root
LIT-000613,225918900.json,225918900.json,.json,11816,82b26c6ead11836936cdbf740216f4905e97e667eee3d596b212e4324059b157,,ok,,2026-09-28T17:55:35Z,config/local_paths.yaml:literature_corpus_root
LIT-000614,226227300.json,226227300.json,.json,22645,17e79bf281bfb72c047aea6296a9cc4e360dfbc42bd487201ebd810d81669cf6,,ok,,2026-09-28T17:55:35Z,config/local_paths.yaml:literature_corpus_root
LIT-000615,226251300.json,226251300.json,.json,26207,1fbb16a50fb31fade79c13cd2b0dd074dae718aa2d58eacf124f5b23de61baed,,ok,,2026-09-28T17:55:35Z,config/local_paths.yaml:literature_corpus_root
LIT-000616,226251800.json,226251800.json,.json,29665,54f82abe28334c47a364d9e626c2fe1ad95208bf4ac3efd560b5057050364992,,ok,,2026-09-28T17:55:35Z,config/local_paths.yaml:literature_corpus_root
LIT-000617,226253600.json,226253600.json,.json,27091,e287bb44294a8dafdccab634bba1fb1fa1d523fbbae3e5c049bf4508622b08a9,,ok,,2026-09-28T17:55:35Z,config/local_paths.yaml:literature_corpus_root
LIT-000618,226261400.json,226261400.json,.json,45939,91f0ffc00ce6f75ae5d0700ab6cf8ed424db5388fe73d4c40322946eaf1b68fa,,ok,,2026-09-28T17:55:35Z,config/local_paths.yaml:literature_corpus_root
LIT-000619,226284400.json,226284400.json,.json,25976,2ad63c65605647350a3ba5b6488e55b88b9d7bf8fe3cedbe098c88a86c650dde,,ok,,2026-09-28T17:55:35Z,config/local_paths.yaml:literature_corpus_root
LIT-000620,226341800.json,226341800.json,.json,38181,697c47cc6124c6f23d97c33e32d44a5cc3d210d1a5a69490bff05654c36f698e,,ok,,2026-09-28T17:55:35Z,config/local_paths.yaml:literature_corpus_root
LIT-000621,226378100.json,226378100.json,.json,27219,1ddb8fd8380bd4fdcc71c9cffe03e5124b5b2bbba6a9af14082fabee3dbfd547,,ok,,2026-09-28T17:55:35Z,config/local_paths.yaml:literature_corpus_root
LIT-000622,226455400.json,226455400.json,.json,14923,3e015690e7279386ea698b3f3495b9287bc771bf55e8101dd6dbd67b740f65d0,,ok,,2026-09-28T17:55:35Z,config/local_paths.yaml:literature_corpus_root
LIT-000623,226457700.json,226457700.json,.json,39306,129b91b3d23e502e32c7550670a1015bf9ca4cf20d0708be94793dd7191070a2,,ok,,2026-09-28T17:55:35Z,config/local_paths.yaml:literature_corpus_root
LIT-000624,226520100.json,226520100.json,.json,54026,3daa1b17e8ae025d4228026edae1b7d8922634393d1003a462a81068567e6b35,,ok,,2026-09-28T17:55:35Z,config/local_paths.yaml:literature_corpus_root
LIT-000625,226549800.json,226549800.json,.json,27492,c08802c35f618baade03e1dffbc707e1a3353a772a38f57950943bb3f54b51c0,,ok,,2026-09-28T17:55:35Z,config/local_paths.yaml:literature_corpus_root
LIT-000626,226554400.json,226554400.json,.json,8671,49108c4a50edaed6bdc9723af987cbb0c003439432f648f5758f09453e7dc00e,,ok,,2026-09-28T17:55:35Z,config/local_paths.yaml:literature_corpus_root
LIT-000627,226604000.json,226604000.json,.json,29188,ede1e492603b4316efe989e10d38bde4440ff2465d9bba278ccefd5084e87e73,,ok,,2026-09-28T17:55:35Z,config/local_paths.yaml:literature_corpus_root
LIT-000628,226612100.json,226612100.json,.json,43136,c78c5c7ef4bd5e8723f2d38af84b7ed9e3535fa57cf11a802fb806de4aed3c46,,ok,,2026-09-28T17:55:35Z,config/local_paths.yaml:literature_corpus_root
LIT-000629,226622900.json,226622900.json,.json,14833,7f2393f76b5307cdab87ce2223d934b53185ae26736c1067939bf7666c71fe43,,ok,,2026-09-28T17:55:35Z,config/local_paths.yaml:literature_corpus_root
LIT-000630,226981900.json,226981900.json,.json,33629,df04d290c799339b632bf6c04b51ad37fc04dc8bd4de996edbd0cdae376b16f3,,ok,,2026-09-28T17:55:35Z,config/local_paths.yaml:literature_corpus_root
LIT-000631,227121600.json,227121600.json,.json,44466,06b2eab7f534475fc7296a1203b5802c093518e3ed42cefa3ecd345a9a7d41d1,,ok,,2026-09-28T17:55:35Z,config/local_paths.yaml:literature_corpus_root
LIT-000632,227217400.json,227217400.json,.json,53188,ddbda4c85b5e33a6fc713fb51a57d4681b7895bffc18aa8a4c376cbbb7ca6847,,ok,,2026-09-28T17:55:35Z,config/local_paths.yaml:literature_corpus_root
LIT-000633,228077500.json,228077500.json,.json,28199,98cdfb2ac33ebaa952c54c636490199acf5e7a675b48a7ebbffd25a9fbd2539f,,ok,,2026-09-28T17:55:35Z,config/local_paths.yaml:literature_corpus_root
LIT-000634,22809000.json,22809000.json,.json,12000,996e861beb1965d06b8ccbbf10fdf69139b5466fe0d5c6c9fc09b11efc2f19be,,ok,,2026-09-28T17:55:35Z,config/local_paths.yaml:literature_corpus_root
LIT-000635,228842800.json,228842800.json,.json,114203,ef19d6b40cbba1bc29291645e96d63a01c95731426a3e0cc56f9dfdbd56db9a5,,ok,,2026-09-28T17:55:35Z,config/local_paths.yaml:literature_corpus_root
LIT-000636,228856000.json,228856000.json,.json,30597,a306cc21a2d5a2d222b8bb0c970a22425abc3ba4d833d5737d9fdd8642ce384b,,ok,,2026-09-28T17:55:35Z,config/local_paths.yaml:literature_corpus_root
LIT-000637,228865700.json,228865700.json,.json,21271,ceff32f0b37be32c60f538c4be6221a5acd3e37db4cde9f3582180b5d8623b7a,,ok,,2026-09-28T17:55:35Z,config/local_paths.yaml:literature_corpus_root
LIT-000638,228866400.json,228866400.json,.json,13678,aeebe45998005c790d61b2eaca8ad2a32f7efd7fbb2ff63de5a26b9643f66536,,ok,,2026-09-28T17:55:35Z,config/local_paths.yaml:literature_corpus_root
LIT-000639,228870500.json,228870500.json,.json,54355,b767a33bff51feb03b8e184eef1420fa41eaab1d226ed691719a95594e825b3d,,ok,,2026-09-28T17:55:35Z,config/local_paths.yaml:literature_corpus_root
LIT-000640,228885500.json,228885500.json,.json,58692,5555ce9e3a00743ecb844d18db5b7648dfb014557fbedbdab5aac50fea28a1d9,,ok,,2026-09-28T17:55:35Z,config/local_paths.yaml:literature_corpus_root
LIT-000641,228887900.json,228887900.json,.json,26121,edd699d1e0db9cc36427b0753fa7b86b049b966b7132867caae221d8325a7674,,ok,,2026-09-28T17:55:35Z,config/local_paths.yaml:literature_corpus_root
LIT-000642,228905400.json,228905400.json,.json,62626,6a098af7aa93c0eaa8efe751d9c5aaf8d31e78c2fb2389ea1b34694ae0924d26,,ok,,2026-09-28T17:55:35Z,config/local_paths.yaml:literature_corpus_root
LIT-000643,228907100.json,228907100.json,.json,43851,496402365ec1a5ad4b7204082627cfc089be123a23486db2c8c28420518898fc,,ok,,2026-09-28T17:55:35Z,config/local_paths.yaml:literature_corpus_root
LIT-000644,228943500.json,228943500.json,.json,13887,a1e98aaccaab2080fbea223f84aa37268884ff7f2bded1a5c8b77f15cefe5693,,ok,,2026-09-28T17:55:35Z,config/local_paths.yaml:literature_corpus_root
LIT-000645,228962900.json,228962900.json,.json,101948,6c77b753d0372e740a120c15202f93829f88d9896483f828c817a7d67cb6d8c7,,ok,,2026-09-28T17:55:35Z,config/local_paths.yaml:literature_corpus_root
LIT-000646,228968200.json,228968200.json,.json,41117,d01e8ceade74d9503a1598428bbc7188215be33cbee8a25a3c3f6d8f10f5db3d,,ok,,2026-09-28T17:55:35Z,config/local_paths.yaml:literature_corpus_root
LIT-000647,228971500.json,228971500.json,.json,112820,d2ed678f9ec828adf567218a08c814cab7d2b6ec3a03943acdbf85bc78591c5e,,ok,,2026-09-28T17:55:35Z,config/local_paths.yaml:literature_corpus_root
LIT-000648,228994200.json,228994200.json,.json,19412,788cccf2c000b1f84eaf5e1fc470b23829e3e0e74a2ed62c9c17fec8508611ca,,ok,,2026-09-28T17:55:35Z,config/local_paths.yaml:literature_corpus_root
LIT-000649,228994400.json,228994400.json,.json,25322,732bd1a84629529284122234993e32cac21375922bffac418ea30e841fe7170b,,ok,,2026-09-28T17:55:35Z,config/local_paths.yaml:literature_corpus_root
LIT-000650,229156000.json,229156000.json,.json,57925,6726157fa45eb5d4ea51394b9bc1977bc19032b8436dab84f1d42ccb36253d29,,ok,,2026-09-28T17:55:35Z,config/local_paths.yaml:literature_corpus_root
LIT-000651,229191100.json,229191100.json,.json,20553,b25cab460480e61cca5b82e582bec5775a65e60bab8a9037c6c723921f1f44e5,,ok,,2026-09-28T17:55:35Z,config/local_paths.yaml:literature_corpus_root
LIT-000652,229332200.json,229332200.json,.json,37884,664bf587e19b0064c568244da9f9e0ed2d17f9a9d00804af1a8a82d656c21549,,ok,,2026-09-28T17:55:35Z,config/local_paths.yaml:literature_corpus_root
LIT-000653,229399000.json,229399000.json,.json,60118,131ba65b02de335fd4c3b711e64510da3718545465241cef718fe71b8c558e35,,ok,,2026-09-28T17:55:35Z,config/local_paths.yaml:literature_corpus_root
LIT-000654,229413500.json,229413500.json,.json,43452,a421560cd0f4d22eb85e3a2cf1e50023dfbc04a8c314e95ec3982a66ce412db5,,ok,,2026-09-28T17:55:35Z,config/local_paths.yaml:literature_corpus_root
LIT-000655,229426800.json,229426800.json,.json,54907,d9ae52f63ea8a08a3eb1990f3d66e42db5483369051ba66ffcd69c97e385f3e9,,ok,,2026-09-28T17:55:35Z,config/local_paths.yaml:literature_corpus_root
LIT-000656,229432500.json,229432500.json,.json,65443,238b86bff2b14a58b59c1f75fcfdfc8251f29a04ec40f5dd1d0a64dfc427bafb,,ok,,2026-09-28T17:55:35Z,config/local_paths.yaml:literature_corpus_root
LIT-000657,229450100.json,229450100.json,.json,34176,adc46089db0f4ea8ec953ca277aa5f1ad12bea1c3a04ca238c0362a88bf6711d,,ok,,2026-09-28T17:55:35Z,config/local_paths.yaml:literature_corpus_root
LIT-000658,229482000.json,229482000.json,.json,24489,cf997f46c617bdf92e023f86ceca9edebd7b15880fa56459b3f8e96444d66ccf,,ok,,2026-09-28T17:55:35Z,config/local_paths.yaml:literature_corpus_root
LIT-000659,229545300.json,229545300.json,.json,24616,847d44273f3778365525f7618f61b3de06e32fb9be1a0315b6e6599658bac617,,ok,,2026-09-28T17:55:35Z,config/local_paths.yaml:literature_corpus_root
LIT-000660,229685100.json,229685100.json,.json,41482,bc9a539d80fe9edd03209ce05c0c05a43048e3c5be5fb0dbe02b50adf9e93eed,,ok,,2026-09-28T17:55:35Z,config/local_paths.yaml:literature_corpus_root
LIT-000661,230537800.json,230537800.json,.json,72402,7329a1f8ee4fcbaddaddfb5f40915a428091f7e6ed40a645a38d28a666c96946,,ok,,2026-09-28T17:55:35Z,config/local_paths.yaml:literature_corpus_root
LIT-000662,230543700.json,230543700.json,.json,19370,8c035aacd20cb3ff60a1e8756503ccdf6b9de0867d816d1ea02383292aae3910,,ok,,2026-09-28T17:55:35Z,config/local_paths.yaml:literature_corpus_root
LIT-000663,230549900.json,230549900.json,.json,31984,c83f99150e3079cf4c5cac5693a64d2497219014f7f9ca913404ce0ad90b3385,,ok,,2026-09-28T17:55:35Z,config/local_paths.yaml:literature_corpus_root
LIT-000664,230552400.json,230552400.json,.json,42339,da2eb90eb328d28be9a0a41e79f630e015ef1712faff34c4e21546e292c30e84,,ok,,2026-09-28T17:55:35Z,config/local_paths.yaml:literature_corpus_root
LIT-000665,230564900.json,230564900.json,.json,41108,9a476d0d37beb5b239e1220898b6a7499f4268aba038ccca4db10979caf4b8df,,ok,,2026-09-28T17:55:35Z,config/local_paths.yaml:literature_corpus_root
LIT-000666,230566800.json,230566800.json,.json,32208,748eb8de7fa262752d03ef44e36c31440cf788f988618e9d00974e535c308fb2,,ok,,2026-09-28T17:55:35Z,config/local_paths.yaml:literature_corpus_root
LIT-000667,230599900.json,230599900.json,.json,59908,4f323620f65971eb47a1dea3c9432833fc25a2e74e9c8360f40c65e75e713817,,ok,,2026-09-28T17:55:35Z,config/local_paths.yaml:literature_corpus_root
LIT-000668,231574400.json,231574400.json,.json,29809,d31e4a8b765eb4669ba4bfb0bcc0fa6ea6c8ee384094e3d2733869ef0ef68cdc,,ok,,2026-09-28T17:55:35Z,config/local_paths.yaml:literature_corpus_root
LIT-000669,231607400.json,231607400.json,.json,27048,e615730deeff982c33971e34a5dfbc532a77b103e55b698582611234aaf9d8fe,,ok,,2026-09-28T17:55:35Z,config/local_paths.yaml:literature_corpus_root
LIT-000670,23167000.json,23167000.json,.json,31711,9287d082fd74c5a5565fc6f7997c1de81d4236a0157f6aea256768ce4e94445b,,ok,,2026-09-28T17:55:35Z,config/local_paths.yaml:literature_corpus_root
LIT-000671,231772500.json,231772500.json,.json,25979,0e85830ba41f6476485b3daf70690424745759caeff8f5035aed53fcd62974d7,,ok,,2026-09-28T17:55:35Z,config/local_paths.yaml:literature_corpus_root
LIT-000672,231802500.json,231802500.json,.json,26666,6b63b0dd5b89eb60cc7e4336a3bbf0471239f43107119fadf6c5e089643f5469,,ok,,2026-09-28T17:55:35Z,config/local_paths.yaml:literature_corpus_root
LIT-000673,231805100.json,231805100.json,.json,32506,cedd3e82a9d11cfd5f286863888d536b94898775e5e435c9c0725494a4158385,,ok,,2026-09-28T17:55:35Z,config/local_paths.yaml:literature_corpus_root
LIT-000674,231814800.json,231814800.json,.json,41496,ec29c2bb8e53aa4ad0bf5f01d2bdf87c785128d7aadf3c532b2eeef3cd30fd47,,ok,,2026-09-28T17:55:35Z,config/local_paths.yaml:literature_corpus_root
LIT-000675,231832000.json,231832000.json,.json,61501,9dc4de9a2f2baec23de18cb338bdc0e443b3dc715f85bf0d065a6b9524273e20,,ok,,2026-09-28T17:55:35Z,config/local_paths.yaml:literature_corpus_root
LIT-000676,231849100.json,231849100.json,.json,23986,55f9b619c8fa46f4d5f80fa1ddef113da7142b62ba8110b435e883774eb94c3b,,ok,,2026-09-28T17:55:35Z,config/local_paths.yaml:literature_corpus_root
LIT-000677,231858400.json,231858400.json,.json,42458,e4ebbee8a0516d4de37504a4e6b46b571751617c23f067d0ba7079e3a0cfd09f,,ok,,2026-09-28T17:55:35Z,config/local_paths.yaml:literature_corpus_root
LIT-000678,231864900.json,231864900.json,.json,39626,e85d0260158485f827fdac39be53b932c55c181627c7aba86b323bf19f4e753c,,ok,,2026-09-28T17:55:35Z,config/local_paths.yaml:literature_corpus_root
LIT-000679,231866400.json,231866400.json,.json,39240,72839534936a8d4c0d79547ace36fbd8a4bda007084a50017765bfba006e4c19,,ok,,2026-09-28T17:55:35Z,config/local_paths.yaml:literature_corpus_root
LIT-000680,231919500.json,231919500.json,.json,22097,e8a3190fa6f232d65161440f100d276a7adeccf182fb6b83fc5356f7f9043892,,ok,,2026-09-28T17:55:35Z,config/local_paths.yaml:literature_corpus_root
LIT-000681,231947300.json,231947300.json,.json,29568,085dd6372ade6f8beacd8bb471db6df7455695b2f729f8d4fac60c00df485bd6,,ok,,2026-09-28T17:55:35Z,config/local_paths.yaml:literature_corpus_root
LIT-000682,231961000.json,231961000.json,.json,39259,c57cbd049129a83d530fe6d2867631811d06b6d5f9fc390c482a3a347d338097,,ok,,2026-09-28T17:55:35Z,config/local_paths.yaml:literature_corpus_root
LIT-000683,231962800.json,231962800.json,.json,33015,869d695ac6edfba9aed098be953e2a73bb588e0b0d6f77ea05325cda11bc5f70,,ok,,2026-09-28T17:55:35Z,config/local_paths.yaml:literature_corpus_root
LIT-000684,231992900.json,231992900.json,.json,22162,2923e931a56112ce39e1bf3b45ac542610fa665fc0fdc592f55afd0e4061babd,,ok,,2026-09-28T17:55:35Z,config/local_paths.yaml:literature_corpus_root
LIT-000685,23200200.json,23200200.json,.json,10042,168125f65a6f4fcdff92766419471239726e97f910eec52e0f5c07a65fd94fa8,,ok,,2026-09-28T17:55:35Z,config/local_paths.yaml:literature_corpus_root
LIT-000686,232084000.json,232084000.json,.json,24421,37649c9fc9d10cc932c4889925a67f5a9845bd6e5cc77dbed6b8f6bfd79ba385,,ok,,2026-09-28T17:55:35Z,config/local_paths.yaml:literature_corpus_root
LIT-000687,232104100.json,232104100.json,.json,23891,cbe51b4087f327a41a760c6f4e0669f1e89413b90222e2a18b7db5e557974bfb,,ok,,2026-09-28T17:55:35Z,config/local_paths.yaml:literature_corpus_root
LIT-000688,232294300.json,232294300.json,.json,125876,ccd29a43174f45413d344f710bc9ab0a508498b39dbe7acc61732e869fc11734,,ok,,2026-09-28T17:55:35Z,config/local_paths.yaml:literature_corpus_root
LIT-000689,232314100.json,232314100.json,.json,42238,b305d0a8482fed20cc57d3c7f7864a7e8864dcdf57c13d6a9076d9b6dfbfb509,,ok,,2026-09-28T17:55:35Z,config/local_paths.yaml:literature_corpus_root
LIT-000690,232323700.json,232323700.json,.json,87620,3e68e54b95fbf1d6cda707ada56c14b5790b2983778c2aed56168f0553908f90,,ok,,2026-09-28T17:55:35Z,config/local_paths.yaml:literature_corpus_root
LIT-000691,232423500.json,232423500.json,.json,68420,621f18e43c992cbdf2318a8c0e3da03dd5f62db79417dd4e0a5ef92dc8ba9d60,,ok,,2026-09-28T17:55:35Z,config/local_paths.yaml:literature_corpus_root
LIT-000692,233031000.json,233031000.json,.json,33818,c1687a6497eeb803c1f39b9206240fe9aab12d085661257cbf21a7df1a06a60d,,ok,,2026-09-28T17:55:35Z,config/local_paths.yaml:literature_corpus_root
LIT-000693,233312100.json,233312100.json,.json,14082,446abfde742b52424b2381b0ed502ab16e64a7bd0b81cafc107bd2b4324bb4ae,,ok,,2026-09-28T17:55:35Z,config/local_paths.yaml:literature_corpus_root
LIT-000694,233330100.json,233330100.json,.json,22828,42394d80b36c547468eacff5dd0694c0cf8ac6fcce5f9e98d36e49fa58c77ba5,,ok,,2026-09-28T17:55:35Z,config/local_paths.yaml:literature_corpus_root
LIT-000695,233432800.json,233432800.json,.json,34220,ac2801f8f076a2a17fb7312b88b6f3ddf746bfae0ebfeef008d5cc7e4f714133,,ok,,2026-09-28T17:55:35Z,config/local_paths.yaml:literature_corpus_root
LIT-000696,233520700.json,233520700.json,.json,53282,a0f382ceb7e0b9c941bed5dd68015bba6792f9a6d9ad25e558d1da035555e84b,,ok,,2026-09-28T17:55:35Z,config/local_paths.yaml:literature_corpus_root
LIT-000697,233618200.json,233618200.json,.json,64628,33dcc068f0e84465213e107e056e59f6883f2bd906b34799a19a1f2414e46d48,,ok,,2026-09-28T17:55:35Z,config/local_paths.yaml:literature_corpus_root
LIT-000698,233620000.json,233620000.json,.json,32556,2965bbca33f959d1311682c16ba74c11db6f3321efabb0fa2fb7a32664496a03,,ok,,2026-09-28T17:55:35Z,config/local_paths.yaml:literature_corpus_root
LIT-000699,233623700.json,233623700.json,.json,36247,fd4bb6c37f8412ee873b4e5cdb2605dd19dec57224ae63fac10b3fa815cb7b74,,ok,,2026-09-28T17:55:35Z,config/local_paths.yaml:literature_corpus_root
LIT-000700,233683200.json,233683200.json,.json,50293,b7d5cb34d52ab67f36465006966510ae6fd34a2187bd316ccd161cb792890d5d,,ok,,2026-09-28T17:55:35Z,config/local_paths.yaml:literature_corpus_root
LIT-000701,233713200.json,233713200.json,.json,47074,93fb8f4f5b3399507fa181883597ae81167c5028dfe5896d3ad8f68928a20a0a,,ok,,2026-09-28T17:55:35Z,config/local_paths.yaml:literature_corpus_root
LIT-000702,233773100.json,233773100.json,.json,32864,4790ebe8af6cb051eb3a2baf1bbc809a25b917a31bd870ce8934fbf6fa58b825,,ok,,2026-09-28T17:55:35Z,config/local_paths.yaml:literature_corpus_root
LIT-000703,233791300.json,233791300.json,.json,50594,c435d044ab568c34d304456198377fc19defa373e1dbd49fd63a52cbd105c6a9,,ok,,2026-09-28T17:55:35Z,config/local_paths.yaml:literature_corpus_root
LIT-000704,233824200.json,233824200.json,.json,37208,35ffdb8204106b731d852cfa53b50e4fb1ae0a1f3b8140b1bd8ba296abdbf876,,ok,,2026-09-28T17:55:35Z,config/local_paths.yaml:literature_corpus_root
LIT-000705,233874500.json,233874500.json,.json,31227,d779ee480a57c4b15832f74fb2e9873e7ca4b87b8641528ed700e057421f7f04,,ok,,2026-09-28T17:55:35Z,config/local_paths.yaml:literature_corpus_root
LIT-000706,233883500.json,233883500.json,.json,45557,d7834e49591abd3a1421d1ef40d67f6830284012f6e4b89a6f25b1204bc3453f,,ok,,2026-09-28T17:55:35Z,config/local_paths.yaml:literature_corpus_root
LIT-000707,233891400.json,233891400.json,.json,61196,039915620ac4602d48066ef1d960a312717bd07c4da065b8871971f63861d358,,ok,,2026-09-28T17:55:35Z,config/local_paths.yaml:literature_corpus_root
LIT-000708,233891700.json,233891700.json,.json,44768,e75d3134076c76f36a3f629479306112ae5de953716a4f599d331df12ae2f01e,,ok,,2026-09-28T17:55:35Z,config/local_paths.yaml:literature_corpus_root
LIT-000709,233928500.json,233928500.json,.json,46309,79c585ce7f86465dbbe5edd88df12fc40c19be9dc298464d52037188709f5e59,,ok,,2026-09-28T17:55:35Z,config/local_paths.yaml:literature_corpus_root
LIT-000710,233940100.json,233940100.json,.json,31209,a4dd0c50c50c5cab8c060028b112f6ebec667c539b60c7a516f5dbc116af4570,,ok,,2026-09-28T17:55:35Z,config/local_paths.yaml:literature_corpus_root
LIT-000711,233944700.json,233944700.json,.json,50182,3b6ba97e666595726c396ef2144fd76241d482d746eba3d4b6d6878d9e4bc6a3,,ok,,2026-09-28T17:55:35Z,config/local_paths.yaml:literature_corpus_root
LIT-000712,233956800.json,233956800.json,.json,57361,d4b21bf49f038102245be72b6b2a711e9203dcff7e4cc59d587287a7bf1f4ae9,,ok,,2026-09-28T17:55:35Z,config/local_paths.yaml:literature_corpus_root
LIT-000713,233965900.json,233965900.json,.json,19008,7d231d70266a27a1d70aeead620bfc166fa3b93e2a56a4cf33456065582fa5bc,,ok,,2026-09-28T17:55:35Z,config/local_paths.yaml:literature_corpus_root
LIT-000714,233978700.json,233978700.json,.json,23700,4f86d6f866e75b5b584a5dd59421619d27ef7f2556bb373e0f2f10ce33edfe42,,ok,,2026-09-28T17:55:35Z,config/local_paths.yaml:literature_corpus_root
LIT-000715,234010500.json,234010500.json,.json,19616,81a200b53362a83aa044616e87270319588b68a23f6f91b9618ec89b69dbfd65,,ok,,2026-09-28T17:55:35Z,config/local_paths.yaml:literature_corpus_root
LIT-000716,234016900.json,234016900.json,.json,12639,6156d42718802ab044084900b68545602b3c42c86f9a1aa5a86a5980df6abd75,,ok,,2026-09-28T17:55:35Z,config/local_paths.yaml:literature_corpus_root
LIT-000717,234017100.json,234017100.json,.json,14922,9358499babbc435cb6a76464b81626f17338af6538e844b48a18a36b1d163181,,ok,,2026-09-28T17:55:35Z,config/local_paths.yaml:literature_corpus_root
LIT-000718,234029300.json,234029300.json,.json,46239,5b5279bc1711bdf6c7a164d3d4be5b51fcfa5aef5a444b122fedd03a29482227,,ok,,2026-09-28T17:55:35Z,config/local_paths.yaml:literature_corpus_root
LIT-000719,234033100.json,234033100.json,.json,14036,b01ddc9221f88493e69fb6dc326a19fe57576945545557ea839bded5cc900f9e,,ok,,2026-09-28T17:55:35Z,config/local_paths.yaml:literature_corpus_root
LIT-000720,234047000.json,234047000.json,.json,14966,d01a5a2ec7ecf2e3d389d3b41bd94cb02831c79732f0fdc6934369529a7ef064,,ok,,2026-09-28T17:55:35Z,config/local_paths.yaml:literature_corpus_root
LIT-000721,234055300.json,234055300.json,.json,26852,464536f38f4194ed8d169919c1833421eeef531b30394f2a587d45fdc338b7a5,,ok,,2026-09-28T17:55:35Z,config/local_paths.yaml:literature_corpus_root
LIT-000722,234058000.json,234058000.json,.json,66611,de42f68be94e1c6eb35169dcf57b674c7b0fbc5934042942b87e625e6b097f50,,ok,,2026-09-28T17:55:35Z,config/local_paths.yaml:literature_corpus_root
LIT-000723,234058800.json,234058800.json,.json,38777,d9e3f619663a99040921161be6e8fce5506f5a93df4057278b6fd9e6b1c0de2b,,ok,,2026-09-28T17:55:35Z,config/local_paths.yaml:literature_corpus_root
LIT-000724,234071800.json,234071800.json,.json,31748,28cb2da51514d0dd26b20415073f7057f2a98394f40524d79fa4edaf23307896,,ok,,2026-09-28T17:55:35Z,config/local_paths.yaml:literature_corpus_root
LIT-000725,234074500.json,234074500.json,.json,42617,b40d062a1a760a7f1fd33d424c90b7e248b1a7b2fef1c8cd7410ae1a48caea48,,ok,,2026-09-28T17:55:35Z,config/local_paths.yaml:literature_corpus_root
LIT-000726,234087500.json,234087500.json,.json,51569,42fd35bb6c699701db7e9a3a876b407256f3e8e362b98eab71c4a0747f8d3df6,,ok,,2026-09-28T17:55:35Z,config/local_paths.yaml:literature_corpus_root
LIT-000727,234100000.json,234100000.json,.json,39713,9608377c064ffe741f502c87564ab1b040a4699bcd8b303f151af6eb286b2a98,,ok,,2026-09-28T17:55:35Z,config/local_paths.yaml:literature_corpus_root
LIT-000728,234117100.json,234117100.json,.json,31393,bbbd955cdd74cd7b11412b4aa00a0bc1e1dd59e9f09fc15a82c86ed7885cae26,,ok,,2026-09-28T17:55:35Z,config/local_paths.yaml:literature_corpus_root
LIT-000729,234175300.json,234175300.json,.json,58617,1de11ab0c7a5ac4a1fbb8376250ec4824c31f16c660a222bf543fe1b7d44a9bc,,ok,,2026-09-28T17:55:35Z,config/local_paths.yaml:literature_corpus_root
LIT-000730,234187000.json,234187000.json,.json,43370,8d753124e167fc34f7f5ab18265b4f3be68902c132efe3ea6d6b564dd1d6e13d,,ok,,2026-09-28T17:55:35Z,config/local_paths.yaml:literature_corpus_root
LIT-000731,234217800.json,234217800.json,.json,21753,67f222463a67e10f6fec0639312eaac879604c741e552c6634c8cd7bb2c21d67,,ok,,2026-09-28T17:55:35Z,config/local_paths.yaml:literature_corpus_root
LIT-000732,234220200.json,234220200.json,.json,25018,5946d71637709d352bffebbd54b046452285572e023c8d2617f1e7f8503217fe,,ok,,2026-09-28T17:55:35Z,config/local_paths.yaml:literature_corpus_root
LIT-000733,234288400.json,234288400.json,.json,41694,9a00516cfc3840934d130b41317cf35a6152957bd2037fdbb0d319ae6d25e7c7,,ok,,2026-09-28T17:55:35Z,config/local_paths.yaml:literature_corpus_root
LIT-000734,234358600.json,234358600.json,.json,38290,d5f78f155cada0dc8861e7a31e4fbd65f172d203d95c0a1ef1ce3fa1d78c1db7,,ok,,2026-09-28T17:55:35Z,config/local_paths.yaml:literature_corpus_root
LIT-000735,234390500.json,234390500.json,.json,37430,d1537cc0a1d16d5ffcf40edeb653f27c35e434948d0521190d7ec29abff10e75,,ok,,2026-09-28T17:55:35Z,config/local_paths.yaml:literature_corpus_root
LIT-000736,234403200.json,234403200.json,.json,62043,afaeed6195edcb6561e8294261fb39d5e47ece6eeb320878d66c9d1ece5cabb1,,ok,,2026-09-28T17:55:35Z,config/local_paths.yaml:literature_corpus_root
LIT-000737,234420100.json,234420100.json,.json,25511,85734f992608aee2d55baced97ecabf25505e7d83abc5cebaf8c819778406122,,ok,,2026-09-28T17:55:35Z,config/local_paths.yaml:literature_corpus_root
LIT-000738,234439500.json,234439500.json,.json,40339,6a9d76658aeff4f56eb6213855869f4c076cb135f75bf1f8fd1fb0937818fa04,,ok,,2026-09-28T17:55:35Z,config/local_paths.yaml:literature_corpus_root
LIT-000739,234443400.json,234443400.json,.json,23646,42f04e73a97f57301f60131df51583dc60734e4194bafb5ce7a49b85a84316ae,,ok,,2026-09-28T17:55:35Z,config/local_paths.yaml:literature_corpus_root
LIT-000740,234447100.json,234447100.json,.json,28746,5ec1933f9381b3ca4e6568160d752172a5fd0ebbcbda2b128022b2ae07ee1204,,ok,,2026-09-28T17:55:35Z,config/local_paths.yaml:literature_corpus_root
LIT-000741,234469100.json,234469100.json,.json,21334,9202a947c3e874cdfe582ed03535a136224482857ead9b7ef6ce6c74e0079a34,,ok,,2026-09-28T17:55:35Z,config/local_paths.yaml:literature_corpus_root
LIT-000742,234505600.json,234505600.json,.json,30964,4ec26a6acfcd6fb40637fb1f5672c213f956e5a25d845dde7d46d3bb907449e5,,ok,,2026-09-28T17:55:35Z,config/local_paths.yaml:literature_corpus_root
LIT-000743,234517300.json,234517300.json,.json,37444,f5b116914018866f0222e63c759fead1bd10c91ef1ba73dbe3f34a9ee9d54316,,ok,,2026-09-28T17:55:35Z,config/local_paths.yaml:literature_corpus_root
LIT-000744,234555100.json,234555100.json,.json,27299,dd0bbf8fcc48d1cf5203d8f31425a27e2849f8ce992bd23dce1ddd5bd2c342ba,,ok,,2026-09-28T17:55:35Z,config/local_paths.yaml:literature_corpus_root
LIT-000745,234591800.json,234591800.json,.json,16365,181ac031da8d633046df9b06ad77a8a6cee3e3cd44d46b5f0afdd6764b2aad45,,ok,,2026-09-28T17:55:35Z,config/local_paths.yaml:literature_corpus_root
LIT-000746,234596800.json,234596800.json,.json,30562,fdb7dde91a2711715b2310aa724ef4aedd2ca7ed11325e4acbd9d838f7f7d47f,,ok,,2026-09-28T17:55:35Z,config/local_paths.yaml:literature_corpus_root
LIT-000747,234647600.json,234647600.json,.json,34510,c9a99f059d12ecd1bc4a5eb83356260a48c194a0405f74cf3226cdc919628a38,,ok,,2026-09-28T17:55:35Z,config/local_paths.yaml:literature_corpus_root
LIT-000748,234661400.json,234661400.json,.json,17913,73b9a6964883dbdbfcc674c3a7d7352e7820419110c162d343e57c84e84be122,,ok,,2026-09-28T17:55:35Z,config/local_paths.yaml:literature_corpus_root
LIT-000749,234668000.json,234668000.json,.json,20177,828b9e292adfc31f2f5154fac1a7e1f32b56866dd5f3a678f3db33db2020725f,,ok,,2026-09-28T17:55:35Z,config/local_paths.yaml:literature_corpus_root
LIT-000750,234676300.json,234676300.json,.json,40578,a4a602d174916645138100b1445e484fe40440c8ce64620cf93a62357abf9e3f,,ok,,2026-09-28T17:55:35Z,config/local_paths.yaml:literature_corpus_root
LIT-000751,234812500.json,234812500.json,.json,37052,5310dad3808dfbec4d3381d35f96947330807893de91946edc9b71c0e3d9324a,,ok,,2026-09-28T17:55:35Z,config/local_paths.yaml:literature_corpus_root
LIT-000752,234814500.json,234814500.json,.json,20844,e6cba7ba6e646e55e121623257545b51b9cf1904feecf9e6050e952cd689de9c,,ok,,2026-09-28T17:55:35Z,config/local_paths.yaml:literature_corpus_root
LIT-000753,234820400.json,234820400.json,.json,23362,69ae1c0a1bcf67bcbee93a81dd500f5dfd31602b172f11476fd588058f97395f,,ok,,2026-09-28T17:55:35Z,config/local_paths.yaml:literature_corpus_root
LIT-000754,234823800.json,234823800.json,.json,49164,045fb29f393a82d53c36f5362e1ed3d0628313b22b5f43a86d88d36a39f4f779,,ok,,2026-09-28T17:55:35Z,config/local_paths.yaml:literature_corpus_root
LIT-000755,234853500.json,234853500.json,.json,33006,82a596dff5ee4ab1ecb2c96dada00accc0f087c3807057c230dee06584f9c71d,,ok,,2026-09-28T17:55:35Z,config/local_paths.yaml:literature_corpus_root
LIT-000756,234861300.json,234861300.json,.json,48430,c8e7c2ef35d5b151073bbfa6d975dc9cba40d85583e49bc8ae3836b992dcc519,,ok,,2026-09-28T17:55:35Z,config/local_paths.yaml:literature_corpus_root
LIT-000757,234875900.json,234875900.json,.json,16974,fbf40429272555fab6acabeb8bd8eaa99b6b1c24a359886a6647a2ec5414d3cf,,ok,,2026-09-28T17:55:35Z,config/local_paths.yaml:literature_corpus_root
LIT-000758,234878900.json,234878900.json,.json,45800,7688dfa7329601327a1e3b15873b5feb32a981de4a5a08bf8533dccd75d62417,,ok,,2026-09-28T17:55:35Z,config/local_paths.yaml:literature_corpus_root
LIT-000759,234969500.json,234969500.json,.json,56665,205d9ff00c69a28f6ce98477c9b00a7e77bcb30e5b1424e84e633f8265171e5e,,ok,,2026-09-28T17:55:35Z,config/local_paths.yaml:literature_corpus_root
LIT-000760,234991400.json,234991400.json,.json,11026,d46bdd378dadf614f93c2cd72159538abca82f5d8019ad74328d8353215fb708,,ok,,2026-09-28T17:55:35Z,config/local_paths.yaml:literature_corpus_root
LIT-000761,235097800.json,235097800.json,.json,33121,c6ff28c7c55ccb614f58c9e8c4822b306b76e291c7ece2924120d3436689c624,,ok,,2026-09-28T17:55:35Z,config/local_paths.yaml:literature_corpus_root
LIT-000762,235104000.json,235104000.json,.json,37846,b00a8857190c0a5cd5a903eea1318ea6ea1aa1ade3453c9b2629262833b27010,,ok,,2026-09-28T17:55:35Z,config/local_paths.yaml:literature_corpus_root
LIT-000763,235190000.json,235190000.json,.json,28686,6ae039f368e557c3a9a0d9ceb1e462c99a298aceb941489689aabfeff44f9fcf,,ok,,2026-09-28T17:55:35Z,config/local_paths.yaml:literature_corpus_root
LIT-000764,235191200.json,235191200.json,.json,24993,02d8a4418750ebe8a01df3f409eb35095fc40d21df34f956b32da4866ea474b1,,ok,,2026-09-28T17:55:35Z,config/local_paths.yaml:literature_corpus_root
LIT-000765,235200400.json,235200400.json,.json,86276,8e87b80bf25329133ba5b0c65b4cb2a14a370f8689e9b6121cc4d9837b527204,,ok,,2026-09-28T17:55:35Z,config/local_paths.yaml:literature_corpus_root
LIT-000766,235213700.json,235213700.json,.json,48021,0b9e0561a03f1f73392a833685a79b7815638c08765d6dcec3f4b27fdcf71eae,,ok,,2026-09-28T17:55:35Z,config/local_paths.yaml:literature_corpus_root
LIT-000767,235233600.json,235233600.json,.json,111523,a66785094e884fa5a52c52aaf25cac246e033a3ad254a7cfc7b542c61ff448da,,ok,,2026-09-28T17:55:35Z,config/local_paths.yaml:literature_corpus_root
LIT-000768,235282200.json,235282200.json,.json,9060,6673ac3afa9f1e24fc14d1aab80262e03402834d90655bfb704227adf0a55ede,,ok,,2026-09-28T17:55:35Z,config/local_paths.yaml:literature_corpus_root
LIT-000769,235288200.json,235288200.json,.json,21034,e77a9eaff92525d432c8e3dc7a938e17d818737951844add5605760e082736a4,,ok,,2026-09-28T17:55:35Z,config/local_paths.yaml:literature_corpus_root
LIT-000770,235291200.json,235291200.json,.json,19972,98e0ece596b71c2fe76943a1879b0bf39491e03a92e883cd347753835ab87918,,ok,,2026-09-28T17:55:35Z,config/local_paths.yaml:literature_corpus_root
LIT-000771,235299100.json,235299100.json,.json,68318,952c02a5bef898d1da23c81f0dac8baadc820aae53888fd24b6c02e08b10448c,,ok,,2026-09-28T17:55:35Z,config/local_paths.yaml:literature_corpus_root
LIT-000772,235301700.json,235301700.json,.json,51180,cfeb065bf326457d689fa1e86187f654e726521272a8fb305de89dc06f97d9da,,ok,,2026-09-28T17:55:35Z,config/local_paths.yaml:literature_corpus_root
LIT-000773,235326800.json,235326800.json,.json,58249,d517ab83b2f82be5a1b413879fbb89f0c90370558762b2cb939ff6ab65e81717,,ok,,2026-09-28T17:55:35Z,config/local_paths.yaml:literature_corpus_root
LIT-000774,235364600.json,235364600.json,.json,23957,ec0ce756ae1c28d9014fc8e154b9e24be42d4a51315f360d570a073fdd5e2793,,ok,,2026-09-28T17:55:35Z,config/local_paths.yaml:literature_corpus_root
LIT-000775,235375700.json,235375700.json,.json,10573,bc8b77575425a2630362eec8b7144be00e765276d933f33d4884d7b2ed3a344c,,ok,,2026-09-28T17:55:35Z,config/local_paths.yaml:literature_corpus_root
LIT-000776,235376400.json,235376400.json,.json,15046,4a27f9c837796ea4ac28c28ccd7ffcdc6712f7ede16c0e74b0d771aec8c26546,,ok,,2026-09-28T17:55:35Z,config/local_paths.yaml:literature_corpus_root
LIT-000777,235387500.json,235387500.json,.json,16136,2d41cc3df6bc84720c79b1fd7feacce5b1543d74c4fc21e6effe775b13c6fd3e,,ok,,2026-09-28T17:55:35Z,config/local_paths.yaml:literature_corpus_root
LIT-000778,235400800.json,235400800.json,.json,43857,6741d7b126d88a4eee1a6c2183b8602f6285b5bc8b3c3c25c52b736b121f5469,,ok,,2026-09-28T17:55:35Z,config/local_paths.yaml:literature_corpus_root
LIT-000779,235432200.json,235432200.json,.json,69811,3a7283b0f9e018276706f4fe5979c76ba564848e0a4c7c614b65d5bc75e20152,,ok,,2026-09-28T17:55:35Z,config/local_paths.yaml:literature_corpus_root
LIT-000780,235445000.json,235445000.json,.json,23885,68b4a289c69f4da0ac2f6b50f872bff3934823a3dcb525a730d08285f7c3ad11,,ok,,2026-09-28T17:55:35Z,config/local_paths.yaml:literature_corpus_root
LIT-000781,235470000.json,235470000.json,.json,28694,e2c2c316799fd8d27e47e84b40393ec69ace810a79c83e1c3f2494a651abc47f,,ok,,2026-09-28T17:55:35Z,config/local_paths.yaml:literature_corpus_root
LIT-000782,235495400.json,235495400.json,.json,41871,4e97345611108028af682a5db0ff71b7e4f6613174cfe915ab16f443b3420207,,ok,,2026-09-28T17:55:35Z,config/local_paths.yaml:literature_corpus_root
LIT-000783,235534000.json,235534000.json,.json,32109,589658286ae5208af6020207a42ecedf347ecc334badea43f6396367d52f2fc9,,ok,,2026-09-28T17:55:35Z,config/local_paths.yaml:literature_corpus_root
LIT-000784,235567200.json,235567200.json,.json,29640,2e9b0713f35f2a8be230ef4b7f0ec57effeab79abc99c00fc96173b624319aa3,,ok,,2026-09-28T17:55:35Z,config/local_paths.yaml:literature_corpus_root
LIT-000785,235573900.json,235573900.json,.json,59321,295eab2d1d8651b49f41d745b90a6910c5d919b28350a31af31ebc911fe85e6a,,ok,,2026-09-28T17:55:35Z,config/local_paths.yaml:literature_corpus_root
LIT-000786,235580100.json,235580100.json,.json,31539,1ffdc6bf90628012d70ae0ba427914d0cc3cee274cbc950fee55dd327462c341,,ok,,2026-09-28T17:55:35Z,config/local_paths.yaml:literature_corpus_root
LIT-000787,235581400.json,235581400.json,.json,33264,603c57bb220d35f2d444602f7650bf75b09bfc5da41b051dcda98366184ede57,,ok,,2026-09-28T17:55:35Z,config/local_paths.yaml:literature_corpus_root
LIT-000788,235634000.json,235634000.json,.json,42766,e9fdec61eaa5f345879ce281c704129501f293aea264f39b22f1d00e8fc84cb9,,ok,,2026-09-28T17:55:35Z,config/local_paths.yaml:literature_corpus_root
LIT-000789,235666300.json,235666300.json,.json,26558,c0047fd0493040d073c38ac94c575715bbd94f9789589ba46f53550fa2fdbd05,,ok,,2026-09-28T17:55:35Z,config/local_paths.yaml:literature_corpus_root
LIT-000790,235671300.json,235671300.json,.json,37789,57bbaafed0703e0b440a3b826ad6c45a118b597b42eb160c9e04b8ba713e003c,,ok,,2026-09-28T17:55:35Z,config/local_paths.yaml:literature_corpus_root
LIT-000791,235680500.json,235680500.json,.json,21434,962cd98cea66b9ed7ef9c6012dbc6d4e12beaa18ea4f99a63895b0f95b72ca56,,ok,,2026-09-28T17:55:35Z,config/local_paths.yaml:literature_corpus_root
LIT-000792,235725400.json,235725400.json,.json,35113,0a13d75490ae9ceedd79c128083eb690a88747dd66645e8db2700e37acc4e24c,,ok,,2026-09-28T17:55:35Z,config/local_paths.yaml:literature_corpus_root
LIT-000793,235732100.json,235732100.json,.json,64986,888ffec3266a4a6d45b9a0a4050f2a08f6475bf8e5a2e22d0ecdb05155c095b5,,ok,,2026-09-28T17:55:35Z,config/local_paths.yaml:literature_corpus_root
LIT-000794,235736200.json,235736200.json,.json,25619,32dc5d4506618bab1455bd71d43fa8be930c1cfef651b05866669a1c6ff407da,,ok,,2026-09-28T17:55:35Z,config/local_paths.yaml:literature_corpus_root
LIT-000795,235742800.json,235742800.json,.json,72804,faf9e967f4a18b5ddd503f760966dab1dd6ede2f694917c02d6f13c5017f8311,,ok,,2026-09-28T17:55:35Z,config/local_paths.yaml:literature_corpus_root
LIT-000796,235755800.json,235755800.json,.json,32235,2f4acbb729c1cd96326d66212d2840016c75d110c56cfe3d69d398fc66c339bc,,ok,,2026-09-28T17:55:35Z,config/local_paths.yaml:literature_corpus_root
LIT-000797,235764200.json,235764200.json,.json,28054,91b886387405641251ac90fbeffef4d66b29951fca2737eba4440f76b286d066,,ok,,2026-09-28T17:55:35Z,config/local_paths.yaml:literature_corpus_root
LIT-000798,235809000.json,235809000.json,.json,45550,97bc1cae123fee8215d78354ced156fb1ce625f38dcd788f961485122c99885c,,ok,,2026-09-28T17:55:35Z,config/local_paths.yaml:literature_corpus_root
LIT-000799,235813100.json,235813100.json,.json,63656,40f4f2a6800bc8146fb03c7de1c884ce4e15e8f38e23923e124351d5cb92d038,,ok,,2026-09-28T17:55:35Z,config/local_paths.yaml:literature_corpus_root
LIT-000800,235813900.json,235813900.json,.json,45034,b15a4526dad267c7c99c738ebb93407cfe442d14ef12280bb5e0d1484a5a4a4d,,ok,,2026-09-28T17:55:35Z,config/local_paths.yaml:literature_corpus_root
LIT-000801,235814700.json,235814700.json,.json,41021,525b94da2e4b1de4f6f7c4d50caca1c61cc811105773ae8be13c886266e79460,,ok,,2026-09-28T17:55:35Z,config/local_paths.yaml:literature_corpus_root
LIT-000802,235843200.json,235843200.json,.json,10983,cd620e8951fc247fd97ce62422900bb64fad2bb2f2368a4f78f8176f4e421274,,ok,,2026-09-28T17:55:35Z,config/local_paths.yaml:literature_corpus_root
LIT-000803,235894200.json,235894200.json,.json,23183,a964e0cafa6b4034a5eeb246b7ab07fb6471c2fc06fed9247702455799ef136b,,ok,,2026-09-28T17:55:35Z,config/local_paths.yaml:literature_corpus_root
LIT-000804,235903700.json,235903700.json,.json,41700,d597f2a710b6b73daf202cec55f589d79dda3cf4d505858b632fa718548bd8e1,,ok,,2026-09-28T17:55:35Z,config/local_paths.yaml:literature_corpus_root
LIT-000805,235918800.json,235918800.json,.json,14427,e3883b83b1f6b5adf3084bb5145516354473890c2909cf2890860f79f9785c8e,,ok,,2026-09-28T17:55:35Z,config/local_paths.yaml:literature_corpus_root
LIT-000806,236162600.json,236162600.json,.json,43370,98316ca8b649600a36c50364b8f27b01ed6a66d09cf7ad2742b78edca443c736,,ok,,2026-09-28T17:55:35Z,config/local_paths.yaml:literature_corpus_root
LIT-000807,236166100.json,236166100.json,.json,41852,8d0612f703cbf31d3cd1edf158666e9af42e9243ee2b8a11ca0a6b7fb1b33972,,ok,,2026-09-28T17:55:35Z,config/local_paths.yaml:literature_corpus_root
LIT-000808,236173700.json,236173700.json,.json,60017,30c12e4ab0a4109e6a9d42f647797de47c0e018509fec8b571cf473c92e29612,,ok,,2026-09-28T17:55:35Z,config/local_paths.yaml:literature_corpus_root
LIT-000809,236209500.json,236209500.json,.json,35520,2226e286c00ec52238d3e2696a4372828718cedd7217b369114a4579b6234068,,ok,,2026-09-28T17:55:35Z,config/local_paths.yaml:literature_corpus_root
LIT-000810,236210000.json,236210000.json,.json,52425,1b621bc255b1581d7cd976710e0d04aa8f194cbff45888f1e33195205824e4c8,,ok,,2026-09-28T17:55:35Z,config/local_paths.yaml:literature_corpus_root
LIT-000811,236222700.json,236222700.json,.json,32356,8d961a23cd94e784ddacffd7aefdb4153bf8f83d7f233295cdeb23766898417a,,ok,,2026-09-28T17:55:35Z,config/local_paths.yaml:literature_corpus_root
LIT-000812,236232200.json,236232200.json,.json,54675,c8fa379119967c3c80748ec3dbc8580da7a30259823b20a00b085d3bd8e242b3,,ok,,2026-09-28T17:55:35Z,config/local_paths.yaml:literature_corpus_root
LIT-000813,236281900.json,236281900.json,.json,25614,5b84607e749e93af77ed5936f4503ae82e6bcc42e57acc36205524e45ff292f5,,ok,,2026-09-28T17:55:35Z,config/local_paths.yaml:literature_corpus_root
LIT-000814,236314700.json,236314700.json,.json,77440,2a5baa4ce9d7cb25d80b3cbde43c8dac43493ebb503b3fd0491dd4540f9453f7,,ok,,2026-09-28T17:55:35Z,config/local_paths.yaml:literature_corpus_root
LIT-000815,236318200.json,236318200.json,.json,13278,713ca887fcabe38680b611c78895ea311e87f44019d2d171c68bab441f676511,,ok,,2026-09-28T17:55:35Z,config/local_paths.yaml:literature_corpus_root
LIT-000816,236357100.json,236357100.json,.json,34865,71e574e054eafc11b473de6eb0397555875d071e69b01a19ef7b067ad237c68f,,ok,,2026-09-28T17:55:35Z,config/local_paths.yaml:literature_corpus_root
LIT-000817,236377400.json,236377400.json,.json,33944,9f55b67626857bb401f40ca1238bc9bf86f4781dbc2913f35533c5e068666f06,,ok,,2026-09-28T17:55:35Z,config/local_paths.yaml:literature_corpus_root
LIT-000818,236396200.json,236396200.json,.json,7704,88b4f23b0f6651de25f413662e703ecf3a78a5023a73ab1c245f34859529a493,,ok,,2026-09-28T17:55:35Z,config/local_paths.yaml:literature_corpus_root
LIT-000819,236402800.json,236402800.json,.json,40502,b745d070aa2bf3125ddaccbde6cce9c73711ac62ce7ba171b933aa5073ad7fd8,,ok,,2026-09-28T17:55:35Z,config/local_paths.yaml:literature_corpus_root
LIT-000820,236410700.json,236410700.json,.json,35261,a168982c2597cb4bc223fb9983f65a95192821561b313944fbac2cdd075c1f99,,ok,,2026-09-28T17:55:35Z,config/local_paths.yaml:literature_corpus_root
LIT-000821,236411700.json,236411700.json,.json,28512,4b481ce7da3965dc4fc7ecd9bed79b6957bb3d815b50b755a01368261c80b25c,,ok,,2026-09-28T17:55:35Z,config/local_paths.yaml:literature_corpus_root
LIT-000822,236436900.json,236436900.json,.json,47587,0c8121ff0130e1abf5c00e4cbc0bb508b915115aa47ad4a56ae023aa99dc5c13,,ok,,2026-09-28T17:55:35Z,config/local_paths.yaml:literature_corpus_root
LIT-000823,236456900.json,236456900.json,.json,21224,74521e90ac8a372960f5e6ce859912eb29f5e8ac76194a735f304fe9de60b852,,ok,,2026-09-28T17:55:35Z,config/local_paths.yaml:literature_corpus_root
LIT-000824,236520600.json,236520600.json,.json,144062,7ea6e35ab87dbd23d5d3d5a4830d581b09bbeb9b7d353bbe2c8026b0ada1d995,,ok,,2026-09-28T17:55:35Z,config/local_paths.yaml:literature_corpus_root
LIT-000825,236555300.json,236555300.json,.json,22758,937d7fcd37bb0c4226e83cdaa885693eb79b1b71e71a21fa2dda1da3a7cc9038,,ok,,2026-09-28T17:55:35Z,config/local_paths.yaml:literature_corpus_root
LIT-000826,236572900.json,236572900.json,.json,29281,7a43b33af699247842b6e5996e444246f8a9cd1cbe23888a6ae3fd7bb6c2eaf0,,ok,,2026-09-28T17:55:35Z,config/local_paths.yaml:literature_corpus_root
LIT-000827,236575500.json,236575500.json,.json,15738,e0d459c3c9ad3009bd01632a48b493a093774e125fc06c0579539f24227cf343,,ok,,2026-09-28T17:55:35Z,config/local_paths.yaml:literature_corpus_root
LIT-000828,236588900.json,236588900.json,.json,28088,89d4f1fc0beec5d7ea819a252395a35edca4050142f4e60c29839b796c2e9a2c,,ok,,2026-09-28T17:55:35Z,config/local_paths.yaml:literature_corpus_root
LIT-000829,236589300.json,236589300.json,.json,16100,17667eb0d0f334eeacc5b8018b93f0fee651fa40c1c92e53ca2dcb07e7b77fcc,,ok,,2026-09-28T17:55:35Z,config/local_paths.yaml:literature_corpus_root
LIT-000830,236595900.json,236595900.json,.json,50535,baae13a996652a1e4066ea3e30769018cc13c839f4e209ae0ba2509c0e869560,,ok,,2026-09-28T17:55:35Z,config/local_paths.yaml:literature_corpus_root
LIT-000831,236601800.json,236601800.json,.json,47658,9dc9191f32b772ecdbe9b8763eac6549b2a8ed99c9a79812fe508549758fd24e,,ok,,2026-09-28T17:55:35Z,config/local_paths.yaml:literature_corpus_root
LIT-000832,236618900.json,236618900.json,.json,74426,5a471a54c66a14cfc864e6aa50963e8abae398883392349e79959c161a27106e,,ok,,2026-09-28T17:55:35Z,config/local_paths.yaml:literature_corpus_root
LIT-000833,236664000.json,236664000.json,.json,12040,a72376f353862ad29e1a6f32d738bf79aede5c6a0ea8c3f9de892ad3f92d3b18,,ok,,2026-09-28T17:55:35Z,config/local_paths.yaml:literature_corpus_root
LIT-000834,236734100.json,236734100.json,.json,23941,904c10b714861788e2c8851381507578acff85953c08f66465c7f4dbf83ec92b,,ok,,2026-09-28T17:55:35Z,config/local_paths.yaml:literature_corpus_root
LIT-000835,236749000.json,236749000.json,.json,33868,75f5d03569baeb3b4c3f1e8c57a0bc27981649fa658ab40296a5bdebc116840f,,ok,,2026-09-28T17:55:35Z,config/local_paths.yaml:literature_corpus_root
LIT-000836,236768700.json,236768700.json,.json,68791,bddd7cde50e84c3e4f479caa3ea77d8bfc4693111908581d89596c72ab723be6,,ok,,2026-09-28T17:55:35Z,config/local_paths.yaml:literature_corpus_root
LIT-000837,236782300.json,236782300.json,.json,12191,1330c39773f82e5cc5d94e6872fa329e972b3588b2bfae08fb60164143de29bf,,ok,,2026-09-28T17:55:35Z,config/local_paths.yaml:literature_corpus_root
LIT-000838,236897200.json,236897200.json,.json,26411,555be0201970b0258012c436db93dff9abe5553742351b6e3b78f610c65b8db3,,ok,,2026-09-28T17:55:35Z,config/local_paths.yaml:literature_corpus_root
LIT-000839,236952800.json,236952800.json,.json,37746,0cfe8992c612c6fc7bc64d7b1b21b787ea5619d016f038e39eee75a36d6f0b08,,ok,,2026-09-28T17:55:35Z,config/local_paths.yaml:literature_corpus_root
LIT-000840,236963100.json,236963100.json,.json,54369,d2b92ef958b84d3d3f6f163bbcf3831ae194c982d1e5ef0af8629e9e80db8b24,,ok,,2026-09-28T17:55:35Z,config/local_paths.yaml:literature_corpus_root
LIT-000841,236985400.json,236985400.json,.json,22386,da17e2190eeed067dabf0d9e979c4eb54fb6b0b204cee2635e2cfda76b401caf,,ok,,2026-09-28T17:55:35Z,config/local_paths.yaml:literature_corpus_root
LIT-000842,237056400.json,237056400.json,.json,29949,fdfd31c68ba11bd1ac15f072f9e4b4048a2aab8bfe057172411ef3c400b64a76,,ok,,2026-09-28T17:55:35Z,config/local_paths.yaml:literature_corpus_root
LIT-000843,237206300.json,237206300.json,.json,42160,90460beffe2326eb69db813e4bb4a86a2b5867d92f88ae17ff76897da0b771dd,,ok,,2026-09-28T17:55:35Z,config/local_paths.yaml:literature_corpus_root
LIT-000844,237227000.json,237227000.json,.json,46960,a51dd86a6950773dc17c4bc4ad777ad057d0b03e99efbf51e7dfd271831593d1,,ok,,2026-09-28T17:55:35Z,config/local_paths.yaml:literature_corpus_root
LIT-000845,237273200.json,237273200.json,.json,29316,f900441d025d432548e4279d625598cc86a11f10f2fc773bfa32d8c179b8d36b,,ok,,2026-09-28T17:55:35Z,config/local_paths.yaml:literature_corpus_root
LIT-000846,237283600.json,237283600.json,.json,32127,df4a0cad6ee1e2b55947f3c045c5e06eec75827fe9ae40d7cfb02777d84c645f,,ok,,2026-09-28T17:55:35Z,config/local_paths.yaml:literature_corpus_root
LIT-000847,237321600.json,237321600.json,.json,61860,1d4a84511fd2c7f048a51c9229df5cc0a38bd5580ed3b15b3fd911696c5a7533,,ok,,2026-09-28T17:55:35Z,config/local_paths.yaml:literature_corpus_root
LIT-000848,237326300.json,237326300.json,.json,22571,e33e30c7f2e00018717078c99f138723ad002c23cc4939763e7b44772eb97d77,,ok,,2026-09-28T17:55:35Z,config/local_paths.yaml:literature_corpus_root
LIT-000849,237327100.json,237327100.json,.json,40467,d04e0b2a6b30e2637fbad745ad374caa12abbe3d0d6ea8da8aa9e5b06e1a006d,,ok,,2026-09-28T17:55:35Z,config/local_paths.yaml:literature_corpus_root
LIT-000850,237358000.json,237358000.json,.json,27651,f03c623cb790c2d92235c591e5ee8cb0c05fd0b97545804926dff57a5ce6ff2b,,ok,,2026-09-28T17:55:35Z,config/local_paths.yaml:literature_corpus_root
LIT-000851,237386000.json,237386000.json,.json,25904,2cfb0acdd5a2ae3429fc3c81eabe85a5a6a33de173dc6e198c7884f38e7b15f5,,ok,,2026-09-28T17:55:35Z,config/local_paths.yaml:literature_corpus_root
LIT-000852,237400400.json,237400400.json,.json,29202,fc736fc15abd0fe88d822684a9e36a0dbdaa4eff14bd95158ac5be4d75aad535,,ok,,2026-09-28T17:55:35Z,config/local_paths.yaml:literature_corpus_root
LIT-000853,237406400.json,237406400.json,.json,44718,bdc462465916298ad1fb47dc1fd212a24ce72dd2dfb05bfaad712d47b423f1c1,,ok,,2026-09-28T17:55:35Z,config/local_paths.yaml:literature_corpus_root
LIT-000854,237409700.json,237409700.json,.json,106523,e254f865d7cfa74253140fa0b9a31676a6f9d5392f20ff352cc099c3b51032b2,,ok,,2026-09-28T17:55:35Z,config/local_paths.yaml:literature_corpus_root
LIT-000855,237426000.json,237426000.json,.json,42488,99bbf2140e409971cd8a83b4462a89c5f5e01379a0304162cfe31b3d0c0a1ae3,,ok,,2026-09-28T17:55:35Z,config/local_paths.yaml:literature_corpus_root
LIT-000856,237427400.json,237427400.json,.json,33398,d45955e48170a83b1b51e2d9d62a9a4fa10beb16818beb429478d06ab45c1325,,ok,,2026-09-28T17:55:35Z,config/local_paths.yaml:literature_corpus_root
LIT-000857,237444700.json,237444700.json,.json,39110,06d876517e9ebfd79767a481f5cef6bef36a4d60a623702965b675784679313c,,ok,,2026-09-28T17:55:35Z,config/local_paths.yaml:literature_corpus_root
LIT-000858,237471700.json,237471700.json,.json,43319,dab32f1ea62103c407f4213f70ce550b5bf4285c3ccf35c2cb0d656fc41bb776,,ok,,2026-09-28T17:55:35Z,config/local_paths.yaml:literature_corpus_root
LIT-000859,237491200.json,237491200.json,.json,24028,35e0cdd2fdd8bff24463ebe4bc0c4e4b9e4a7aa0b1bf2159e6cc6a4f658a9a24,,ok,,2026-09-28T17:55:35Z,config/local_paths.yaml:literature_corpus_root
LIT-000860,237544300.json,237544300.json,.json,45492,a17315bdec1e17b7238460123829e987ee4d03c43cdc525ac94598a65e82b2f0,,ok,,2026-09-28T17:55:35Z,config/local_paths.yaml:literature_corpus_root
LIT-000861,237591700.json,237591700.json,.json,70841,3af26765682760bb2b8ff1c20e1e5a93fde4754dd10da875b34fbb69bf0d3071,,ok,,2026-09-28T17:55:35Z,config/local_paths.yaml:literature_corpus_root
LIT-000862,237592600.json,237592600.json,.json,20661,98eaabcafd84b276c2a485b4590498ed54e319518c92995fb28e42a03826d02c,,ok,,2026-09-28T17:55:35Z,config/local_paths.yaml:literature_corpus_root
LIT-000863,237603200.json,237603200.json,.json,36676,4a6f8235af702619ce4dcd2c6e38bf83861ffa8b024c4eae6a3b180a9b552cb6,,ok,,2026-09-28T17:55:35Z,config/local_paths.yaml:literature_corpus_root
LIT-000864,237613400.json,237613400.json,.json,16377,b99e4b5512869317a99ab151f4bbccf5277657fa4fa51665c86003de82a16ab7,,ok,,2026-09-28T17:55:35Z,config/local_paths.yaml:literature_corpus_root
LIT-000865,237630100.json,237630100.json,.json,39558,993aa3789862ce78d392200f8388ba1bad1a965e3fc70055e7f906c8d7044bd9,,ok,,2026-09-28T17:55:35Z,config/local_paths.yaml:literature_corpus_root
LIT-000866,237637500.json,237637500.json,.json,28581,d7b68cb7500bfa996f7c231a00abb8539519bb83ef1621f026c2ba44f87cb8fb,,ok,,2026-09-28T17:55:35Z,config/local_paths.yaml:literature_corpus_root
LIT-000867,237644100.json,237644100.json,.json,20473,b9c209884da0f4b07bdc221ab524db7aa67a7dd640fff375c0df010f53f24c4d,,ok,,2026-09-28T17:55:35Z,config/local_paths.yaml:literature_corpus_root
LIT-000868,237667500.json,237667500.json,.json,10173,0c4b5e69914737e8ccd62f1900d7c642ad1413ce9223a408773d7a451cedaf90,,ok,,2026-09-28T17:55:35Z,config/local_paths.yaml:literature_corpus_root
LIT-000869,237679500.json,237679500.json,.json,29889,096f1daded088402d63bd44c0178bf06c86e6720c61ba7cb447b28fa9851fd7f,,ok,,2026-09-28T17:55:35Z,config/local_paths.yaml:literature_corpus_root
LIT-000870,237736600.json,237736600.json,.json,33767,dd973a2002dbe083f2f6635ad51a14c301651560f2995b24b1c7b5715794f6d2,,ok,,2026-09-28T17:55:35Z,config/local_paths.yaml:literature_corpus_root
LIT-000871,237782700.json,237782700.json,.json,66435,906ed3d276aa0141e4ddea3e344964f4da116137bae9478c93d1807f20c244ea,,ok,,2026-09-28T17:55:35Z,config/local_paths.yaml:literature_corpus_root
LIT-000872,237789100.json,237789100.json,.json,29162,00be7c7c7d4845a56987aa8e8154098b00bbb34e687efc1330a0254490d5dd8f,,ok,,2026-09-28T17:55:35Z,config/local_paths.yaml:literature_corpus_root
LIT-000873,237805800.json,237805800.json,.json,21720,2a085dba3467736252acea9d924a543e12203cafd9f72c567d2a43a199e3ad81,,ok,,2026-09-28T17:55:35Z,config/local_paths.yaml:literature_corpus_root
LIT-000874,237807600.json,237807600.json,.json,23026,ca71026278a5e665ead03c523487e1b9849e08700f0f9a7668d4f55724406f9a,,ok,,2026-09-28T17:55:35Z,config/local_paths.yaml:literature_corpus_root
LIT-000875,237837400.json,237837400.json,.json,53230,5379669c712438acab6c8496039391eff0b879e5f2ee942b25b00c588fa82817,,ok,,2026-09-28T17:55:35Z,config/local_paths.yaml:literature_corpus_root
LIT-000876,237856500.json,237856500.json,.json,37710,f24a12a7b9888905ea8b158e6545be72604b6b235be084fed623902452dae311,,ok,,2026-09-28T17:55:35Z,config/local_paths.yaml:literature_corpus_root
LIT-000877,237858600.json,237858600.json,.json,109562,62a427b1fff40826573ec9f0d4efb65ef77aa0aa008a22cd4847edd5c0c74902,,ok,,2026-09-28T17:55:35Z,config/local_paths.yaml:literature_corpus_root
LIT-000878,237884300.json,237884300.json,.json,24485,229c6f24ab3156123673c4dd907fc15ae2cbbda53c4bc55f60ee0cccbf8b8a2f,,ok,,2026-09-28T17:55:35Z,config/local_paths.yaml:literature_corpus_root
LIT-000879,237934500.json,237934500.json,.json,35471,0e8b4ed45a8223b7a828acd3ae16e930f704fcd9997fd2ee1e0d526d0a590f28,,ok,,2026-09-28T17:55:35Z,config/local_paths.yaml:literature_corpus_root
LIT-000880,237936100.json,237936100.json,.json,66646,5ac4a44fa356c1fd4c66cec163b81e512213c073cd15f575f564cb1441b78c4c,,ok,,2026-09-28T17:55:35Z,config/local_paths.yaml:literature_corpus_root
LIT-000881,237956900.json,237956900.json,.json,23591,85e0dd01ddd43e3cc817ee95da811b6e9afb29e078141a96a1310897af2652ef,,ok,,2026-09-28T17:55:35Z,config/local_paths.yaml:literature_corpus_root
LIT-000882,238211700.json,238211700.json,.json,7217,f385028c105ddd6c8575395db4622b161e68667be614d0cba13a1d0afffff7f4,,ok,,2026-09-28T17:55:35Z,config/local_paths.yaml:literature_corpus_root
LIT-000883,238214400.json,238214400.json,.json,56867,7f372b56a4cad2307464d47dea91cda2445b9626a7a9095277ac1d03e9343483,,ok,,2026-09-28T17:55:35Z,config/local_paths.yaml:literature_corpus_root
LIT-000884,238244900.json,238244900.json,.json,27057,b8ee8ba6ceea4f82a2973f705d76b91ace47cfbf195664fabf3f545f5158533c,,ok,,2026-09-28T17:55:35Z,config/local_paths.yaml:literature_corpus_root
LIT-000885,238263700.json,238263700.json,.json,11618,6df900c862c615beb7f1dd3cc189c3d2b778d8e544744814376bf82035979eb6,,ok,,2026-09-28T17:55:35Z,config/local_paths.yaml:literature_corpus_root
LIT-000886,238425100.json,238425100.json,.json,10840,e3316b692e9d366fe2a99cf7dd99cca659273c82cb21c0c4a34787d5d4a1e4fe,,ok,,2026-09-28T17:55:35Z,config/local_paths.yaml:literature_corpus_root
LIT-000887,238530500.json,238530500.json,.json,29375,b367488566f4471b0fc36d1348e968528e754af71ffb02bb5d013acef2797779,,ok,,2026-09-28T17:55:35Z,config/local_paths.yaml:literature_corpus_root
LIT-000888,238641700.json,238641700.json,.json,65915,f10096252d3cb5379da5229bc925bf626b166d324363108620652772ec8b9339,,ok,,2026-09-28T17:55:35Z,config/local_paths.yaml:literature_corpus_root
LIT-000889,238695500.json,238695500.json,.json,26768,8c6d224f20ce7099d6818cdda4294fe4c159a1a533bee82288308d5964e701ee,,ok,,2026-09-28T17:55:35Z,config/local_paths.yaml:literature_corpus_root
LIT-000890,238698100.json,238698100.json,.json,28367,c0c00d898e288c0dbacec51af1829aa59ce232ed4a8f9fbd54db9289ec8045f6,,ok,,2026-09-28T17:55:35Z,config/local_paths.yaml:literature_corpus_root
LIT-000891,238701200.json,238701200.json,.json,46120,476e4f3edb0851a4a3210fe14d8dde4ed14c9a9a2837ad6a432e28fcbd6b1e13,,ok,,2026-09-28T17:55:35Z,config/local_paths.yaml:literature_corpus_root
LIT-000892,238718700.json,238718700.json,.json,45220,eadc8177587b033e3d06e3bbf490670c18e2d72b88ccc87e86743d6b5498907f,,ok,,2026-09-28T17:55:35Z,config/local_paths.yaml:literature_corpus_root
LIT-000893,238734800.json,238734800.json,.json,46472,af17b15cc64f82a702bc2beda612ca38c0992bd897f4ed5e30f8438ade146ea7,,ok,,2026-09-28T17:55:35Z,config/local_paths.yaml:literature_corpus_root
LIT-000894,238738900.json,238738900.json,.json,38583,34a61a9057245c0dba5101ba53187b7eb5b6454be7692919d029edf2fead6cea,,ok,,2026-09-28T17:55:35Z,config/local_paths.yaml:literature_corpus_root
LIT-000895,238765200.json,238765200.json,.json,16597,f663666d7c76b59506e1169a8b7f95386b73d8d080487ec5139bd73a389d8f0e,,ok,,2026-09-28T17:55:35Z,config/local_paths.yaml:literature_corpus_root
LIT-000896,238770300.json,238770300.json,.json,66510,84014a2938a994366f7fb7f8c7045b5dbf56762495cdd1abf6e1f0a35d94f8b6,,ok,,2026-09-28T17:55:35Z,config/local_paths.yaml:literature_corpus_root
LIT-000897,238809100.json,238809100.json,.json,12754,8b737a470e9a16ec6b7bae7c019641c1abf40b41a05076a5b75e163be4bf1c31,,ok,,2026-09-28T17:55:35Z,config/local_paths.yaml:literature_corpus_root
LIT-000898,238814800.json,238814800.json,.json,95640,5e3ce46edaddca11e5bf010118bc2fee30e4bef48e63e16d062450f91d6bdf89,,ok,,2026-09-28T17:55:35Z,config/local_paths.yaml:literature_corpus_root
LIT-000899,23881800.json,23881800.json,.json,20638,45f2d57e2d31a528e0f85ab02439d214edab3f1839bc9db0074ed2e85e702622,,ok,,2026-09-28T17:55:35Z,config/local_paths.yaml:literature_corpus_root
LIT-000900,238835000.json,238835000.json,.json,67346,7ea43872aae96616fa60e341283e91d55f7720c16decbbf12a05a8bdc5e77e08,,ok,,2026-09-28T17:55:35Z,config/local_paths.yaml:literature_corpus_root
LIT-000901,238835800.json,238835800.json,.json,53388,18632b20b341dc8fd75bfb83892dcdac8492a12a88312cba7e8ff42fa7f43640,,ok,,2026-09-28T17:55:35Z,config/local_paths.yaml:literature_corpus_root
LIT-000902,238846000.json,238846000.json,.json,43677,237e018e3be8a882b02782905a439d192958314b8058d66e6eff5d424f2baedf,,ok,,2026-09-28T17:55:35Z,config/local_paths.yaml:literature_corpus_root
LIT-000903,238911900.json,238911900.json,.json,13523,7b1a8f236c060f43d591c86ba0a0bde6c80e012c4a15aeff91f9e68e774e88c4,,ok,,2026-09-28T17:55:35Z,config/local_paths.yaml:literature_corpus_root
LIT-000904,238921500.json,238921500.json,.json,35791,e1d60751abfa1ca7ae757a7ab38e6a1be1121b74c7328c13496fc8c8aef1b898,,ok,,2026-09-28T17:55:35Z,config/local_paths.yaml:literature_corpus_root
LIT-000905,238990000.json,238990000.json,.json,25758,256032212c2fc188915063887c0de84a716ffb6adc430b3f7f57bc503755b955,,ok,,2026-09-28T17:55:35Z,config/local_paths.yaml:literature_corpus_root
LIT-000906,238995900.json,238995900.json,.json,35859,dd58cab2fbdac1b55ad9ae2a768d31f89d3266db5c61b00ca25ae8ea98414e72,,ok,,2026-09-28T17:55:35Z,config/local_paths.yaml:literature_corpus_root
LIT-000907,239008400.json,239008400.json,.json,15900,142fa3bf616562a79f1e1ebbf86f2c27217dceb72c4444fe2facecdaf6db9e9e,,ok,,2026-09-28T17:55:35Z,config/local_paths.yaml:literature_corpus_root
LIT-000908,239023200.json,239023200.json,.json,19306,6990d82acc84edc3aac0753f3051d6d03678b8462933320adeb9534855fcfaaf,,ok,,2026-09-28T17:55:35Z,config/local_paths.yaml:literature_corpus_root
LIT-000909,239029500.json,239029500.json,.json,63695,38247c974f88a3b4d2fe81f4e4d39ab0dd4e48c1cf6c1251cd957175b19dff8c,,ok,,2026-09-28T17:55:35Z,config/local_paths.yaml:literature_corpus_root
LIT-000910,239036700.json,239036700.json,.json,51750,39b6073537b58cddec4a16a397ca40daf2bf871d97a4a123254755e02eb431e1,,ok,,2026-09-28T17:55:35Z,config/local_paths.yaml:literature_corpus_root
LIT-000911,239046200.json,239046200.json,.json,17630,2167cd90c86e26c1d72e6a582e3bf14f8c809f2d4237d5aefac86493ed4552be,,ok,,2026-09-28T17:55:35Z,config/local_paths.yaml:literature_corpus_root
LIT-000912,239058000.json,239058000.json,.json,60508,9615580366cd9fd6868e5e21a16aec9f831171d608ac8c0c9a46d6e4f74a6ba4,,ok,,2026-09-28T17:55:35Z,config/local_paths.yaml:literature_corpus_root
LIT-000913,239112800.json,239112800.json,.json,67500,c7a8ef15049facd4976b2764b35b01d16d69985041ec534283e74675cdb01e1f,,ok,,2026-09-28T17:55:35Z,config/local_paths.yaml:literature_corpus_root
LIT-000914,239146900.json,239146900.json,.json,19398,ea0dec4567fce5f0f335ac575a41866d89505c4c627e66fad25f12a9a9fed9af,,ok,,2026-09-28T17:55:35Z,config/local_paths.yaml:literature_corpus_root
LIT-000915,239148700.json,239148700.json,.json,70330,8f6ff02f8fbdb8a0170f3d6f08d26497c61df6a68e0568bf46b78bb7c4ad3a6a,,ok,,2026-09-28T17:55:35Z,config/local_paths.yaml:literature_corpus_root
LIT-000916,239184700.json,239184700.json,.json,30658,6673fe6e9511008d0e34cbedee201278602e90bf0bdc1f5fdc485d71788f0418,,ok,,2026-09-28T17:55:35Z,config/local_paths.yaml:literature_corpus_root
LIT-000917,239206800.json,239206800.json,.json,21873,e935494ddb521ab889c6768f4ae439ad82899d8870264d2af3fd05abc8c5e691,,ok,,2026-09-28T17:55:35Z,config/local_paths.yaml:literature_corpus_root
LIT-000918,239231200.json,239231200.json,.json,33427,09724b4f7f9df0ce02b22bc63a1d7b0fdc2ab7b421c6d11e5857121091d7bd7f,,ok,,2026-09-28T17:55:35Z,config/local_paths.yaml:literature_corpus_root
LIT-000919,239448700.json,239448700.json,.json,52497,42652acdd860f965906a83e8e1a1bf402e27f728aa0481fa65b0900c54fe9048,,ok,,2026-09-28T17:55:35Z,config/local_paths.yaml:literature_corpus_root
LIT-000920,239460200.json,239460200.json,.json,78311,ec85787979adb82da67ee8188fd212927bf4a91d42960b6fc2fd5a5e373c924e,,ok,,2026-09-28T17:55:35Z,config/local_paths.yaml:literature_corpus_root
LIT-000921,239463300.json,239463300.json,.json,29181,78f4197e40e9aec3a4084deb8cdd7da604f03230d4cae118a1b13300fcf54605,,ok,,2026-09-28T17:55:35Z,config/local_paths.yaml:literature_corpus_root
LIT-000922,239468900.json,239468900.json,.json,28931,25d40f0e65950ecff2883617677e6b54c53f96a58376c16edb3d67a68c8e84a6,,ok,,2026-09-28T17:55:35Z,config/local_paths.yaml:literature_corpus_root
LIT-000923,239508500.json,239508500.json,.json,34630,53f093d8e708e07f7ee744d264d7595eb93ec6034028ce9a710ec9f2f7b594de,,ok,,2026-09-28T17:55:35Z,config/local_paths.yaml:literature_corpus_root
LIT-000924,239543800.json,239543800.json,.json,48213,30a4ee2c5670ace1e2582823f9209a52fafc9efeab5fa4787e4f74c4b607ef78,,ok,,2026-09-28T17:55:35Z,config/local_paths.yaml:literature_corpus_root
LIT-000925,239573700.json,239573700.json,.json,59933,b181b17c4fd5a4d0c4d00b1082b76d41d450d761c512fcd968397911d6c8f7e7,,ok,,2026-09-28T17:55:35Z,config/local_paths.yaml:literature_corpus_root
LIT-000926,239637900.json,239637900.json,.json,40952,41d2d6620b2d02807b95f6c545b350a552c1c6d6266d9358f83fed6b04d2db96,,ok,,2026-09-28T17:55:35Z,config/local_paths.yaml:literature_corpus_root
LIT-000927,239654700.json,239654700.json,.json,23311,2863d9a83c756641b7de41c978dec72b76e098fa83c694cc0c22abf73536ae7e,,ok,,2026-09-28T17:55:35Z,config/local_paths.yaml:literature_corpus_root
LIT-000928,239686700.json,239686700.json,.json,68530,28d06f6d5c150d54408464e64cc0509c3a90bc44e340d9c7f0567789cd01a56b,,ok,,2026-09-28T17:55:35Z,config/local_paths.yaml:literature_corpus_root
LIT-000929,239689000.json,239689000.json,.json,18059,316b8cd5301684fa83e0780f9c7980c234cc481314fca8b8913e63154431f92b,,ok,,2026-09-28T17:55:35Z,config/local_paths.yaml:literature_corpus_root
LIT-000930,239744200.json,239744200.json,.json,27020,089bbe3b0ca5f219ea3564186077541a9ca5d49329f53c01eeef8c1eeab93227,,ok,,2026-09-28T17:55:35Z,config/local_paths.yaml:literature_corpus_root
LIT-000931,239932200.json,239932200.json,.json,62226,ff7c29ef6d652fcd430709db90f82c5149c99e872db0d3b989605f4d46261d8a,,ok,,2026-09-28T17:55:35Z,config/local_paths.yaml:literature_corpus_root
LIT-000932,239996000.json,239996000.json,.json,18855,6d46fdeb7d5220a5ae85f9d7d05aed9e8e16f72b7c58a4e3a3a6ff0a4c64ac0c,,ok,,2026-09-28T17:55:35Z,config/local_paths.yaml:literature_corpus_root
LIT-000933,240254800.json,240254800.json,.json,94657,632efeb683abfa132c235712c7b928311906aed9d63d3d948a526e6f8ded2cbe,,ok,,2026-09-28T17:55:35Z,config/local_paths.yaml:literature_corpus_root
LIT-000934,240264300.json,240264300.json,.json,12977,1eead6a9d4c62210ab32e59eabd47b14cc1c2454bf5938c32a41f51003d79d35,,ok,,2026-09-28T17:55:35Z,config/local_paths.yaml:literature_corpus_root
LIT-000935,240288700.json,240288700.json,.json,58951,5cb20e0d20f9b8ae63d82bcda35827b7a9a09ef78ff13beb68754005e8ec86d5,,ok,,2026-09-28T17:55:35Z,config/local_paths.yaml:literature_corpus_root
LIT-000936,240460900.json,240460900.json,.json,17685,de65d67a664b578495f01b42330a850c84812e653992523fd38b0b8aaaca9e7c,,ok,,2026-09-28T17:55:35Z,config/local_paths.yaml:literature_corpus_root
LIT-000937,240463900.json,240463900.json,.json,10394,cd879af68209ec5f013bb578b7fcfc08c90c0f5e89fbf955166004f2e8b3400c,,ok,,2026-09-28T17:55:35Z,config/local_paths.yaml:literature_corpus_root
LIT-000938,240539600.json,240539600.json,.json,30817,5a75ad7ca1e500949750004d4fc438e10f1db908ed32e6c09c2488e2bd16958f,,ok,,2026-09-28T17:55:35Z,config/local_paths.yaml:literature_corpus_root
LIT-000939,240540000.json,240540000.json,.json,51008,ebd3871c7979e5cfdd4a5d56a88e9fbfe9723aea6a5ae5e9bc4619aacc44f438,,ok,,2026-09-28T17:55:35Z,config/local_paths.yaml:literature_corpus_root
LIT-000940,240551400.json,240551400.json,.json,36456,370fdad466a5d133d61d69e1ea91e498d2f61461403ce8a206b0e3fc34fa14f1,,ok,,2026-09-28T17:55:35Z,config/local_paths.yaml:literature_corpus_root
LIT-000941,240833300.json,240833300.json,.json,24729,3fb242d2e0d5271326d393f3c29879ad03519a79e9203726740bfcaf31099df7,,ok,,2026-09-28T17:55:35Z,config/local_paths.yaml:literature_corpus_root
LIT-000942,241164300.json,241164300.json,.json,64411,63554c4f1940d5f5381ea4ac7f25b48ae4a67ac9105f63f31289006917c46e81,,ok,,2026-09-28T17:55:35Z,config/local_paths.yaml:literature_corpus_root
LIT-000943,241250500.json,241250500.json,.json,46117,65987581dedccf528e86e193830906d4ee6da10999ff975a34f92adf3432184f,,ok,,2026-09-28T17:55:35Z,config/local_paths.yaml:literature_corpus_root
LIT-000944,241273700.json,241273700.json,.json,30199,0279b1083c55d701f7158b190b282a51d28523ac3dc4597d9017ef50f1dd67d6,,ok,,2026-09-28T17:55:35Z,config/local_paths.yaml:literature_corpus_root
LIT-000945,241445000.json,241445000.json,.json,28479,98fa400a16264434ad9dc9451dfb82edb47c4c1d29365d4e512c116cb729075a,,ok,,2026-09-28T17:55:35Z,config/local_paths.yaml:literature_corpus_root
LIT-000946,241601600.json,241601600.json,.json,74878,d7cd04f5742a50e484049aeb90e3f54f28939b8093e530a8c50df9c1f82e2d8b,,ok,,2026-09-28T17:55:35Z,config/local_paths.yaml:literature_corpus_root
LIT-000947,241664800.json,241664800.json,.json,39890,f722c16408771c0c2253ef01f26ee7b5f9883bd45297aed7698ed21ead401352,,ok,,2026-09-28T17:55:35Z,config/local_paths.yaml:literature_corpus_root
LIT-000948,242217000.json,242217000.json,.json,14404,a781dd7b875de5089229acb669558e9ca98328fde6f274ef886c804e0cb58ada,,ok,,2026-09-28T17:55:35Z,config/local_paths.yaml:literature_corpus_root
LIT-000949,2422800.json,2422800.json,.json,34399,9c8b7eb3e4c78dd08dc1cdc2c5e9ce3d61f50338c46bf737d7b7ce473e0a2993,,ok,,2026-09-28T17:55:35Z,config/local_paths.yaml:literature_corpus_root
LIT-000950,242620500.json,242620500.json,.json,21211,1b04b6adab4f88f99320eb7c9dbc7a117915260214dd5a489602344fc26b08fd,,ok,,2026-09-28T17:55:35Z,config/local_paths.yaml:literature_corpus_root
LIT-000951,242697800.json,242697800.json,.json,72959,7808b0f31145323bc0d2e2c29d35b24833eef0bffecb21b5dd159ce4ccccacc1,,ok,,2026-09-28T17:55:35Z,config/local_paths.yaml:literature_corpus_root
LIT-000952,24284100.json,24284100.json,.json,45572,46973fa79f24361809e9ae72e5c45b7d5f5aabfb3fed43e691a70248c64cf51a,,ok,,2026-09-28T17:55:35Z,config/local_paths.yaml:literature_corpus_root
LIT-000953,243302900.json,243302900.json,.json,61612,be1e61a29ec5c6c7d8a9c66fd0d82ac16aafafd57a6fdf89af9bb85631b89a2f,,ok,,2026-09-28T17:55:35Z,config/local_paths.yaml:literature_corpus_root
LIT-000954,243471000.json,243471000.json,.json,69070,2b254c74661e69800eb8da0aad87d5844de176d00937f122f2ccebbd32cd9a3d,,ok,,2026-09-28T17:55:35Z,config/local_paths.yaml:literature_corpus_root
LIT-000955,243609500.json,243609500.json,.json,23412,12687c3b8624c55a3d5321fbf5626aa88fa552f63bc7cb3fc32f96425d7b81c8,,ok,,2026-09-28T17:55:35Z,config/local_paths.yaml:literature_corpus_root
LIT-000956,243774600.json,243774600.json,.json,38650,5f9b442925dc019c94af4c4f65bb044beed60b24528bb3410c4806d90132a103,,ok,,2026-09-28T17:55:35Z,config/local_paths.yaml:literature_corpus_root
LIT-000957,243813000.json,243813000.json,.json,72378,b6b34c418200864d9361c72d8aa86bd765be0be69f49827b496fcf7ad62c70e8,,ok,,2026-09-28T17:55:35Z,config/local_paths.yaml:literature_corpus_root
LIT-000958,243840400.json,243840400.json,.json,18044,da8aede46989679203f9083271ee7d65c6ef864e5922796ff49f8184aaa67315,,ok,,2026-09-28T17:55:35Z,config/local_paths.yaml:literature_corpus_root
LIT-000959,243850200.json,243850200.json,.json,33748,46a69be7e8f110504df6f1ce049f35b83ba3e08bc1ef74631c869bf3352af7a6,,ok,,2026-09-28T17:55:35Z,config/local_paths.yaml:literature_corpus_root
LIT-000960,243914200.json,243914200.json,.json,44874,323812677ca8916d868b8e98e824ec830c43d160a7797514a073b17743b9a64a,,ok,,2026-09-28T17:55:35Z,config/local_paths.yaml:literature_corpus_root
LIT-000961,244041700.json,244041700.json,.json,9832,771a4a32bc9fda201f4811a779d13153314e9612e5710db0a44d223ec550a944,,ok,,2026-09-28T17:55:35Z,config/local_paths.yaml:literature_corpus_root
LIT-000962,244045500.json,244045500.json,.json,33144,22b581d029ff0f66bb9ef96cce58a1e53a7643597520df007fb0b3b63d1f0431,,ok,,2026-09-28T17:55:35Z,config/local_paths.yaml:literature_corpus_root
LIT-000963,244089200.json,244089200.json,.json,46428,3fe23a645733f83bce278ff8b85d89717db5732973184775a4feb2e46778ec84,,ok,,2026-09-28T17:55:35Z,config/local_paths.yaml:literature_corpus_root
LIT-000964,244137800.json,244137800.json,.json,85971,6700bfa2d2f9f44fb482213797edc3efd5e26974aad60276a02605c6d7e37ae2,,ok,,2026-09-28T17:55:35Z,config/local_paths.yaml:literature_corpus_root
LIT-000965,244188300.json,244188300.json,.json,55611,a656924d0aeb3f215428aa295f6a0830d5f0d77e0a28e65c327be7ecc6779bb0,,ok,,2026-09-28T17:55:35Z,config/local_paths.yaml:literature_corpus_root
LIT-000966,244195700.json,244195700.json,.json,45126,83fbfaf11273992874cdd128a188fc10619929b346cbe02183345142a7816b56,,ok,,2026-09-28T17:55:35Z,config/local_paths.yaml:literature_corpus_root
LIT-000967,244214600.json,244214600.json,.json,24051,01be2b0fd4de9f777c5cc7632c7b55a263ac2d026cfb5c59d91bf1afd1f3b5f3,,ok,,2026-09-28T17:55:35Z,config/local_paths.yaml:literature_corpus_root
LIT-000968,244235500.json,244235500.json,.json,10507,5ae68051267ddde92756b555bf169f56f21416584fa1ed9cb98cf72baea04ee2,,ok,,2026-09-28T17:55:35Z,config/local_paths.yaml:literature_corpus_root
LIT-000969,244241000.json,244241000.json,.json,35203,3557de80f1607c1468018f11f5b869f418c547bd76745efefe06a45fb6e58fe6,,ok,,2026-09-28T17:55:35Z,config/local_paths.yaml:literature_corpus_root
LIT-000970,244298400.json,244298400.json,.json,39134,08431ab4836d2b511b0b89b42faf2a6bde12be42db966cf3cccc6f43ed329458,,ok,,2026-09-28T17:55:35Z,config/local_paths.yaml:literature_corpus_root
LIT-000971,244314300.json,244314300.json,.json,20017,9869f404859d9b930f37e9be2b0b4ee78d5e341c3b30ecc5426732a0e8f78edc,,ok,,2026-09-28T17:55:35Z,config/local_paths.yaml:literature_corpus_root
LIT-000972,244348700.json,244348700.json,.json,22211,28a489848318fad9c5920cdd399226ade25d47b5faa6168abcc9f1a44721bce7,,ok,,2026-09-28T17:55:35Z,config/local_paths.yaml:literature_corpus_root
LIT-000973,244402800.json,244402800.json,.json,23397,517bbbc97e01e76a6b144a941ae1a2cd5a189b603ea4f53ca71ebc3324834606,,ok,,2026-09-28T17:55:35Z,config/local_paths.yaml:literature_corpus_root
LIT-000974,244415200.json,244415200.json,.json,69420,e26dcf3d2b3874a44560dbf5f30068c05c39d9e4d31f4edfccab61a1ed2b5d15,,ok,,2026-09-28T17:55:35Z,config/local_paths.yaml:literature_corpus_root
LIT-000975,244464400.json,244464400.json,.json,86027,8aa947448c4ca26b127663b09455ce144626d85d0dd5e47eb788a96f47142b63,,ok,,2026-09-28T17:55:35Z,config/local_paths.yaml:literature_corpus_root
LIT-000976,244500200.json,244500200.json,.json,40538,1d9b77ed5e361774da50f161edaa2af88dfa6668fbff2529d455641f7dab0de1,,ok,,2026-09-28T17:55:35Z,config/local_paths.yaml:literature_corpus_root
LIT-000977,244510900.json,244510900.json,.json,47428,a888ad2ba5d41711fa80ff3ad76ef03fde8423978d70bab248d5feedac571f18,,ok,,2026-09-28T17:55:35Z,config/local_paths.yaml:literature_corpus_root
LIT-000978,244543900.json,244543900.json,.json,36811,db932815e88b01974567c2f16c071464ac1fca8bda7a5292d733ba7ecc760d51,,ok,,2026-09-28T17:55:35Z,config/local_paths.yaml:literature_corpus_root
LIT-000979,244576100.json,244576100.json,.json,57642,2d0025dfafafc3a11ea8e45c6c10f0313dc5d2e6c7ef8ea42d217541bf4e4337,,ok,,2026-09-28T17:55:35Z,config/local_paths.yaml:literature_corpus_root
LIT-000980,244590700.json,244590700.json,.json,60451,1920375f06423704aa3261fd9394d1aa1c397ca48aa7430492113b045d7511b7,,ok,,2026-09-28T17:55:35Z,config/local_paths.yaml:literature_corpus_root
LIT-000981,244606200.json,244606200.json,.json,74175,54b687b686cec1d55dfded89a7f579ff65e03f900ca1257888a47ab787e0a7ad,,ok,,2026-09-28T17:55:35Z,config/local_paths.yaml:literature_corpus_root
LIT-000982,244612500.json,244612500.json,.json,34174,7796ee792bba27428e9e2b75ddf89da13169f10cd76978461934b448f796517d,,ok,,2026-09-28T17:55:35Z,config/local_paths.yaml:literature_corpus_root
LIT-000983,244646600.json,244646600.json,.json,91528,0793f73f6ae2f9ea7ed37968bfb37d6a0546190a3d8563a73a4c47cc98696951,,ok,,2026-09-28T17:55:35Z,config/local_paths.yaml:literature_corpus_root
LIT-000984,244683900.json,244683900.json,.json,25008,b19b7eb8c32be6434cadf301fd3b00264ebe66e697d476d9bdc1adb59e006e70,,ok,,2026-09-28T17:55:35Z,config/local_paths.yaml:literature_corpus_root
LIT-000985,244732500.json,244732500.json,.json,65968,efdd9179c607c01d26f874114109f37ce197923ddbf07c9ec0a7275ee86123e2,,ok,,2026-09-28T17:55:35Z,config/local_paths.yaml:literature_corpus_root
LIT-000986,244733000.json,244733000.json,.json,45774,d5a09d807bb5087f6818be05d122f1dfa51dd74cacf9c45739a2de8aaec42fec,,ok,,2026-09-28T17:55:35Z,config/local_paths.yaml:literature_corpus_root
LIT-000987,244733900.json,244733900.json,.json,37879,6ec8cafa736fb712bb1f4f9cd7d01697a7cf881e744ab8597294575941526704,,ok,,2026-09-28T17:55:35Z,config/local_paths.yaml:literature_corpus_root
LIT-000988,244754900.json,244754900.json,.json,10705,3dfb3bde7aa6fc47ee290a5da7736a8da9f7fd0f3971a420a2df45799dd07390,,ok,,2026-09-28T17:55:35Z,config/local_paths.yaml:literature_corpus_root
LIT-000989,244755000.json,244755000.json,.json,32546,5ce5e151f30cfd45486b283488be5d0260149b50de47df1a3f6e19694ec0d921,,ok,,2026-09-28T17:55:35Z,config/local_paths.yaml:literature_corpus_root
LIT-000990,244780800.json,244780800.json,.json,36631,121dae2bae1d7209549bcc6e83fbd562411034fcf2f0047f51829e204fe87457,,ok,,2026-09-28T17:55:35Z,config/local_paths.yaml:literature_corpus_root
LIT-000991,244793300.json,244793300.json,.json,47987,d06b563b2ee4efd8f1d6af679d25bad8863d8d3984c6821d2ef20b554c6743b5,,ok,,2026-09-28T17:55:35Z,config/local_paths.yaml:literature_corpus_root
LIT-000992,244921300.json,244921300.json,.json,48279,ee2dd57288de8b8c2cb6c9c64281c03e3a0123fa9d77b3a28bceb92c29e43120,,ok,,2026-09-28T17:55:35Z,config/local_paths.yaml:literature_corpus_root
LIT-000993,244943100.json,244943100.json,.json,66533,f9dc62738989b319c3a11d9467fad74ba0fb1fa3909296790226e2a29e1127be,,ok,,2026-09-28T17:55:35Z,config/local_paths.yaml:literature_corpus_root
LIT-000994,244945500.json,244945500.json,.json,62409,1ca0226c7f66d869d0994df4e78802f2144fca69456277177682e65c682122ff,,ok,,2026-09-28T17:55:35Z,config/local_paths.yaml:literature_corpus_root
LIT-000995,245022800.json,245022800.json,.json,24431,99d4749bc4d30224b786c166522774c7ec378ca7f7c2fd42e033e1165fe5734d,,ok,,2026-09-28T17:55:35Z,config/local_paths.yaml:literature_corpus_root
LIT-000996,245061300.json,245061300.json,.json,35174,362a2f790bf82feb39fb356be8621726b5fe2ce10f8a3e5b160d9366339e6146,,ok,,2026-09-28T17:55:35Z,config/local_paths.yaml:literature_corpus_root
LIT-000997,245079500.json,245079500.json,.json,41280,1e75ee50760e2ae0ae5308df3e6920fc99aa1990d790e03d21e6830a50ef92b1,,ok,,2026-09-28T17:55:35Z,config/local_paths.yaml:literature_corpus_root
LIT-000998,245140700.json,245140700.json,.json,9954,1cdc99bcbccad49d3ccf22c010e4d34f817ef4d43282e23aea8f0dc965e2d635,,ok,,2026-09-28T17:55:35Z,config/local_paths.yaml:literature_corpus_root
LIT-000999,245261800.json,245261800.json,.json,27718,1e49be643a3474f37bf762bb42953becaf8ce77b3ac672b995c32c9753be8f30,,ok,,2026-09-28T17:55:35Z,config/local_paths.yaml:literature_corpus_root
LIT-001000,245284800.json,245284800.json,.json,29926,a42869f1b005fe2253080d6ee5fd8f7efcb44ec25af0b94f475c8e9db798f324,,ok,,2026-09-28T17:55:35Z,config/local_paths.yaml:literature_corpus_root
LIT-001001,245328600.json,245328600.json,.json,5873,6f3c9192c3d367d546e3c11268d5ee14f7b188bd6cda14b0074f74d329f48f51,,ok,,2026-09-28T17:55:35Z,config/local_paths.yaml:literature_corpus_root
LIT-001002,245360700.json,245360700.json,.json,39177,724bb014076344fb09465165115a0552fd9d91b785c49ad85b65564ede3ef2f6,,ok,,2026-09-28T17:55:35Z,config/local_paths.yaml:literature_corpus_root
LIT-001003,245383600.json,245383600.json,.json,11393,1e89bb4453d091dc2fe33bc6ffc196114542b260ce7b72c8d706261feda8ed92,,ok,,2026-09-28T17:55:35Z,config/local_paths.yaml:literature_corpus_root
LIT-001004,245398500.json,245398500.json,.json,36481,797d3cfc1fe9f80a34ac573cce783fc37e6cb0448927e98f32b3e08ff7147bfa,,ok,,2026-09-28T17:55:35Z,config/local_paths.yaml:literature_corpus_root
LIT-001005,245410300.json,245410300.json,.json,29058,5d21383be70fd836ad4ebbc691bb5a4ba7b1d9613f0d64169f9be5a3f07ca56e,,ok,,2026-09-28T17:55:35Z,config/local_paths.yaml:literature_corpus_root
LIT-001006,245477400.json,245477400.json,.json,23373,f8f54ebf84216c134c213ddf734a887aaddd236b28aece0ffa79068c275902e0,,ok,,2026-09-28T17:55:35Z,config/local_paths.yaml:literature_corpus_root
LIT-001007,245529800.json,245529800.json,.json,37331,1286b0ea1c64f86156f0d200358d52edbc51ed2e6f7673921d247dd873f2be8c,,ok,,2026-09-28T17:55:35Z,config/local_paths.yaml:literature_corpus_root
LIT-001008,245545500.json,245545500.json,.json,29800,d2800bef21d53d775db6749c3ee6182f64a4d8c0f3e5a6e979952f4662f8ae23,,ok,,2026-09-28T17:55:35Z,config/local_paths.yaml:literature_corpus_root
LIT-001009,245546400.json,245546400.json,.json,45550,0723b943af6aad64066cfccbb7740407c68e1c3e44286068f856ff2cd55a652d,,ok,,2026-09-28T17:55:35Z,config/local_paths.yaml:literature_corpus_root
LIT-001010,245574700.json,245574700.json,.json,37437,925a9c636c0cdd5234253e2fd2b023d622405052174e90751e29fc2f8a5e8b4e,,ok,,2026-09-28T17:55:35Z,config/local_paths.yaml:literature_corpus_root
LIT-001011,245596000.json,245596000.json,.json,69052,a0f0264483dc02c1cf8b1ad970348978600b5272ac0b35969ce913f7d53b02a0,,ok,,2026-09-28T17:55:35Z,config/local_paths.yaml:literature_corpus_root
LIT-001012,245652800.json,245652800.json,.json,30196,02182647da247f369b3a27fb9c1a65ffee508de1e0d10900c05d20faf89737d8,,ok,,2026-09-28T17:55:35Z,config/local_paths.yaml:literature_corpus_root
LIT-001013,245713800.json,245713800.json,.json,31510,c5b18ed3afcb24497f45a50f23c210821ccfebb650199f15b86f6cc46f1a2806,,ok,,2026-09-28T17:55:35Z,config/local_paths.yaml:literature_corpus_root
LIT-001014,245735800.json,245735800.json,.json,8562,2050d0d3577cc3c570fd787140182c9ba5886c8e3a0a86fa06554b7cf27c856a,,ok,,2026-09-28T17:55:35Z,config/local_paths.yaml:literature_corpus_root
LIT-001015,245786700.json,245786700.json,.json,38586,9a65bb536417c2148aade48a3ff75aef86cd6388e4339b46b93fa6f6a5b76590,,ok,,2026-09-28T17:55:35Z,config/local_paths.yaml:literature_corpus_root
LIT-001016,245809400.json,245809400.json,.json,31834,5c4a8f57ecadddc7377cf9093b805a6d3827dae8c0d9a70a97cb3ab08cf0f23c,,ok,,2026-09-28T17:55:35Z,config/local_paths.yaml:literature_corpus_root
LIT-001017,245839500.json,245839500.json,.json,40871,19c5a576d7694075a1e4f78ee28f1687ef2a7765e8723f9a349606d43be3f5d2,,ok,,2026-09-28T17:55:35Z,config/local_paths.yaml:literature_corpus_root
LIT-001018,245840300.json,245840300.json,.json,35907,ed64a9f69e2ef30b7676d42d1232d52d487f5b52f9fb1a848dec59aa66c02d69,,ok,,2026-09-28T17:55:35Z,config/local_paths.yaml:literature_corpus_root
LIT-001019,245879300.json,245879300.json,.json,40507,15aca0b7d1f37b3cd46521873cb71537348a3a7130fafe127ae2ed7b1d73a7bb,,ok,,2026-09-28T17:55:35Z,config/local_paths.yaml:literature_corpus_root
LIT-001020,245913000.json,245913000.json,.json,43791,d84d20a1fd26fe3d02287c502aba29f5c99a1292c3faff8f0c001dd3def8fb13,,ok,,2026-09-28T17:55:35Z,config/local_paths.yaml:literature_corpus_root
LIT-001021,245942800.json,245942800.json,.json,44575,f3130ac66a13fd07a759bd2ba52e8fe060a5aeca846fd01becb00c7297ca27f6,,ok,,2026-09-28T17:55:35Z,config/local_paths.yaml:literature_corpus_root
LIT-001022,246016300.json,246016300.json,.json,43813,b2d725b413d7eeb9699c2cd9a04a8277e248b1498cd8f5aa4aae82b23dea3b5e,,ok,,2026-09-28T17:55:35Z,config/local_paths.yaml:literature_corpus_root
LIT-001023,246188200.json,246188200.json,.json,58999,c43566125563f7f693c6060592cd037d1e0958f81d1309a83bee54926b56252d,,ok,,2026-09-28T17:55:35Z,config/local_paths.yaml:literature_corpus_root
LIT-001024,246196700.json,246196700.json,.json,41375,033c141c0f6e3ffb24a4807a6f308cabbc8cf8272534c2e97cbf2812261e1f5b,,ok,,2026-09-28T17:55:35Z,config/local_paths.yaml:literature_corpus_root
LIT-001025,246225600.json,246225600.json,.json,37658,ec0062961dcd49172ff5fb83639d9ddffa3dfca001595f081f1bbc8f4ab72bfb,,ok,,2026-09-28T17:55:35Z,config/local_paths.yaml:literature_corpus_root
LIT-001026,246239600.json,246239600.json,.json,28031,d80e670eeb51ae5cdd18985e6cf12600543cf7298f27f6af00b100a91e70e849,,ok,,2026-09-28T17:55:35Z,config/local_paths.yaml:literature_corpus_root
LIT-001027,246277800.json,246277800.json,.json,33717,b7d86b7470a231ba279ea4d1c03b375e7580349cdf1c6571d3d16747a1501d87,,ok,,2026-09-28T17:55:35Z,config/local_paths.yaml:literature_corpus_root
LIT-001028,246325600.json,246325600.json,.json,19695,c3023b7f3db71aa2b0c56291738f36ff22a78c859175fc9d107d98213a74f598,,ok,,2026-09-28T17:55:35Z,config/local_paths.yaml:literature_corpus_root
LIT-001029,246347300.json,246347300.json,.json,44215,feb53a7d5f10ccfbe1085ab59b3480a38a31fca1b6c1397e03e1a94bd07d02f6,,ok,,2026-09-28T17:55:35Z,config/local_paths.yaml:literature_corpus_root
LIT-001030,246437300.json,246437300.json,.json,25024,e71eaf8155907c5bed1bfe008f095fb56e86c42b1ff2c6cf1a08e2d7a44d23c1,,ok,,2026-09-28T17:55:35Z,config/local_paths.yaml:literature_corpus_root
LIT-001031,246470300.json,246470300.json,.json,13469,00ff93b0351beb915485b0bf618d3cc1f811c15ba6002b9fc0fe5d7bd2552988,,ok,,2026-09-28T17:55:35Z,config/local_paths.yaml:literature_corpus_root
LIT-001032,246478300.json,246478300.json,.json,21034,0e17ac8e3cb82cd21f7479756fab790e263deb1e034f87a8b396b0466ed2a7bc,,ok,,2026-09-28T17:55:35Z,config/local_paths.yaml:literature_corpus_root
LIT-001033,246519100.json,246519100.json,.json,54371,e822bc29d0a8b89b803b9fec16682eff7d262be390108676471b5d7731f30bd0,,ok,,2026-09-28T17:55:35Z,config/local_paths.yaml:literature_corpus_root
LIT-001034,246543000.json,246543000.json,.json,32575,814674c7a8375f532324a45060873cde9dff51c7c5d95344992bba541554d580,,ok,,2026-09-28T17:55:35Z,config/local_paths.yaml:literature_corpus_root
LIT-001035,246624000.json,246624000.json,.json,86271,f9a46cf8f5e3ad8acfdcf6e7c38511c77e89f12a9b5236668b0c740be6d8d032,,ok,,2026-09-28T17:55:35Z,config/local_paths.yaml:literature_corpus_root
LIT-001036,246673800.json,246673800.json,.json,33234,4da609d6cf59022754e4d8b2727279d0d762345b8258e4665bd797c2939ed74a,,ok,,2026-09-28T17:55:35Z,config/local_paths.yaml:literature_corpus_root
LIT-001037,246697900.json,246697900.json,.json,40843,257b2900cb8c19dd78dca8b93fef607136aaee7c7579b04f43ad8eedaba69e6e,,ok,,2026-09-28T17:55:35Z,config/local_paths.yaml:literature_corpus_root
LIT-001038,246700200.json,246700200.json,.json,73173,62feadfa52f20f96daf375a1079360a4e4e4d9609286516b004160c19bf4b549,,ok,,2026-09-28T17:55:35Z,config/local_paths.yaml:literature_corpus_root
LIT-001039,246711800.json,246711800.json,.json,36059,a9b45ea2e6ea104d6c6b2f17c62fc554e95f52290bb2e6724f9edea22a74ac7a,,ok,,2026-09-28T17:55:35Z,config/local_paths.yaml:literature_corpus_root
LIT-001040,246814700.json,246814700.json,.json,36507,0eac9482b4845f40c7fc7f3ef92ec121ec7447c3ca62d65ecdadb8f207a23332,,ok,,2026-09-28T17:55:35Z,config/local_paths.yaml:literature_corpus_root
LIT-001041,246818400.json,246818400.json,.json,30273,c196f57fa8ae19a9010f842fcd57a33f8de7624ca3ebba087a4ee389207387ee,,ok,,2026-09-28T17:55:35Z,config/local_paths.yaml:literature_corpus_root
LIT-001042,246829600.json,246829600.json,.json,45214,046d699bbbbd9d7172ede189ee68e385ac0e02bfb3623f4a6f23cca2867bece0,,ok,,2026-09-28T17:55:35Z,config/local_paths.yaml:literature_corpus_root
LIT-001043,246832000.json,246832000.json,.json,44813,f807ce5fc239d07ad5097ef75904c526f6f8614db106d6b25c1e5b6b98066361,,ok,,2026-09-28T17:55:35Z,config/local_paths.yaml:literature_corpus_root
LIT-001044,246838100.json,246838100.json,.json,35826,2725ddd32aa17ac8eb1f87d9ad53d1772897e16547230e0291b3c8794d7fa135,,ok,,2026-09-28T17:55:35Z,config/local_paths.yaml:literature_corpus_root
LIT-001045,246855900.json,246855900.json,.json,28059,0340526cfbefa2620fc8eb3e370771446b70dde3e04646e9bbc6d568a8acb150,,ok,,2026-09-28T17:55:35Z,config/local_paths.yaml:literature_corpus_root
LIT-001046,247034600.json,247034600.json,.json,48971,be0c86cfedc994eaf45046864d914b7ee2265c4763cd3b4304600f4326286bec,,ok,,2026-09-28T17:55:35Z,config/local_paths.yaml:literature_corpus_root
LIT-001047,247041700.json,247041700.json,.json,24530,53cc708c93ecaad1b54a9a723c87600469b2cbe992550497d1e02916b38189b5,,ok,,2026-09-28T17:55:35Z,config/local_paths.yaml:literature_corpus_root
LIT-001048,247100200.json,247100200.json,.json,41928,7ac8d083dd024d2f0e1bccea75c6fd595024715f4f22d04d3bac4e7d0584c863,,ok,,2026-09-28T17:55:35Z,config/local_paths.yaml:literature_corpus_root
LIT-001049,247104700.json,247104700.json,.json,29613,65068bd15fcaef271e268152f6af8b06f029949ef2aae3f600dde883a4f52275,,ok,,2026-09-28T17:55:35Z,config/local_paths.yaml:literature_corpus_root
LIT-001050,247123200.json,247123200.json,.json,47393,4a7109f7a352e317ce679921e8a01f519b465272b203a296ebfd4138adfa3110,,ok,,2026-09-28T17:55:35Z,config/local_paths.yaml:literature_corpus_root
LIT-001051,247245400.json,247245400.json,.json,18687,633c6aab0df180a9b604303c09f0e31b08fa9e2cce3766f9e9a8f4f4fc81b212,,ok,,2026-09-28T17:55:35Z,config/local_paths.yaml:literature_corpus_root
LIT-001052,247276900.json,247276900.json,.json,25693,baaf972c2a5376f29430d782cbe003f8f9cb06f7eb2ef03c0bb35e0cae5ee994,,ok,,2026-09-28T17:55:35Z,config/local_paths.yaml:literature_corpus_root
LIT-001053,247281700.json,247281700.json,.json,44813,8bdc71840e70a26ac01a80b9953086addc7be7171fbfe90effde687efdbcdecd,,ok,,2026-09-28T17:55:35Z,config/local_paths.yaml:literature_corpus_root
LIT-001054,247318800.json,247318800.json,.json,19117,b8c1ad04c593800690f31f837ec657d454d702cb629b003528f60e0e87172a50,,ok,,2026-09-28T17:55:35Z,config/local_paths.yaml:literature_corpus_root
LIT-001055,247371100.json,247371100.json,.json,39236,4859e362b046713b6c5e96b166a504f59f73e969db9c9a9bcb06e1c4926aa89c,,ok,,2026-09-28T17:55:35Z,config/local_paths.yaml:literature_corpus_root
LIT-001056,247371500.json,247371500.json,.json,14212,b3ba875499c9360bb5d73edf46605959825d0132cc1bfbe6a008bce612d50931,,ok,,2026-09-28T17:55:35Z,config/local_paths.yaml:literature_corpus_root
LIT-001057,247486300.json,247486300.json,.json,61789,59fa17056bb9436e2048492eea6ff95b0f1e2dffe787c3675f73ea1147458001,,ok,,2026-09-28T17:55:35Z,config/local_paths.yaml:literature_corpus_root
LIT-001058,247508400.json,247508400.json,.json,24620,d11142a33f39d0937de729b295f3a715d8d883539e954fcf4d5e0f35b91e75c5,,ok,,2026-09-28T17:55:35Z,config/local_paths.yaml:literature_corpus_root
LIT-001059,247509800.json,247509800.json,.json,37936,733c7d787b229c495530678cee384ab9a42b86aa2cafdcc1790d8b98a4d1f819,,ok,,2026-09-28T17:55:35Z,config/local_paths.yaml:literature_corpus_root
LIT-001060,247511700.json,247511700.json,.json,27959,ba0ebfab29ba7a0e18b903f6572f25b2fa287955c89d5233c7063fba5f24a58f,,ok,,2026-09-28T17:55:35Z,config/local_paths.yaml:literature_corpus_root
LIT-001061,247520800.json,247520800.json,.json,91625,5fe5c5f8893a9a6686332161d097b9b613c0f1eeaf9b8dc2da0e645fc2fc0913,,ok,,2026-09-28T17:55:35Z,config/local_paths.yaml:literature_corpus_root
LIT-001062,247525600.json,247525600.json,.json,32275,18a6b497623c958951d020a40a30a471619cf38d6f02710f4739d42baf845214,,ok,,2026-09-28T17:55:35Z,config/local_paths.yaml:literature_corpus_root
LIT-001063,247527900.json,247527900.json,.json,46464,3260ae0b378708395d194d895c821f29de584633c2c4a0ed1b162973cd8c609c,,ok,,2026-09-28T17:55:35Z,config/local_paths.yaml:literature_corpus_root
LIT-001064,247646500.json,247646500.json,.json,25504,8afcf0b2e2e91c322a2631b9c354d6944e9268f345dd374b739549a28f980899,,ok,,2026-09-28T17:55:35Z,config/local_paths.yaml:literature_corpus_root
LIT-001065,247652400.json,247652400.json,.json,22474,8fc6441f6708df0b62bf2ae43c9dcbd51d86e102b33c243aa4f72a1308b21b65,,ok,,2026-09-28T17:55:35Z,config/local_paths.yaml:literature_corpus_root
LIT-001066,247653900.json,247653900.json,.json,52253,3b2b0164ef2acff41257925dca1b5880a26f61c0e6be049bd3e2c8b18d9c53b2,,ok,,2026-09-28T17:55:35Z,config/local_paths.yaml:literature_corpus_root
LIT-001067,247979100.json,247979100.json,.json,54616,409d037d2d8a01f01422191478808df39fe7831797d9438b5b4dfbaf70df3085,,ok,,2026-09-28T17:55:35Z,config/local_paths.yaml:literature_corpus_root
LIT-001068,248005900.json,248005900.json,.json,19858,8ba24b83aad5cc96bf3fc361ade04f937ba04aae8de000b879243486171bf237,,ok,,2026-09-28T17:55:35Z,config/local_paths.yaml:literature_corpus_root
LIT-001069,248008500.json,248008500.json,.json,53417,836162222476c68a22c14bb0d01eeb03fe23bf2b8a85ab13a749e3d1d1b1446a,,ok,,2026-09-28T17:55:35Z,config/local_paths.yaml:literature_corpus_root
LIT-001070,248070600.json,248070600.json,.json,37207,303e3e1f4ce2baf55770feb059388af59c3e8cbd8a602f84497a0db2ca15b8f0,,ok,,2026-09-28T17:55:35Z,config/local_paths.yaml:literature_corpus_root
LIT-001071,248115300.json,248115300.json,.json,15126,d80bec3fc3afa254f3734a92f7fab14eaf379f8c6a0bcb656cafbe7a84d5caa9,,ok,,2026-09-28T17:55:35Z,config/local_paths.yaml:literature_corpus_root
LIT-001072,248122000.json,248122000.json,.json,19452,7ab6e84c5c6b422c8af5b4aae037d152ea5fcd4d3c57dec1e8c08b9ed9aeb8c5,,ok,,2026-09-28T17:55:35Z,config/local_paths.yaml:literature_corpus_root
LIT-001073,248140700.json,248140700.json,.json,35027,79b46508e4014f0bd4a525d52b5f23426132af372d2037a9f3017253ef498cd6,,ok,,2026-09-28T17:55:35Z,config/local_paths.yaml:literature_corpus_root
LIT-001074,248158900.json,248158900.json,.json,10278,d97136f57a058aba74f04144d2061f1edcf069f7f4dbc0ebcbeddbf806f91f10,,ok,,2026-09-28T17:55:35Z,config/local_paths.yaml:literature_corpus_root
LIT-001075,248171600.json,248171600.json,.json,38520,bf347cb429abab4bb6381a8ac827ee6858ff563c17027f621d19c2995c4b5b8d,,ok,,2026-09-28T17:55:35Z,config/local_paths.yaml:literature_corpus_root
LIT-001076,248304400.json,248304400.json,.json,35014,e9a9b3a53c501f9be190e53cf5589afa27e12c4e7c05d61aea004a22fd48483a,,ok,,2026-09-28T17:55:35Z,config/local_paths.yaml:literature_corpus_root
LIT-001077,248315300.json,248315300.json,.json,57808,b55a77bf4fc33485d6b7b136de9574ced7b32c2793ab54420a7090e6d10e318f,,ok,,2026-09-28T17:55:35Z,config/local_paths.yaml:literature_corpus_root
LIT-001078,248317100.json,248317100.json,.json,54164,a4c1983710fc166486e6dcbf8fe7461890687d45ab401bed56aa34bb48b722d5,,ok,,2026-09-28T17:55:35Z,config/local_paths.yaml:literature_corpus_root
LIT-001079,248318100.json,248318100.json,.json,42564,470f3e172c56a7d784460b4f042f82b8cfc771694f46536c56e79c62ff9684c5,,ok,,2026-09-28T17:55:35Z,config/local_paths.yaml:literature_corpus_root
LIT-001080,248336100.json,248336100.json,.json,34530,a871c3f5637efa3cf00f4b4376a7b882371f9b71fdae857abd94f49e87019239,,ok,,2026-09-28T17:55:35Z,config/local_paths.yaml:literature_corpus_root
LIT-001081,248341800.json,248341800.json,.json,31181,6eca7244f362553d8819602f9ef06e93253004b530f02b280c1175f6a101ed23,,ok,,2026-09-28T17:55:35Z,config/local_paths.yaml:literature_corpus_root
LIT-001082,248353400.json,248353400.json,.json,59502,ef0e6d494404e4dcd0ce7ec6c421b1b885cab8d2772a8e2ef1048ad4ffa83c99,,ok,,2026-09-28T17:55:35Z,config/local_paths.yaml:literature_corpus_root
LIT-001083,248357700.json,248357700.json,.json,84724,49a6a1ea77c7c12480914075a9bff7ed65c8b3f72fe9d5436e3b6fe62003541e,,ok,,2026-09-28T17:55:35Z,config/local_paths.yaml:literature_corpus_root
LIT-001084,248380600.json,248380600.json,.json,48947,6f3780d22a0c5c8319ea6e7fced30961d566f0a8b06aa8397e7bf30b699d0d69,,ok,,2026-09-28T17:55:35Z,config/local_paths.yaml:literature_corpus_root
LIT-001085,248397900.json,248397900.json,.json,37996,072b1730091ecc506ca5999e8608c4455db350f8332d1e768d830371c48ff399,,ok,,2026-09-28T17:55:35Z,config/local_paths.yaml:literature_corpus_root
LIT-001086,248425700.json,248425700.json,.json,37690,b2d7346475ad5a93d91b2fae8e4acc954500f6ea197061f8d6e6710e49d0dcc8,,ok,,2026-09-28T17:55:35Z,config/local_paths.yaml:literature_corpus_root
LIT-001087,248444700.json,248444700.json,.json,33193,8dcab26b4d71486618fc737df0fd078a46b9180a6e3d4873f680765a9f0303c1,,ok,,2026-09-28T17:55:35Z,config/local_paths.yaml:literature_corpus_root
LIT-001088,248447500.json,248447500.json,.json,49701,e9d7cac1150f409f444f66a0134aa0b05b308843cd8c56e334577f2700d8d081,,ok,,2026-09-28T17:55:35Z,config/local_paths.yaml:literature_corpus_root
LIT-001089,248543800.json,248543800.json,.json,61360,7e45c9f1398789f25dba30a85986c59855757408d9917c88bedbed7e0426594d,,ok,,2026-09-28T17:55:35Z,config/local_paths.yaml:literature_corpus_root
LIT-001090,248573500.json,248573500.json,.json,23943,21d6e15b75df61760ded8d666313c5c564392f59da2048eeb49e6fb5390ab01c,,ok,,2026-09-28T17:55:35Z,config/local_paths.yaml:literature_corpus_root
LIT-001091,2485800.json,2485800.json,.json,27220,30b86f3d30d5e01ba7633555d3594b2be05e01b7e8815403186e81bd670dc91f,,ok,,2026-09-28T17:55:35Z,config/local_paths.yaml:literature_corpus_root
LIT-001092,248660800.json,248660800.json,.json,49959,3113dd6c46ec89c71bd65dd19d1771ccebc1e65731bbe79ca1fc62190d887d23,,ok,,2026-09-28T17:55:35Z,config/local_paths.yaml:literature_corpus_root
LIT-001093,248666500.json,248666500.json,.json,62819,6771869bef2e54612a6146accbaffc723fe0fb2f04606748eafa05095556bb13,,ok,,2026-09-28T17:55:35Z,config/local_paths.yaml:literature_corpus_root
LIT-001094,248710400.json,248710400.json,.json,71214,0d4c531d84148ebe36c1a35e41a6ffe0c89dffde5dbec01750b9e4a2489f38f4,,ok,,2026-09-28T17:55:35Z,config/local_paths.yaml:literature_corpus_root
LIT-001095,248718500.json,248718500.json,.json,24584,d894f30a6e91d1f30f2858ee793e650a161ce2200a15339d157361a5e325773d,,ok,,2026-09-28T17:55:35Z,config/local_paths.yaml:literature_corpus_root
LIT-001096,248730800.json,248730800.json,.json,71900,00f48133087b6a2df7e7614a14f45a4331b82a9d60a6b9c2d5c2b5c5dc08bd48,,ok,,2026-09-28T17:55:35Z,config/local_paths.yaml:literature_corpus_root
LIT-001097,248867300.json,248867300.json,.json,29750,c7e50640dca05cf65ceef2b89b7121b57cdf7693640f34382a4895155bd20a70,,ok,,2026-09-28T17:55:35Z,config/local_paths.yaml:literature_corpus_root
LIT-001098,248881300.json,248881300.json,.json,33360,ba5ac37c078b705a94a13b5bb1ab18bd20cd8286a6ddfb93d7ab42a59d79c1cf,,ok,,2026-09-28T17:55:35Z,config/local_paths.yaml:literature_corpus_root
LIT-001099,248897100.json,248897100.json,.json,22480,f4a16349408202b231e6e9d0e42bca7a036431ea1d6d8a09abf4a8cbe9b097f1,,ok,,2026-09-28T17:55:35Z,config/local_paths.yaml:literature_corpus_root
LIT-001100,248908600.json,248908600.json,.json,36667,bba08c3301ed5555269a758f87f9a330f41151afc649d418a9a834043524d797,,ok,,2026-09-28T17:55:35Z,config/local_paths.yaml:literature_corpus_root
LIT-001101,248952900.json,248952900.json,.json,76196,ad5a61ea88d0908e42ffbc5f75ca44e4677fd378da6ca6ae2c10d35818eea8e5,,ok,,2026-09-28T17:55:35Z,config/local_paths.yaml:literature_corpus_root
LIT-001102,248976900.json,248976900.json,.json,40672,515dfe5c65593289c20597d2853ef41fac00b9200990ba19d976e15bc8dc3928,,ok,,2026-09-28T17:55:35Z,config/local_paths.yaml:literature_corpus_root
LIT-001103,249031500.json,249031500.json,.json,26930,aff877e5ee0ca19a7d26b22f067c055b4256015bf54df2feecb949320ca26f33,,ok,,2026-09-28T17:55:35Z,config/local_paths.yaml:literature_corpus_root
LIT-001104,249031900.json,249031900.json,.json,23455,5c3e74e667867ba9ad541d5611c54a4f571a7b9e4ea7a1aea5be218603ed09f2,,ok,,2026-09-28T17:55:35Z,config/local_paths.yaml:literature_corpus_root
LIT-001105,249050300.json,249050300.json,.json,33387,bc7df0945bf027ecf408d97e2d40bf4d8526d4570581f582592b4662debaf7e1,,ok,,2026-09-28T17:55:35Z,config/local_paths.yaml:literature_corpus_root
LIT-001106,249386600.json,249386600.json,.json,52394,3e1c63d80feec5ba99ed732b9ca13fe205c2ac6936bec83c1bd904ef9009c594,,ok,,2026-09-28T17:55:35Z,config/local_paths.yaml:literature_corpus_root
LIT-001107,249481100.json,249481100.json,.json,27621,1a51874bd96e51550e365effc074abce794ae4f986cd20101536d248050599c0,,ok,,2026-09-28T17:55:35Z,config/local_paths.yaml:literature_corpus_root
LIT-001108,249545600.json,249545600.json,.json,24062,8e71042c32351f7c972cdf86d0e79e99646f4714dd2ee1db92bd78a98b2825c3,,ok,,2026-09-28T17:55:35Z,config/local_paths.yaml:literature_corpus_root
LIT-001109,249606500.json,249606500.json,.json,33489,2b459ba351d19dc5a5a08afa352ced47c3638dd9ecea1ea92ba53de479bea02a,,ok,,2026-09-28T17:55:35Z,config/local_paths.yaml:literature_corpus_root
LIT-001110,249676700.json,249676700.json,.json,56489,695bf37f6984486cb8bb68c68ac3f2ec4c59e36771c3e2911386a08531ee142e,,ok,,2026-09-28T17:55:35Z,config/local_paths.yaml:literature_corpus_root
LIT-001111,249710000.json,249710000.json,.json,51988,4a0b8c1ba1cdfb735fa39fdc3df8a9c064a3ae663be8e217ea31c9870f7b2b93,,ok,,2026-09-28T17:55:35Z,config/local_paths.yaml:literature_corpus_root
LIT-001112,249733200.json,249733200.json,.json,25759,39d1868791686b9f9a774e4196eeac10ca51e5a093351d9ac8f33ca9cc1e5840,,ok,,2026-09-28T17:55:35Z,config/local_paths.yaml:literature_corpus_root
LIT-001113,249902000.json,249902000.json,.json,37964,6d440eb1bbe44babf6537687bad1630551403c6821e09a942ef6da5b7d410a03,,ok,,2026-09-28T17:55:35Z,config/local_paths.yaml:literature_corpus_root
LIT-001114,249908000.json,249908000.json,.json,44944,0c9164c4cf56163ae5a94ee74669aa5325d5e051fd69e8ee27723fcb6105e6bf,,ok,,2026-09-28T17:55:35Z,config/local_paths.yaml:literature_corpus_root
LIT-001115,249911600.json,249911600.json,.json,22283,69fd7e92a4192799a89e0fd3b37ec2c092aa2a29cfde3a3d97d3438d262dd868,,ok,,2026-09-28T17:55:35Z,config/local_paths.yaml:literature_corpus_root
LIT-001116,249976600.json,249976600.json,.json,32258,aa3c8b1a7c829f39c620ed0bb3f569f1274966d89128568f4c6cffea8dd10b00,,ok,,2026-09-28T17:55:35Z,config/local_paths.yaml:literature_corpus_root
LIT-001117,250011600.json,250011600.json,.json,26968,73df736e836cb33a472a255cf1a0a8a471319ae46285a7f684ee364c205a1f1a,,ok,,2026-09-28T17:55:35Z,config/local_paths.yaml:literature_corpus_root
LIT-001118,250027900.json,250027900.json,.json,117575,e1257bcc1487c19cc206e5d874f65cd02c014d14d73a46d1d8a529fa416bc26d,,ok,,2026-09-28T17:55:35Z,config/local_paths.yaml:literature_corpus_root
LIT-001119,250106000.json,250106000.json,.json,43626,58e4e8c14971b83fefbbb98b0a0bb0ae41d78a59befeeedceea3c5bfdba53cf2,,ok,,2026-09-28T17:55:35Z,config/local_paths.yaml:literature_corpus_root
LIT-001120,250106900.json,250106900.json,.json,18777,420c6ab8f8007b6e68b82e00fe634880a3445e200ff757e8edcea5fe20e82940,,ok,,2026-09-28T17:55:35Z,config/local_paths.yaml:literature_corpus_root
LIT-001121,250149100.json,250149100.json,.json,40296,d6c61f3b8acc408e98d43ebfd5723b861162345ce94e067e98725402773fa39f,,ok,,2026-09-28T17:55:35Z,config/local_paths.yaml:literature_corpus_root
LIT-001122,250233100.json,250233100.json,.json,38535,3025ec888622924235a838dea5e5070c5ecc2e9268c22f8f0299cae9a0ad3e68,,ok,,2026-09-28T17:55:35Z,config/local_paths.yaml:literature_corpus_root
LIT-001123,250319400.json,250319400.json,.json,78497,cfb3e61f5c5e7d4baab5eb63303f10622bf6dde582640ff021ae0941e5a00d38,,ok,,2026-09-28T17:55:35Z,config/local_paths.yaml:literature_corpus_root
LIT-001124,250328400.json,250328400.json,.json,28408,a4e8da87e9ba872c6cf25c8b26e3230aa44114bad40b99cc1a9419d3e9df8be5,,ok,,2026-09-28T17:55:35Z,config/local_paths.yaml:literature_corpus_root
LIT-001125,250362900.json,250362900.json,.json,36715,c1310291c424e5d97d7a2b07b32980c96790411bae52202f25e27791d45f1513,,ok,,2026-09-28T17:55:35Z,config/local_paths.yaml:literature_corpus_root
LIT-001126,250423000.json,250423000.json,.json,36280,d1aca24c655ec4a63757e4fd42e10c18109a5b728c20b18d63ae73cab65ea10c,,ok,,2026-09-28T17:55:35Z,config/local_paths.yaml:literature_corpus_root
LIT-001127,250648800.json,250648800.json,.json,37770,2a4fa7f5579e6be5d5b67393fb67e83b6fbf2aec6733529d43d63ed9e542d93c,,ok,,2026-09-28T17:55:35Z,config/local_paths.yaml:literature_corpus_root
LIT-001128,251168300.json,251168300.json,.json,38795,08cdf191be29274a901971fb4ab37c6fee4c36e9b745aff01fc0210a90e9578e,,ok,,2026-09-28T17:55:35Z,config/local_paths.yaml:literature_corpus_root
LIT-001129,251298100.json,251298100.json,.json,38127,796ebeca281bb47b39d9035e82ae9b47a5c16cfbda497d9a064d0ffbb331ac3d,,ok,,2026-09-28T17:55:35Z,config/local_paths.yaml:literature_corpus_root
LIT-001130,251329600.json,251329600.json,.json,35751,1fef207217af677ff2c25811041444017c4b6962ef0cd7bedeff4c7d6cf32305,,ok,,2026-09-28T17:55:35Z,config/local_paths.yaml:literature_corpus_root
LIT-001131,251432100.json,251432100.json,.json,32690,94d192af472e878101c1f061746b6a78d4ca715407302c519d31eca486cc2cda,,ok,,2026-09-28T17:55:35Z,config/local_paths.yaml:literature_corpus_root
LIT-001132,251501400.json,251501400.json,.json,30123,52dd14c384fa236af6c65169e5bd6e29d447465e6058825f782885b4663d98f5,,ok,,2026-09-28T17:55:35Z,config/local_paths.yaml:literature_corpus_root
LIT-001133,251503200.json,251503200.json,.json,65646,07d123300c039e2526c1070c4a68206645d11b46f3db21e075bfdef46a63a8ef,,ok,,2026-09-28T17:55:35Z,config/local_paths.yaml:literature_corpus_root
LIT-001134,251513900.json,251513900.json,.json,32567,51504191a5500ab0f8f18b284c2c95b042343f0e82c59f50a652005a45079331,,ok,,2026-09-28T17:55:35Z,config/local_paths.yaml:literature_corpus_root
LIT-001135,251515000.json,251515000.json,.json,67880,1674d6f504326c6c87dc3f8da18f651dd3b115217648ff082daec3c531c45107,,ok,,2026-09-28T17:55:35Z,config/local_paths.yaml:literature_corpus_root
LIT-001136,251709200.json,251709200.json,.json,24582,bb98af435def4d61ca300c0722827a573542ac5b7a3ebb817023fde588044261,,ok,,2026-09-28T17:55:35Z,config/local_paths.yaml:literature_corpus_root
LIT-001137,251782800.json,251782800.json,.json,22376,28c817d312eddb4bc3818e66db08ad8cbfa32942d53810439949968815b81721,,ok,,2026-09-28T17:55:35Z,config/local_paths.yaml:literature_corpus_root
LIT-001138,251825100.json,251825100.json,.json,19684,af8beea1713d51700d2f002f175e82f918a33c39e430672c34f130920d2ed99d,,ok,,2026-09-28T17:55:35Z,config/local_paths.yaml:literature_corpus_root
LIT-001139,251828400.json,251828400.json,.json,83894,5582f99b3d8cf98f816c39f7ed1db0be542bba2e1d3f509546b5fcc5dbd84a1f,,ok,,2026-09-28T17:55:35Z,config/local_paths.yaml:literature_corpus_root
LIT-001140,251936400.json,251936400.json,.json,22088,56230fc93ff78b20cc1f9995057daea7afc05b96ea1d714fb8b5c4cbe291708d,,ok,,2026-09-28T17:55:35Z,config/local_paths.yaml:literature_corpus_root
LIT-001141,251972000.json,251972000.json,.json,27667,87b5006205d3015b0e9939346d843cc510e66fa82b7d8de45b30a9e8e79be316,,ok,,2026-09-28T17:55:35Z,config/local_paths.yaml:literature_corpus_root
LIT-001142,252022300.json,252022300.json,.json,37248,95e8e84daf1e7f86b587cb7cac35fce682fbf81bd57ee9a9ab6f66be5350d10a,,ok,,2026-09-28T17:55:35Z,config/local_paths.yaml:literature_corpus_root
LIT-001143,252046000.json,252046000.json,.json,21265,cc4c3c7b5864a2728f44cb4a01a6851a230391dcae6c6c3016862488a2f054ee,,ok,,2026-09-28T17:55:35Z,config/local_paths.yaml:literature_corpus_root
LIT-001144,252061700.json,252061700.json,.json,47940,a02f0cf27729b2d557d8ea93376d0408ec58cfdc2f6ad4f0ed64de72e597273a,,ok,,2026-09-28T17:55:35Z,config/local_paths.yaml:literature_corpus_root
LIT-001145,252092700.json,252092700.json,.json,33927,b488b435dbe9ac37554f9ba041e453a45160d21cf84ea60f60fbd963c1c814c6,,ok,,2026-09-28T17:55:35Z,config/local_paths.yaml:literature_corpus_root
LIT-001146,252121300.json,252121300.json,.json,36196,036c1f65b8c51c48a0f8c989ee64c47423dacf1af5ad5ac2d3eec71205e7818b,,ok,,2026-09-28T17:55:35Z,config/local_paths.yaml:literature_corpus_root
LIT-001147,252121500.json,252121500.json,.json,16833,6d9cd872605b4e258606d2d0c86a3a13672bc915dfde2d9d7b70e27726810037,,ok,,2026-09-28T17:55:35Z,config/local_paths.yaml:literature_corpus_root
LIT-001148,252124900.json,252124900.json,.json,36174,730ea62588ba5bdb56cfe6bf54da28773f27bfc1747c35e902fa1e296cb48a5e,,ok,,2026-09-28T17:55:35Z,config/local_paths.yaml:literature_corpus_root
LIT-001149,252133100.json,252133100.json,.json,21011,bab321e8a279cd441fd4bff896fd9459b48f8eb88bb1a2f387cfa6d096fcd1cf,,ok,,2026-09-28T17:55:35Z,config/local_paths.yaml:literature_corpus_root
LIT-001150,252146100.json,252146100.json,.json,87021,b48fd8209b7adb47b9086bf8d10ca7f4f6a64786d723e17c97bb88b2db3ed34b,,ok,,2026-09-28T17:55:35Z,config/local_paths.yaml:literature_corpus_root
LIT-001151,252200100.json,252200100.json,.json,65659,c53b373ee85cda6807b9a52eb6dfb18397c95534775c55077013e92d786bd914,,ok,,2026-09-28T17:55:35Z,config/local_paths.yaml:literature_corpus_root
LIT-001152,252203800.json,252203800.json,.json,38679,153dbdc84a604e29054bdf4b2f64635e27e72bfdc258f107c8b19f2cc6818359,,ok,,2026-09-28T17:55:35Z,config/local_paths.yaml:literature_corpus_root
LIT-001153,252393300.json,252393300.json,.json,30970,d8ffc5960f2c8c5a30e0a231a13693afa917db101b9a67a47833a1af99ab3f79,,ok,,2026-09-28T17:55:35Z,config/local_paths.yaml:literature_corpus_root
LIT-001154,252433800.json,252433800.json,.json,22288,488e59c18c60c0cfb638bd7eff9e95cd12058237b90a1ad0e5545e59fd182ff5,,ok,,2026-09-28T17:55:35Z,config/local_paths.yaml:literature_corpus_root
LIT-001155,252534600.json,252534600.json,.json,45223,a4927a48b2b0fba151afb6086b72156b874ff39cc8cc84a9f31855ddb36fc34e,,ok,,2026-09-28T17:55:35Z,config/local_paths.yaml:literature_corpus_root
LIT-001156,252581600.json,252581600.json,.json,48447,1e2909ad9b48788e2a8aa8a9450ac334dbfb62461548d5fe7a1b77d63d39a321,,ok,,2026-09-28T17:55:35Z,config/local_paths.yaml:literature_corpus_root
LIT-001157,252655400.json,252655400.json,.json,48497,04f745d73912129d490285f16f326c564f4ed8ced7e9b79e51ca7aab2aa5d0a6,,ok,,2026-09-28T17:55:35Z,config/local_paths.yaml:literature_corpus_root
LIT-001158,252683800.json,252683800.json,.json,35118,24d4820ab0c9ad73b15888244515e6ef9c19d528e28bef013998218ed98f93ca,,ok,,2026-09-28T17:55:35Z,config/local_paths.yaml:literature_corpus_root
LIT-001159,252694200.json,252694200.json,.json,70152,1d919477bed7fced818e02174c10a0e300383390eb0b5d60259bb369add835ab,,ok,,2026-09-28T17:55:35Z,config/local_paths.yaml:literature_corpus_root
LIT-001160,252697700.json,252697700.json,.json,48629,21f45da616ad12491e138a667269a9677a973bcb65b37e618270c1ec70a4c8ae,,ok,,2026-09-28T17:55:35Z,config/local_paths.yaml:literature_corpus_root
LIT-001161,252723800.json,252723800.json,.json,23657,470919c94e378324bfc6b339b102265f28a813eb6d4e4ae777daec513ec993b3,,ok,,2026-09-28T17:55:35Z,config/local_paths.yaml:literature_corpus_root
LIT-001162,252774200.json,252774200.json,.json,68438,f929605c7e689130ff1c0424d20c124a8b75b08b83afbd1e1b2743c011400ac8,,ok,,2026-09-28T17:55:35Z,config/local_paths.yaml:literature_corpus_root
LIT-001163,252824900.json,252824900.json,.json,21326,d7ce75c380984c519a8b0d151c49be34c320ee029531eb4c0432ffd82f2e0f36,,ok,,2026-09-28T17:55:35Z,config/local_paths.yaml:literature_corpus_root
LIT-001164,252848900.json,252848900.json,.json,46864,65043fa4a1ce191630d65c579135bbd4be4febd564a04a00b143d21d6b9230df,,ok,,2026-09-28T17:55:35Z,config/local_paths.yaml:literature_corpus_root
LIT-001165,252876800.json,252876800.json,.json,38207,a673692d6c119d2a139b7c5736ecf96e05fbf1a699f1eea76b2b030bdac4b4d3,,ok,,2026-09-28T17:55:35Z,config/local_paths.yaml:literature_corpus_root
LIT-001166,252884000.json,252884000.json,.json,31934,74cddb333c2d348f7ade56380e509d0ca98da0fe62851e9081d2fb147f566ab2,,ok,,2026-09-28T17:55:35Z,config/local_paths.yaml:literature_corpus_root
LIT-001167,252911400.json,252911400.json,.json,27762,df326211907d124256d34c1204c3fca5e26fbe2f20f424c4092cabbcc00afe92,,ok,,2026-09-28T17:55:35Z,config/local_paths.yaml:literature_corpus_root
LIT-001168,252913300.json,252913300.json,.json,29384,cda08e514e6c425831cd695eca924d3ccf23e6521e921729e27f238b04cfd6cc,,ok,,2026-09-28T17:55:35Z,config/local_paths.yaml:literature_corpus_root
LIT-001169,252980000.json,252980000.json,.json,47126,f39f85cc304c47303ffa6e5e8b13d984161790936cf55fc0298fefac6b8751d8,,ok,,2026-09-28T17:55:35Z,config/local_paths.yaml:literature_corpus_root
LIT-001170,253024300.json,253024300.json,.json,46115,1dd4b8892a5c4c49a8047704d0b6fa3f29a0f84b49e4fd2040c4394e14cab706,,ok,,2026-09-28T17:55:35Z,config/local_paths.yaml:literature_corpus_root
LIT-001171,253034400.json,253034400.json,.json,14264,90005b0241b9237455669e63f12a08d4c11e944d0bf1698b29d8b28531c9d1e5,,ok,,2026-09-28T17:55:35Z,config/local_paths.yaml:literature_corpus_root
LIT-001172,253049100.json,253049100.json,.json,68188,eed1c76f9bbc88e590fbe9eac58a407df5ad38e5f1d7fb19c4fdaf4eb2189425,,ok,,2026-09-28T17:55:35Z,config/local_paths.yaml:literature_corpus_root
LIT-001173,253068700.json,253068700.json,.json,32575,293863820cf7d120c2c1bdae7ccac9069eb83f30e921ec345957ccaeaa899898,,ok,,2026-09-28T17:55:35Z,config/local_paths.yaml:literature_corpus_root
LIT-001174,253155400.json,253155400.json,.json,38754,b106f2c1225360bbdb69800ccfb6e3604be290cc896014717a26234e653d985b,,ok,,2026-09-28T17:55:35Z,config/local_paths.yaml:literature_corpus_root
LIT-001175,253166800.json,253166800.json,.json,50341,d9d198fec0cf0fc8afe6eac783f4006bb555b1006690f0f2cbe0352a5e0cef37,,ok,,2026-09-28T17:55:35Z,config/local_paths.yaml:literature_corpus_root
LIT-001176,253187500.json,253187500.json,.json,51767,d73da7ce51547b08b12f8a4f3719ff2ab8d805ba32be30d579a0f9f5e5acc259,,ok,,2026-09-28T17:55:35Z,config/local_paths.yaml:literature_corpus_root
LIT-001177,253244400.json,253244400.json,.json,101876,2520a41f1fbb73d35c78688f0a05571f2e7c992f70d1661492b1175d8a266c0b,,ok,,2026-09-28T17:55:35Z,config/local_paths.yaml:literature_corpus_root
LIT-001178,253293700.json,253293700.json,.json,37377,9258523415f6d0d455e6ea4239c617c3eef256d61c8c8820811f4e68b7483040,,ok,,2026-09-28T17:55:35Z,config/local_paths.yaml:literature_corpus_root
LIT-001179,253429400.json,253429400.json,.json,21980,ad2b5f51b4efc8ba80d9c648d964f7280b3b168673de04c45a76f2fa4b8be008,,ok,,2026-09-28T17:55:35Z,config/local_paths.yaml:literature_corpus_root
LIT-001180,253435000.json,253435000.json,.json,47963,dd2b518a92286bd5d30ecfed59d3b83654218ec40ec5ea3018d2ba42c0da8079,,ok,,2026-09-28T17:55:35Z,config/local_paths.yaml:literature_corpus_root
LIT-001181,253474800.json,253474800.json,.json,40915,880eea6f8e8cdbba9d09c9e159cf186593f0a56bdd9dd02f2422f246253ca474,,ok,,2026-09-28T17:55:35Z,config/local_paths.yaml:literature_corpus_root
LIT-001182,253493500.json,253493500.json,.json,87193,87680fd3653006a7778a28b59f890ca8ee718644a16bf490dd909a534895526f,,ok,,2026-09-28T17:55:35Z,config/local_paths.yaml:literature_corpus_root
LIT-001183,253526200.json,253526200.json,.json,38371,c4df7cc98d54a55b667869a23e4c658409da01da6dbbd2b8845e5e0a462d7331,,ok,,2026-09-28T17:55:35Z,config/local_paths.yaml:literature_corpus_root
LIT-001184,253545700.json,253545700.json,.json,46547,db584ba7baf74878191a5360662faa824e579da4eafa7e6aeb321097cfaf7d10,,ok,,2026-09-28T17:55:35Z,config/local_paths.yaml:literature_corpus_root
LIT-001185,253610800.json,253610800.json,.json,35414,e3e2ecd3532f3233e1a427b6fa8777564466d35f46797f10aa8209a1ac022e8b,,ok,,2026-09-28T17:55:35Z,config/local_paths.yaml:literature_corpus_root
LIT-001186,253692600.json,253692600.json,.json,25004,caa2d39cf81e8fec86a3f41f5f9d8ecae8b4db45d61bc85f076eeb1c0efd585f,,ok,,2026-09-28T17:55:35Z,config/local_paths.yaml:literature_corpus_root
LIT-001187,253810300.json,253810300.json,.json,48756,069d5bf715398488cc5bc05d8e76cecdb9a8d4de76ea710bc6bf0ed7a8c04d93,,ok,,2026-09-28T17:55:35Z,config/local_paths.yaml:literature_corpus_root
LIT-001188,253810900.json,253810900.json,.json,59695,d0c40c51d13e85651a5e82c7fefcce33ba192bd24564617dc7c5b1091159cd3b,,ok,,2026-09-28T17:55:35Z,config/local_paths.yaml:literature_corpus_root
LIT-001189,253931000.json,253931000.json,.json,51909,363882e149f9cafe9d284dadaacbbaba2e576f91d6ec5df5b61d329810e48dae,,ok,,2026-09-28T17:55:35Z,config/local_paths.yaml:literature_corpus_root
LIT-001190,253940100.json,253940100.json,.json,32690,5e57b9da5511dc89f9e07aca85391b41ec1ba1d4791fc9d70ad72402269765ca,,ok,,2026-09-28T17:55:35Z,config/local_paths.yaml:literature_corpus_root
LIT-001191,253978400.json,253978400.json,.json,132584,82bcf6e85a325c53b2bb92d2aee81a925b68da188501539215b36570a667191f,,ok,,2026-09-28T17:55:35Z,config/local_paths.yaml:literature_corpus_root
LIT-001192,253980000.json,253980000.json,.json,136607,21df879842753b46ef9ef68328e7ce165a33972fa55423ea6ede838fd68fecab,,ok,,2026-09-28T17:55:35Z,config/local_paths.yaml:literature_corpus_root
LIT-001193,254006200.json,254006200.json,.json,44833,2aec96c02e4a361b93c554bc668b75c9c77cc37260146aadd8f1f4f49fa73618,,ok,,2026-09-28T17:55:35Z,config/local_paths.yaml:literature_corpus_root
LIT-001194,254031800.json,254031800.json,.json,51061,3e7ed55ffa3c5df338e27653278294c1afdd3abe8b79de35d11d5d2cf22beb2c,,ok,,2026-09-28T17:55:35Z,config/local_paths.yaml:literature_corpus_root
LIT-001195,254138600.json,254138600.json,.json,45919,f2a28be4d57d90adbb2c0d5a2ac8abea4e9ba45920d66934ca507103160ea340,,ok,,2026-09-28T17:55:35Z,config/local_paths.yaml:literature_corpus_root
LIT-001196,254279400.json,254279400.json,.json,83969,89b1eeba47ee0d4109a382d99f075917c6e620faf6fdc698cfac7453c3a76191,,ok,,2026-09-28T17:55:35Z,config/local_paths.yaml:literature_corpus_root
LIT-001197,254301800.json,254301800.json,.json,46127,cdaa43c2b0ee48f850209d26da2e72137655175770e1e5105864f0ea114dc310,,ok,,2026-09-28T17:55:35Z,config/local_paths.yaml:literature_corpus_root
LIT-001198,254384500.json,254384500.json,.json,83788,cbc457fb188dad1596cebc04f83f32b1bac82cff82c5cda45b596b1f199a5f9c,,ok,,2026-09-28T17:55:35Z,config/local_paths.yaml:literature_corpus_root
LIT-001199,254444100.json,254444100.json,.json,34200,db4687276030eca39ea2c216400661ba3c2c6d0623a61d3c99f376631130ee80,,ok,,2026-09-28T17:55:35Z,config/local_paths.yaml:literature_corpus_root
LIT-001200,254464200.json,254464200.json,.json,97670,1401906b526f75e10723fae19c0b3432c7a93263f5d288599f323ebf5f432fe6,,ok,,2026-09-28T17:55:35Z,config/local_paths.yaml:literature_corpus_root
LIT-001201,254465100.json,254465100.json,.json,71559,4e3ebc6fda56f0ea81e69f4f217a56492a3ca1c0ee6c695926b42b051b315e5e,,ok,,2026-09-28T17:55:35Z,config/local_paths.yaml:literature_corpus_root
LIT-001202,254512300.json,254512300.json,.json,32611,80ef4b5a76d4423f813d4a14ac315e5e98f42de261bf51a17f4a054200979f8d,,ok,,2026-09-28T17:55:35Z,config/local_paths.yaml:literature_corpus_root
LIT-001203,254528800.json,254528800.json,.json,23067,0746b46ec8a84b460e8c7a5c2857c8df0669d77317db606ed450a07f731e45b2,,ok,,2026-09-28T17:55:35Z,config/local_paths.yaml:literature_corpus_root
LIT-001204,254539200.json,254539200.json,.json,56379,f4af09b8f4ae39b26dafa36ecce1c76a3f630cf7cf6cf901dac512024639b7a2,,ok,,2026-09-28T17:55:35Z,config/local_paths.yaml:literature_corpus_root
LIT-001205,254619300.json,254619300.json,.json,36254,73cd7a28dd70dd3579a5f520f8f332068eee0424e83216ab1a43b7461d14c983,,ok,,2026-09-28T17:55:35Z,config/local_paths.yaml:literature_corpus_root
LIT-001206,254710100.json,254710100.json,.json,12991,ea97053dca12b5b738ae0fe4968a793527886222424a3e7a1cff3560ba605806,,ok,,2026-09-28T17:55:35Z,config/local_paths.yaml:literature_corpus_root
LIT-001207,254769200.json,254769200.json,.json,27451,fc0b3578d539b6f462287ee25d970ff82fcbd3fa40022a9093e9fdf8b185681b,,ok,,2026-09-28T17:55:35Z,config/local_paths.yaml:literature_corpus_root
LIT-001208,254855300.json,254855300.json,.json,41307,652afc8f44b48e53feb6625cedef0b469a44f1f9cdff56e5378b48189d26eed6,,ok,,2026-09-28T17:55:35Z,config/local_paths.yaml:literature_corpus_root
LIT-001209,254920200.json,254920200.json,.json,69843,d27967db78de8a2c5a67da6987ca0408bf63eb3357753a8dd5ce4835fbf9db37,,ok,,2026-09-28T17:55:35Z,config/local_paths.yaml:literature_corpus_root
LIT-001210,254945700.json,254945700.json,.json,24364,be10403162f766aea5bc5e4b34ef7da1edf6048332e9c3bf55ef23600e17855d,,ok,,2026-09-28T17:55:35Z,config/local_paths.yaml:literature_corpus_root
LIT-001211,254948000.json,254948000.json,.json,101511,5d70ee2b62a84fa3f6a86bcc5827753afe4b4d6ec591c0eb2c1128fe301894c4,,ok,,2026-09-28T17:55:35Z,config/local_paths.yaml:literature_corpus_root
LIT-001212,254997100.json,254997100.json,.json,80844,6be49c921438459c0b19e8d022f77f3eb2579258f9a4fdd97ca03fc0987ed7d8,,ok,,2026-09-28T17:55:35Z,config/local_paths.yaml:literature_corpus_root
LIT-001213,255353500.json,255353500.json,.json,36864,0c2c9982c593d8cdcba35a79ddafaf603f2c69129047c06e8087159cf7d5b03d,,ok,,2026-09-28T17:55:35Z,config/local_paths.yaml:literature_corpus_root
LIT-001214,255498300.json,255498300.json,.json,34767,652da4e899827baf64b3364776c070c08e927752bb195ac9a8d9a28adc6f0083,,ok,,2026-09-28T17:55:35Z,config/local_paths.yaml:literature_corpus_root
LIT-001215,255536600.json,255536600.json,.json,39949,1feddf785f71e87ccf746d1f8e1db13b8d15738a4adcacd8653f144b1ef04058,,ok,,2026-09-28T17:55:35Z,config/local_paths.yaml:literature_corpus_root
LIT-001216,255602100.json,255602100.json,.json,37498,1f14d7bd90966d225c7eb9816cbc829b0ad5628d9cfb327634eb54a12d83408f,,ok,,2026-09-28T17:55:35Z,config/local_paths.yaml:literature_corpus_root
LIT-001217,255611500.json,255611500.json,.json,67334,fe8c2ae4aa4548145b8cbc062eef84081f123f42f4453bc15d96b11ae3ceba99,,ok,,2026-09-28T17:55:35Z,config/local_paths.yaml:literature_corpus_root
LIT-001218,255620500.json,255620500.json,.json,56141,756744edcae8f056b1bbee2813bdb219aa4c09bdd5dceaee9d34710b82c8eb29,,ok,,2026-09-28T17:55:35Z,config/local_paths.yaml:literature_corpus_root
LIT-001219,255630300.json,255630300.json,.json,40298,5b4623f9098b5d3f4ca7fbebc986141b95714746715d05fb95a010182afc50d0,,ok,,2026-09-28T17:55:35Z,config/local_paths.yaml:literature_corpus_root
LIT-001220,255644600.json,255644600.json,.json,29939,53155d6957c000aad32e473a4e086c22a6f50b9cfd1a7eebe4e71931ce62529a,,ok,,2026-09-28T17:55:35Z,config/local_paths.yaml:literature_corpus_root
LIT-001221,255723100.json,255723100.json,.json,46934,ca32202ceef4834f6c60926202d353b1221eabe2f580dfbcec40d40ade989571,,ok,,2026-09-28T17:55:35Z,config/local_paths.yaml:literature_corpus_root
LIT-001222,255729600.json,255729600.json,.json,26776,42c114ec73c3870170e58fc40b9f106e10f0c6b3549125e5a141089570943112,,ok,,2026-09-28T17:55:35Z,config/local_paths.yaml:literature_corpus_root
LIT-001223,255802600.json,255802600.json,.json,49874,8f03a055024d03036d6d50f473f01ccfb7b74d2777674e44460b1324e8084ee9,,ok,,2026-09-28T17:55:35Z,config/local_paths.yaml:literature_corpus_root
LIT-001224,255804100.json,255804100.json,.json,92339,75012569256fed36937dcc60b05808ba9ce7b5e61fe02d073e1ad092cf06d713,,ok,,2026-09-28T17:55:35Z,config/local_paths.yaml:literature_corpus_root
LIT-001225,255804400.json,255804400.json,.json,54405,bd0d3ea692627ad3d71b940ba55269f8a927656754db3934fb56835e8fd0de20,,ok,,2026-09-28T17:55:35Z,config/local_paths.yaml:literature_corpus_root
LIT-001226,255865300.json,255865300.json,.json,74121,2fdeb6defcabba18ed0f8988791fbc4df25f3861ca359a27ee32241b56b218cd,,ok,,2026-09-28T17:55:35Z,config/local_paths.yaml:literature_corpus_root
LIT-001227,255901500.json,255901500.json,.json,46967,6bffca93cbfdbf6e4a48e8209b3dd5689f8b54226e291a26e4dadf66d762655b,,ok,,2026-09-28T17:55:35Z,config/local_paths.yaml:literature_corpus_root
LIT-001228,255927400.json,255927400.json,.json,37899,c182d3afcebca59c6073354aea3e63b9f3fee25b63cc415a863304929a8c049b,,ok,,2026-09-28T17:55:35Z,config/local_paths.yaml:literature_corpus_root
LIT-001229,255952200.json,255952200.json,.json,68756,9f978c2cbe006c5c08b02f025e77958da90a0dcc6afc3cad358c3041123a9be4,,ok,,2026-09-28T17:55:35Z,config/local_paths.yaml:literature_corpus_root
LIT-001230,256084600.json,256084600.json,.json,30458,2f0ea9eefe0d4e6727463c1447b421af2bbfe591a5a817f5bb3a29ca099fef00,,ok,,2026-09-28T17:55:35Z,config/local_paths.yaml:literature_corpus_root
LIT-001231,256186300.json,256186300.json,.json,25638,ae594a6cc902edc60594fa4e15e0b7fb412da0db782bd151629abdb643d2ad1a,,ok,,2026-09-28T17:55:35Z,config/local_paths.yaml:literature_corpus_root
LIT-001232,256192600.json,256192600.json,.json,32109,ae25e1af6f49e2201661d5716c5eca5874512544c2397af115867c7bdd9b6e98,,ok,,2026-09-28T17:55:35Z,config/local_paths.yaml:literature_corpus_root
LIT-001233,256195900.json,256195900.json,.json,39588,e5db1d6c8066c2edffc28eeb13046f323ce30b6609c2e8803ce384a2a6f5c2d0,,ok,,2026-09-28T17:55:35Z,config/local_paths.yaml:literature_corpus_root
LIT-001234,256203100.json,256203100.json,.json,47651,39fec3535d3a8b74f45ce030e91b7056fcbafb49d69140484f012fd7cbe8d36b,,ok,,2026-09-28T17:55:35Z,config/local_paths.yaml:literature_corpus_root
LIT-001235,256392000.json,256392000.json,.json,105757,aa3949b1b7016626504a89ea845cc2d5aedd45f83372206428d2277b27b54fb9,,ok,,2026-09-28T17:55:35Z,config/local_paths.yaml:literature_corpus_root
LIT-001236,256421900.json,256421900.json,.json,51788,5e699423bc2c0b86368beb8f4d46a2478731870462f541d5042c61cc2e388658,,ok,,2026-09-28T17:55:35Z,config/local_paths.yaml:literature_corpus_root
LIT-001237,256589800.json,256589800.json,.json,49526,9217dea7d5c3150ed0f5c2f12fb02d3729e9b9181f347c4705e5744e5de9330e,,ok,,2026-09-28T17:55:35Z,config/local_paths.yaml:literature_corpus_root
LIT-001238,256671500.json,256671500.json,.json,39057,9bd1190a3e85f7458ed2b1b418917a22d704ebe32c1abe0a156d7c4acfbaf2c4,,ok,,2026-09-28T17:55:35Z,config/local_paths.yaml:literature_corpus_root
LIT-001239,256738200.json,256738200.json,.json,25653,3fbc5593bbd7a5217cbc0d45ba59dcda680765cbc22a2ec4c443074b137e8fe2,,ok,,2026-09-28T17:55:35Z,config/local_paths.yaml:literature_corpus_root
LIT-001240,256767200.json,256767200.json,.json,96101,f2152c36c9d7223900da59cbc49ab3c32a91cbd04eaefef0069813f55b46edda,,ok,,2026-09-28T17:55:35Z,config/local_paths.yaml:literature_corpus_root
LIT-001241,256781600.json,256781600.json,.json,42575,cf56d20bf7cf5eed8818e1d834d99dcfd540076d366a78cb78182fb3993fcd25,,ok,,2026-09-28T17:55:35Z,config/local_paths.yaml:literature_corpus_root
LIT-001242,256791400.json,256791400.json,.json,40178,df537bd049976ad89951d002e671094da06e10d031e1de99228d23b550490299,,ok,,2026-09-28T17:55:35Z,config/local_paths.yaml:literature_corpus_root
LIT-001243,256832100.json,256832100.json,.json,24824,6a7332ed4190916d6f3e97e9968cafcdc0d21a05a8ad73463c8b53a80ded033e,,ok,,2026-09-28T17:55:35Z,config/local_paths.yaml:literature_corpus_root
LIT-001244,256839600.json,256839600.json,.json,30189,b4529cd6796370bad645d5891cecc203c68bbf1bf2472feed1bab4b6fe61b155,,ok,,2026-09-28T17:55:35Z,config/local_paths.yaml:literature_corpus_root
LIT-001245,256896500.json,256896500.json,.json,78558,f954a3c7dfdcfe27798a10a1a359e02d7ca6b367a7f424b64f17420d350bd813,,ok,,2026-09-28T17:55:35Z,config/local_paths.yaml:literature_corpus_root
LIT-001246,256924500.json,256924500.json,.json,50700,6b018216f51978facd94616c58f88eb1b1f5880d991bf12360c44f25e0edc108,,ok,,2026-09-28T17:55:35Z,config/local_paths.yaml:literature_corpus_root
LIT-001247,256948400.json,256948400.json,.json,47751,9bef6098f513ebd0554590b86da095c5588ada4b2bd152591320e07cb0456b29,,ok,,2026-09-28T17:55:35Z,config/local_paths.yaml:literature_corpus_root
LIT-001248,256966700.json,256966700.json,.json,30716,d1946f9eb36be63a82ae1c457140f943643ded3a2d987247947dbc822367efe4,,ok,,2026-09-28T17:55:35Z,config/local_paths.yaml:literature_corpus_root
LIT-001249,256969500.json,256969500.json,.json,25792,b04396ce389115082791ab34069e191ae1d2f6ee3d587dbce66518f3233cab02,,ok,,2026-09-28T17:55:35Z,config/local_paths.yaml:literature_corpus_root
LIT-001250,256992500.json,256992500.json,.json,39056,0121fb98b55cf1fc3731de7d7f75b16e218386fda0a6a1508dda3ce83108c3e7,,ok,,2026-09-28T17:55:35Z,config/local_paths.yaml:literature_corpus_root
LIT-001251,256998100.json,256998100.json,.json,65920,792bf40895e5a0de598377612cadf77b23ec4440130628adf3a3d71526182fda,,ok,,2026-09-28T17:55:35Z,config/local_paths.yaml:literature_corpus_root
LIT-001252,257057900.json,257057900.json,.json,79733,c161dec7232704bbeee2b82e4a3c4cfe9bf57b40acef73e971de387c61512ee8,,ok,,2026-09-28T17:55:35Z,config/local_paths.yaml:literature_corpus_root
LIT-001253,257065800.json,257065800.json,.json,50117,46d90ec39b7d1f0430bbc6fda31017839471a640fed9386b1d2a7b11c64a2d98,,ok,,2026-09-28T17:55:35Z,config/local_paths.yaml:literature_corpus_root
LIT-001254,257112000.json,257112000.json,.json,88715,be45dc93fd2287f92ddbb9b0446fd307e23bb3a72e4cd1b3fb95d1da7ee4a910,,ok,,2026-09-28T17:55:35Z,config/local_paths.yaml:literature_corpus_root
LIT-001255,257115200.json,257115200.json,.json,63867,e867efe4b21d76fa96fd979cf4525c6837097ae3bea58966cfa7d1cb165f03c9,,ok,,2026-09-28T17:55:35Z,config/local_paths.yaml:literature_corpus_root
LIT-001256,257170300.json,257170300.json,.json,30947,0fc9ce78627979d7de4318c247d7e8943f45f3d0a49bd6e2ae0ac50e004ccde0,,ok,,2026-09-28T17:55:35Z,config/local_paths.yaml:literature_corpus_root
LIT-001257,257187200.json,257187200.json,.json,64291,813df5caf6e86d9a9b0a7800c1aba7de700c55844adfa1bc8281d35b6ec6e54f,,ok,,2026-09-28T17:55:35Z,config/local_paths.yaml:literature_corpus_root
LIT-001258,257245600.json,257245600.json,.json,59972,eb709d55825bde4bcd620912681d08aac9928d050f4540bf38ff62a590459ce1,,ok,,2026-09-28T17:55:35Z,config/local_paths.yaml:literature_corpus_root
LIT-001259,257262700.json,257262700.json,.json,22441,6d93289f2ba63c33c3137b7f9b67f6d2622cb175c79e825d2ba716ae0b4bd391,,ok,,2026-09-28T17:55:35Z,config/local_paths.yaml:literature_corpus_root
LIT-001260,257277500.json,257277500.json,.json,31163,6e28d0bdf549920c19586811c6b3fdf26f561dd2f27539cc1e9245aa91a65ae6,,ok,,2026-09-28T17:55:35Z,config/local_paths.yaml:literature_corpus_root
LIT-001261,257315800.json,257315800.json,.json,52765,1b2a667b6f7061084be8a770e3fe609c5a6e961dcae5a5e47131f55e80499dc6,,ok,,2026-09-28T17:55:35Z,config/local_paths.yaml:literature_corpus_root
LIT-001262,257324900.json,257324900.json,.json,43758,a3e1ed8f4f7eb99fe00dd7c3132b054bc1068297f2cd22578a981b153ad03aa2,,ok,,2026-09-28T17:55:35Z,config/local_paths.yaml:literature_corpus_root
LIT-001263,257338100.json,257338100.json,.json,45760,47bb5f2d1b0132f74b307004d3c8cc122357c27347d52ed8e500e8e9a877f65b,,ok,,2026-09-28T17:55:35Z,config/local_paths.yaml:literature_corpus_root
LIT-001264,257377600.json,257377600.json,.json,39949,744e5760c437dbd80f3adfa6c17718af16d597c1a67484e3fc8d97053790abeb,,ok,,2026-09-28T17:55:35Z,config/local_paths.yaml:literature_corpus_root
LIT-001265,257406600.json,257406600.json,.json,63865,24fbc6a888749ea1197dab4ccc8e2f1dc0c1eb172181ac60a08050249428f4d9,,ok,,2026-09-28T17:55:35Z,config/local_paths.yaml:literature_corpus_root
LIT-001266,257410300.json,257410300.json,.json,14184,26212192228b4639bf847300825d1092849472d94a5190fd1d262166fe13dcc0,,ok,,2026-09-28T17:55:35Z,config/local_paths.yaml:literature_corpus_root
LIT-001267,257412200.json,257412200.json,.json,41587,0e17a474359da15dc7d2a7499b2897aa3ada3a7f407cdbd0eb4dfc2b85b40261,,ok,,2026-09-28T17:55:35Z,config/local_paths.yaml:literature_corpus_root
LIT-001268,257446700.json,257446700.json,.json,20809,548c2104f210fb27f165ba118bb92ddaf8f7bb302f6f548b6c05a5c4ab3649e6,,ok,,2026-09-28T17:55:35Z,config/local_paths.yaml:literature_corpus_root
LIT-001269,257498800.json,257498800.json,.json,17750,feb28cf8499e8c2809fded105345e0160823553a31261bffb3e39a2c0a0f9775,,ok,,2026-09-28T17:55:35Z,config/local_paths.yaml:literature_corpus_root
LIT-001270,257517300.json,257517300.json,.json,32410,c5e10c028d3de7959c17f6a958143743c13556802112206443b04cbe239679cd,,ok,,2026-09-28T17:55:35Z,config/local_paths.yaml:literature_corpus_root
LIT-001271,257531500.json,257531500.json,.json,75705,93e7e2f3672be7a93dbbb469063c9c2b15fad22bf6c9470bf27737ba6cdea451,,ok,,2026-09-28T17:55:35Z,config/local_paths.yaml:literature_corpus_root
LIT-001272,257536800.json,257536800.json,.json,32800,0191a010c0a00d350a915818fe4211c707d5153f370543624066522063ad4a85,,ok,,2026-09-28T17:55:35Z,config/local_paths.yaml:literature_corpus_root
LIT-001273,257565400.json,257565400.json,.json,44591,89e4fc2b4f0c90cc1f93008b39ca7eab780dd7ce2fffb747f4c7f348c53b6c02,,ok,,2026-09-28T17:55:35Z,config/local_paths.yaml:literature_corpus_root
LIT-001274,257620400.json,257620400.json,.json,56310,7b84aeef63ff2427f96dcea9d0a90f7c530985d29d9770f32bebac9f4e6414ea,,ok,,2026-09-28T17:55:35Z,config/local_paths.yaml:literature_corpus_root
LIT-001275,257646800.json,257646800.json,.json,14840,ac644948a88b32d6f001b82caa4650925b14564684dbaa0c6be59b3ef3e59bb2,,ok,,2026-09-28T17:55:35Z,config/local_paths.yaml:literature_corpus_root
LIT-001276,257678300.json,257678300.json,.json,16349,044ba4d72ed99ea2b36033808c729bb2d8ef0aad3961c39408d5aa9b9aee3e74,,ok,,2026-09-28T17:55:35Z,config/local_paths.yaml:literature_corpus_root
LIT-001277,257683400.json,257683400.json,.json,121902,a017d152ed74f84c7b8480de3ab5b8ede594a5ec7ddca7c518745055f1a2d301,,ok,,2026-09-28T17:55:35Z,config/local_paths.yaml:literature_corpus_root
LIT-001278,257697400.json,257697400.json,.json,25284,77bfdd948a1f924335c3799e7a7a8cf255482930a9a45492da0ff2b9268c9ebe,,ok,,2026-09-28T17:55:35Z,config/local_paths.yaml:literature_corpus_root
LIT-001279,257789600.json,257789600.json,.json,53185,6dc2696f0c7d5eebc0dd7f33d336d9116ed0882520fab6a0536cbb3c3b0d219e,,ok,,2026-09-28T17:55:35Z,config/local_paths.yaml:literature_corpus_root
LIT-001280,257791300.json,257791300.json,.json,45117,b295915deda30518e80a719cdefbb687dae03cfd8db91dfc83fe5aa73377faa2,,ok,,2026-09-28T17:55:35Z,config/local_paths.yaml:literature_corpus_root
LIT-001281,257821000.json,257821000.json,.json,42158,deebd671ae8504dedad8f03aa9a06d3fd13444217f13cef986d88f9e959647fa,,ok,,2026-09-28T17:55:35Z,config/local_paths.yaml:literature_corpus_root
LIT-001282,257825700.json,257825700.json,.json,49123,fceddbf77a384befa9313951f9c7cb98838dd44f3df2339818b6b8db30c386f1,,ok,,2026-09-28T17:55:35Z,config/local_paths.yaml:literature_corpus_root
LIT-001283,257837800.json,257837800.json,.json,42519,d0b0d83f3db6458c9552f4b00cd9d57666a0b649aeffdd4e51a20f767ec278b3,,ok,,2026-09-28T17:55:35Z,config/local_paths.yaml:literature_corpus_root
LIT-001284,257888900.json,257888900.json,.json,51131,c03bfc6c4c4d41a1a7e3240b8cc8d956027421c638b4fd7cb3952c055c9d85cc,,ok,,2026-09-28T17:55:35Z,config/local_paths.yaml:literature_corpus_root
LIT-001285,257915100.json,257915100.json,.json,33445,c08f3751caeae24a05dc9ebfac2c191ba2e1402e28bb72641b08f4b094273a08,,ok,,2026-09-28T17:55:35Z,config/local_paths.yaml:literature_corpus_root
LIT-001286,258063700.json,258063700.json,.json,28805,9382ee1d3218567f8813958e4c826f63a29b777bbef23e603301f3e3a92d22f0,,ok,,2026-09-28T17:55:35Z,config/local_paths.yaml:literature_corpus_root
LIT-001287,258074600.json,258074600.json,.json,33015,def441ce49dbada6842de6aaa81b2a8a4ed19fdfe41bb04bab68509e53142c13,,ok,,2026-09-28T17:55:35Z,config/local_paths.yaml:literature_corpus_root
LIT-001288,258080200.json,258080200.json,.json,69635,c6ce10a6fbc8b6e1d29875e9019b259ee3ca382f4b95f74fd669fcec03ced2df,,ok,,2026-09-28T17:55:35Z,config/local_paths.yaml:literature_corpus_root
LIT-001289,258085900.json,258085900.json,.json,61887,025703399369d3ece082c93150d0446b82328ce6892c524c4745aa97b28a710d,,ok,,2026-09-28T17:55:35Z,config/local_paths.yaml:literature_corpus_root
LIT-001290,258173100.json,258173100.json,.json,22736,14047ce842e2ab4558c4f629595857dcd6e7e9c0e2d272751a8ce270471a0d16,,ok,,2026-09-28T17:55:35Z,config/local_paths.yaml:literature_corpus_root
LIT-001291,258199200.json,258199200.json,.json,69951,2e31277a7d3edf760802cb9942d6dc1e37eea1e0ebd019d344496014ccd6bb39,,ok,,2026-09-28T17:55:35Z,config/local_paths.yaml:literature_corpus_root
LIT-001292,258303800.json,258303800.json,.json,31660,d033b6e20988372e7e469cb544a79db58735dcb7269a0bbe190df3894cf8e0a7,,ok,,2026-09-28T17:55:35Z,config/local_paths.yaml:literature_corpus_root
LIT-001293,258311500.json,258311500.json,.json,28907,0b98030b049b9f7d8820fe359529c22c25efeae87a9fa61be8b8bf794e17269b,,ok,,2026-09-28T17:55:35Z,config/local_paths.yaml:literature_corpus_root
LIT-001294,258420400.json,258420400.json,.json,34085,9e0caf5b77aae53bb54f07b4d35a1f79189b3e2d23f7bd546c99539a15a19254,,ok,,2026-09-28T17:55:35Z,config/local_paths.yaml:literature_corpus_root
LIT-001295,258445000.json,258445000.json,.json,32353,7e78989fd8a0e9622d84d0761f1794c51df5af9f89dae86564d17105fdab9119,,ok,,2026-09-28T17:55:35Z,config/local_paths.yaml:literature_corpus_root
LIT-001296,258457300.json,258457300.json,.json,56020,60b4cabccf84bf9ae58bea25624faba703f8b26df5985e3ee741f22b9ac7a4ff,,ok,,2026-09-28T17:55:35Z,config/local_paths.yaml:literature_corpus_root
LIT-001297,258479700.json,258479700.json,.json,34690,db337ea2eae0036331225bdcb2b85380785f68947ecee592edb499eb38f8cdb7,,ok,,2026-09-28T17:55:35Z,config/local_paths.yaml:literature_corpus_root
LIT-001298,258536400.json,258536400.json,.json,54699,bdc923eebd6544008e25d210167e07a26f10d86980715c5f28428d5adc2e37f5,,ok,,2026-09-28T17:55:35Z,config/local_paths.yaml:literature_corpus_root
LIT-001299,258569100.json,258569100.json,.json,37059,6a81d84a605d6dfc2d96f812b5d8be8a5176292de0f177946abe7e7b8a4741c6,,ok,,2026-09-28T17:55:35Z,config/local_paths.yaml:literature_corpus_root
LIT-001300,258580700.json,258580700.json,.json,9870,d77c3d2717f8cab56397f3fcfa11640d48057aa32da9b8ab475b1996247a0edc,,ok,,2026-09-28T17:55:35Z,config/local_paths.yaml:literature_corpus_root
LIT-001301,258681300.json,258681300.json,.json,55190,fd428ddc2d851b0fd8362dd1893b26054a42e177c4af4516612734294a13dab5,,ok,,2026-09-28T17:55:35Z,config/local_paths.yaml:literature_corpus_root
LIT-001302,258688100.json,258688100.json,.json,25839,f655bd1a62f58227691d0e20f574c0dc2cb256987675a67992353c0533e5b778,,ok,,2026-09-28T17:55:35Z,config/local_paths.yaml:literature_corpus_root
LIT-001303,258714900.json,258714900.json,.json,73754,59564a76c5f1a0e7a8ee7c648e3a4a5379edf2294ba8ddacfacfc19053ba9448,,ok,,2026-09-28T17:55:35Z,config/local_paths.yaml:literature_corpus_root
LIT-001304,258720600.json,258720600.json,.json,41442,e1ff5b845c3e7b127bbb16a4b44135160fbb7204afec6f0862702f3e159f8ad1,,ok,,2026-09-28T17:55:35Z,config/local_paths.yaml:literature_corpus_root
LIT-001305,258728400.json,258728400.json,.json,35460,9a528f80109a944c061efe3b9df62a3f9b438f205292bfb47bd134e213b7c511,,ok,,2026-09-28T17:55:35Z,config/local_paths.yaml:literature_corpus_root
LIT-001306,258774500.json,258774500.json,.json,23438,52ba6af757a4f0885dc34077744f7d5cabe46bdb3c8a8fe992e23ddc9375d260,,ok,,2026-09-28T17:55:35Z,config/local_paths.yaml:literature_corpus_root
LIT-001307,258857800.json,258857800.json,.json,35904,62935256cf490de5ed2d4ce585f63636eaccfe89489280889107c0dfa465e73c,,ok,,2026-09-28T17:55:35Z,config/local_paths.yaml:literature_corpus_root
LIT-001308,258873700.json,258873700.json,.json,46629,f2a96e1a745124e5d7c6b10907c87d2347c6a2353da241da0e30480108916c5d,,ok,,2026-09-28T17:55:35Z,config/local_paths.yaml:literature_corpus_root
LIT-001309,258889200.json,258889200.json,.json,26190,933ddaaf2adef618a799e000903f6bce5da26d9609491dc11a424ebd11b31263,,ok,,2026-09-28T17:55:35Z,config/local_paths.yaml:literature_corpus_root
LIT-001310,258918600.json,258918600.json,.json,19047,26bc6a352dacdf98e2e73abb3c8c094ebec0d54ccb63afd350ef8fabe8c7c739,,ok,,2026-09-28T17:55:35Z,config/local_paths.yaml:literature_corpus_root
LIT-001311,258926000.json,258926000.json,.json,41424,60f2f82c8e26b988467f4a517c12a382ce9471f218d2e109f796041d5acda16b,,ok,,2026-09-28T17:55:35Z,config/local_paths.yaml:literature_corpus_root
LIT-001312,258988600.json,258988600.json,.json,50537,34ce7fa1848c5ff1f89d4168d64651ef3e48960e87ad3a26288ed320e740fc27,,ok,,2026-09-28T17:55:35Z,config/local_paths.yaml:literature_corpus_root
LIT-001313,258999100.json,258999100.json,.json,52147,b2e8c15610f33a8e5e953386038168c13ae64a0548a64ecd5be15ad734cc725d,,ok,,2026-09-28T17:55:35Z,config/local_paths.yaml:literature_corpus_root
LIT-001314,259036100.json,259036100.json,.json,29123,8f2602f1aa73b268f4951c515f1740c55c1666f8cbe1dc2dc6e83daef2651a4e,,ok,,2026-09-28T17:55:35Z,config/local_paths.yaml:literature_corpus_root
LIT-001315,259043200.json,259043200.json,.json,17942,1f23e20a07ec13dd1b696a0576a13a9d578332a5903f8dbd8809a87c0fd4175d,,ok,,2026-09-28T17:55:35Z,config/local_paths.yaml:literature_corpus_root
LIT-001316,259093400.json,259093400.json,.json,47240,98bdf7f41a171b1279e88bb8dbe76e32aabad2f9817cae1ab881a19797a2d074,,ok,,2026-09-28T17:55:35Z,config/local_paths.yaml:literature_corpus_root
LIT-001317,259099800.json,259099800.json,.json,37208,d350e167de3da523afb2194bd8fc760dcaebf53536f695d6651a4808ed85b875,,ok,,2026-09-28T17:55:35Z,config/local_paths.yaml:literature_corpus_root
LIT-001318,259150400.json,259150400.json,.json,43143,419174cd5d5a847eaca356fe28f8e2c20411975e9e47544a1c7ff7763c905d03,,ok,,2026-09-28T17:55:35Z,config/local_paths.yaml:literature_corpus_root
LIT-001319,259164200.json,259164200.json,.json,45957,afe4371fea4c7b2d83e468450d81597a2f9eb8d6978a8625dd0f42b5ccccaf04,,ok,,2026-09-28T17:55:35Z,config/local_paths.yaml:literature_corpus_root
LIT-001320,259269000.json,259269000.json,.json,66662,d699d68fc2839543547f6df53a2d4a6b12bb9f41139c1526140d1b2fdc4eed21,,ok,,2026-09-28T17:55:35Z,config/local_paths.yaml:literature_corpus_root
LIT-001321,259270700.json,259270700.json,.json,32833,de09901cff83f0076435cc8139294cabcf0c9a18cba7dc51d1325a3a5fc098fc,,ok,,2026-09-28T17:55:35Z,config/local_paths.yaml:literature_corpus_root
LIT-001322,259291600.json,259291600.json,.json,39173,3e895cead9216aed138f9067ff0316f1d41f1791f2a6916a98961be88c1dd185,,ok,,2026-09-28T17:55:35Z,config/local_paths.yaml:literature_corpus_root
LIT-001323,259300600.json,259300600.json,.json,24351,f1c9b3d37b2b25bdf2ea971854f9df8480ec746a4657c04dbf33becb78f4c01e,,ok,,2026-09-28T17:55:35Z,config/local_paths.yaml:literature_corpus_root
LIT-001324,259301200.json,259301200.json,.json,47380,cdc1c78f748ad80e5ef0701fd50997679aaf6ee7eb5e1a63e3a8db9da30a61d5,,ok,,2026-09-28T17:55:35Z,config/local_paths.yaml:literature_corpus_root
LIT-001325,259326200.json,259326200.json,.json,31366,6357ec6ba45857baf2de6daf8511ea9256d2365bc58d336413c0752abec2243c,,ok,,2026-09-28T17:55:35Z,config/local_paths.yaml:literature_corpus_root
LIT-001326,259456100.json,259456100.json,.json,13725,7e40b033740a028b3ea0c3aeae5b5ec19a3c454024f8ea59afa2a73049f4d4c6,,ok,,2026-09-28T17:55:35Z,config/local_paths.yaml:literature_corpus_root
LIT-001327,259487500.json,259487500.json,.json,28822,6e75f0a60bf2a271d190b822dbc6223609e6156bc3261b492492c54a81c36d34,,ok,,2026-09-28T17:55:35Z,config/local_paths.yaml:literature_corpus_root
LIT-001328,259492400.json,259492400.json,.json,73030,a589d4e0b516efa4756be3a48b3306ba8f68a9c43a184c8f039bd9f7abe373b8,,ok,,2026-09-28T17:55:35Z,config/local_paths.yaml:literature_corpus_root
LIT-001329,259513900.json,259513900.json,.json,53757,f3539a319cece02146ff872b12479c3eed229ab117b9620b313f24ba0330e1c0,,ok,,2026-09-28T17:55:35Z,config/local_paths.yaml:literature_corpus_root
LIT-001330,259571200.json,259571200.json,.json,28826,a3f30f19df9d7d11d428144d29390e42580e04f5e3cfc4ae73e400d80ab2789f,,ok,,2026-09-28T17:55:35Z,config/local_paths.yaml:literature_corpus_root
LIT-001331,259631800.json,259631800.json,.json,28641,476939f86b5625e8d2b66b6c5693a9c66ddb174773f34adaa427e888e437a0d3,,ok,,2026-09-28T17:55:35Z,config/local_paths.yaml:literature_corpus_root
LIT-001332,259638600.json,259638600.json,.json,48749,d76a7d3133f1203899711f20d3279db16bf66f3c0df9d5d6ce2ba947793ab352,,ok,,2026-09-28T17:55:35Z,config/local_paths.yaml:literature_corpus_root
LIT-001333,259667100.json,259667100.json,.json,19435,b602f687bb49554c1cfc1a6812a919ded074b8feaba02c2da534d5424d7625ce,,ok,,2026-09-28T17:55:35Z,config/local_paths.yaml:literature_corpus_root
LIT-001334,259710200.json,259710200.json,.json,50338,f25d06079a79a16945e5ac3b6597f06a65b851f37449bda722ca76942a5db1d1,,ok,,2026-09-28T17:55:35Z,config/local_paths.yaml:literature_corpus_root
LIT-001335,259886300.json,259886300.json,.json,54882,0c66c10368ceb004e00531719cdbcc751640e57c5c3134fa2711af4dc293150b,,ok,,2026-09-28T17:55:35Z,config/local_paths.yaml:literature_corpus_root
LIT-001336,259913200.json,259913200.json,.json,32463,3890e877db93f837687e7fbc07e595b50e14911eb898c383642c844d7a4e0766,,ok,,2026-09-28T17:55:35Z,config/local_paths.yaml:literature_corpus_root
LIT-001337,259921100.json,259921100.json,.json,42922,c71c6c5b57b9be8dd09e5b7adc33100f9132e62680d16daef2921a3cf180e9b0,,ok,,2026-09-28T17:55:35Z,config/local_paths.yaml:literature_corpus_root
LIT-001338,260021100.json,260021100.json,.json,41463,537944e6004646ca32e9e0b337e596da3dc45170d84a9acee430dcc545ce1d38,,ok,,2026-09-28T17:55:35Z,config/local_paths.yaml:literature_corpus_root
LIT-001339,260068500.json,260068500.json,.json,55522,384f2f7634d216da9381677b30ba62772a6ad35ec44980503d21384b5180f2f7,,ok,,2026-09-28T17:55:35Z,config/local_paths.yaml:literature_corpus_root
LIT-001340,260176500.json,260176500.json,.json,73832,b49c72cd913879a4c73e576df0c36ea4de511ddb1db9d0e0ef6f60e52a78ecaf,,ok,,2026-09-28T17:55:35Z,config/local_paths.yaml:literature_corpus_root
LIT-001341,260270900.json,260270900.json,.json,38051,7efbbe484e56baac671afaf1b2a104011a8b72d29195abeca372de13a840ccaf,,ok,,2026-09-28T17:55:35Z,config/local_paths.yaml:literature_corpus_root
LIT-001342,260492500.json,260492500.json,.json,32259,d6f45217919cd85146b03db8b3a5ea9f405bee3c0117c74dab750a751c51be64,,ok,,2026-09-28T17:55:35Z,config/local_paths.yaml:literature_corpus_root
LIT-001343,260550200.json,260550200.json,.json,143999,f1a141d6929d1b047911974a3acb28186a8dd18208443aff3ef9099ebd4735f5,,ok,,2026-09-28T17:55:35Z,config/local_paths.yaml:literature_corpus_root
LIT-001344,260597100.json,260597100.json,.json,21844,e277fdb6b72d16622609599d1727bf8187752630bdd7efde0c586a7fd7d6c64e,,ok,,2026-09-28T17:55:35Z,config/local_paths.yaml:literature_corpus_root
LIT-001345,260763000.json,260763000.json,.json,13775,6f20d5525801097b47f8fdf4a0acfa315f8ecda1975ac9d774d1c850399da47c,,ok,,2026-09-28T17:55:35Z,config/local_paths.yaml:literature_corpus_root
LIT-001346,260765100.json,260765100.json,.json,33506,4324bdfaaef4c5745f8963ac7f2466f6f539dc457d52b2c5157e9b154500775a,,ok,,2026-09-28T17:55:35Z,config/local_paths.yaml:literature_corpus_root
LIT-001347,260796800.json,260796800.json,.json,44218,e38c32aa5a24871223e1177332453f0c3339ffa091fc9144d3aade30189550a9,,ok,,2026-09-28T17:55:35Z,config/local_paths.yaml:literature_corpus_root
LIT-001348,260889400.json,260889400.json,.json,31694,29aef09277582773788bdfdbf81ab21e8617f64f8cd895414abfdb2e02270817,,ok,,2026-09-28T17:55:35Z,config/local_paths.yaml:literature_corpus_root
LIT-001349,260919000.json,260919000.json,.json,57474,80d0de08ec663684d660d524ecb7d57e462fac002b6a9147ffda4cc54df9c4d6,,ok,,2026-09-28T17:55:35Z,config/local_paths.yaml:literature_corpus_root
LIT-001350,260922900.json,260922900.json,.json,35088,f3a7994d4bf30524caddee4fe6d92e525a937549bc998968d4135b0e5f69b669,,ok,,2026-09-28T17:55:35Z,config/local_paths.yaml:literature_corpus_root
LIT-001351,260970800.json,260970800.json,.json,29316,01237cfb18000bfe147136b42d126badce5b96a10a1a5710a10bcfd3408faf95,,ok,,2026-09-28T17:55:35Z,config/local_paths.yaml:literature_corpus_root
LIT-001352,261025500.json,261025500.json,.json,12075,5f20b39662b3da91375c30ed967635eaaede7eba1154b4a224c654959e02c96e,,ok,,2026-09-28T17:55:35Z,config/local_paths.yaml:literature_corpus_root
LIT-001353,261110200.json,261110200.json,.json,28316,bb6b83562a8b2c42c53244125550a0a88b426e56c6952c31b7dc79ce66387075,,ok,,2026-09-28T17:55:35Z,config/local_paths.yaml:literature_corpus_root
LIT-001354,261172300.json,261172300.json,.json,41536,b3f4a1d1c01fe79a9adb1ecdbed5defed39b2c7610087d1e36383c215aba893f,,ok,,2026-09-28T17:55:35Z,config/local_paths.yaml:literature_corpus_root
LIT-001355,261203700.json,261203700.json,.json,7824,5a28477bc1147ae41301a6da5ee4edd2419de5ccce3cb52d484deb4ecfcadefb,,ok,,2026-09-28T17:55:35Z,config/local_paths.yaml:literature_corpus_root
LIT-001356,261223100.json,261223100.json,.json,58594,7ce99efa3a9fb5e5b02b8bcb86d5292599c673e9e1c1b3a9c951f71dba3b9c30,,ok,,2026-09-28T17:55:35Z,config/local_paths.yaml:literature_corpus_root
LIT-001357,261257800.json,261257800.json,.json,44536,d59a78bf054b4d8bee6091e8c03b6fbf0021faabb98af6f08b1e65e93358d22c,,ok,,2026-09-28T17:55:35Z,config/local_paths.yaml:literature_corpus_root
LIT-001358,261315500.json,261315500.json,.json,9572,0e50d38db4fde7ec55168f6ae3f2ec5058babb9bdec8a28ab318a44aade7c934,,ok,,2026-09-28T17:55:35Z,config/local_paths.yaml:literature_corpus_root
LIT-001359,261326500.json,261326500.json,.json,42343,d43a06ea42ac8e9a0d60d602ffd9e15d7337d242b3130502b13d023b9f67887e,,ok,,2026-09-28T17:55:35Z,config/local_paths.yaml:literature_corpus_root
LIT-001360,261359600.json,261359600.json,.json,36898,88c3dacee171d9e8b0ad60fe4317d8f2487110cf3ae5329668355b4847ad49c8,,ok,,2026-09-28T17:55:35Z,config/local_paths.yaml:literature_corpus_root
LIT-001361,261378200.json,261378200.json,.json,29394,78b67fdd066b50d9b357ac9b46d48526bc56558cc5f3a09e7479228b39e14a70,,ok,,2026-09-28T17:55:35Z,config/local_paths.yaml:literature_corpus_root
LIT-001362,261412300.json,261412300.json,.json,30801,cda96ff7b973111a46cdf590e477f10a920ed51d0c205e6cfa36cb0b3e9ebab2,,ok,,2026-09-28T17:55:35Z,config/local_paths.yaml:literature_corpus_root
LIT-001363,261415800.json,261415800.json,.json,32702,b9d1c0fd19b9436f8e55e9556fc5f4992f1489c3e2913238d56b648c2cfbe7b0,,ok,,2026-09-28T17:55:35Z,config/local_paths.yaml:literature_corpus_root
LIT-001364,261641600.json,261641600.json,.json,61195,f5b69b15dc8b73fb0e8a55c71d91f4e5673e82d2ac9bdc3ed0fa0864aa5f605a,,ok,,2026-09-28T17:55:35Z,config/local_paths.yaml:literature_corpus_root
LIT-001365,261645900.json,261645900.json,.json,57090,135c3c1bcb60c4940681ae2b1f0d347d97524f9eacea4fffd834e92eaeb8ab6a,,ok,,2026-09-28T17:55:35Z,config/local_paths.yaml:literature_corpus_root
LIT-001366,261662700.json,261662700.json,.json,65634,a5af8240374ab1c989b65d6bf6346862e490872881283cf16290c4fa295120dc,,ok,,2026-09-28T17:55:35Z,config/local_paths.yaml:literature_corpus_root
LIT-001367,261667100.json,261667100.json,.json,71658,ef8e2339329c587c937172e66d12127795d264139abbc1c63fa67d5389dd7b3f,,ok,,2026-09-28T17:55:35Z,config/local_paths.yaml:literature_corpus_root
LIT-001368,261777800.json,261777800.json,.json,129354,696a2416be05a394ed1db9c8aba377b857ec84e025ecd798d2a4829ad8b93d42,,ok,,2026-09-28T17:55:35Z,config/local_paths.yaml:literature_corpus_root
LIT-001369,261786800.json,261786800.json,.json,61640,ae8b2a63655e540d4dd0da6828f1815f363d981e335fe773b36fa09ef8f5371b,,ok,,2026-09-28T17:55:35Z,config/local_paths.yaml:literature_corpus_root
LIT-001370,261801100.json,261801100.json,.json,34374,b52f1301cd662f22fa22529922c90b1b657ef981ce6355a0d7235cc5edf8eb02,,ok,,2026-09-28T17:55:35Z,config/local_paths.yaml:literature_corpus_root
LIT-001371,261870400.json,261870400.json,.json,39065,8525e7cbcb3f947d84790f5bc254763641e530fed7ef7d1ad0191af4f28f8c01,,ok,,2026-09-28T17:55:35Z,config/local_paths.yaml:literature_corpus_root
LIT-001372,261953200.json,261953200.json,.json,46333,bafbe3bc49655c5291e0af79d7c0f59c268841daae3a4f2bcb843bb21ed8f7b4,,ok,,2026-09-28T17:55:35Z,config/local_paths.yaml:literature_corpus_root
LIT-001373,262064200.json,262064200.json,.json,31530,652f1904d73b6ee438da16d1eb866924107ca27bf3ea2052edf8b40f5ffe34a6,,ok,,2026-09-28T17:55:35Z,config/local_paths.yaml:literature_corpus_root
LIT-001374,262074400.json,262074400.json,.json,39832,c1ce0c58d0e0e92315fe4e490578656f37af1c6ca9069d8fb755374c4b0aa685,,ok,,2026-09-28T17:55:35Z,config/local_paths.yaml:literature_corpus_root
LIT-001375,262081500.json,262081500.json,.json,18138,4d9fcd144b318359eeee634a6c7f3f470d72104b45da83fa3f96589a10fcc196,,ok,,2026-09-28T17:55:35Z,config/local_paths.yaml:literature_corpus_root
LIT-001376,262200100.json,262200100.json,.json,34433,35c804201d55ab89f00287c679e3bdc7c4c614ffc3fbd90ca8f42deabb978916,,ok,,2026-09-28T17:55:35Z,config/local_paths.yaml:literature_corpus_root
LIT-001377,262205300.json,262205300.json,.json,54731,5f2dd69a110b5df564077a5f4a2619b1d9b35ee80415d75ce7fef863e0c9a6a8,,ok,,2026-09-28T17:55:35Z,config/local_paths.yaml:literature_corpus_root
LIT-001378,262312700.json,262312700.json,.json,54519,f3137514f6a26430dc361e9947994d6e4c5a8de8d90ecd36c2ce4d4587667794,,ok,,2026-09-28T17:55:35Z,config/local_paths.yaml:literature_corpus_root
LIT-001379,262746700.json,262746700.json,.json,31346,7e29e17844bc6c2557498d53a6da97a1e5d56bbe30d3026f88acecd8fdf95675,,ok,,2026-09-28T17:55:35Z,config/local_paths.yaml:literature_corpus_root
LIT-001380,2628900.json,2628900.json,.json,41465,62b1674c5d49bd7d7ab01a88a2a60e6a51b0c1fa3d83afa2c74a4f131035d9de,,ok,,2026-09-28T17:55:35Z,config/local_paths.yaml:literature_corpus_root
LIT-001381,262934900.json,262934900.json,.json,19544,2a378cc38655e3da675c16b678a9815ecea71f9743895dad831a834df072e3c5,,ok,,2026-09-28T17:55:35Z,config/local_paths.yaml:literature_corpus_root
LIT-001382,262962000.json,262962000.json,.json,156095,2e0f3e8b7602b2bc285f6fd349cf13c6bae996f0695b588c7a29cfb0f91bbe2c,,ok,,2026-09-28T17:55:35Z,config/local_paths.yaml:literature_corpus_root
LIT-001383,262996700.json,262996700.json,.json,28803,ef1c944f4c2c32d97eb8c4f21a27287f3af93713ba51992735170dc8a745d849,,ok,,2026-09-28T17:55:35Z,config/local_paths.yaml:literature_corpus_root
LIT-001384,263248100.json,263248100.json,.json,37667,d2850cc117e3e9e6ab863756d7f935a1ae63df8652c28f0efd33adf1e850d97d,,ok,,2026-09-28T17:55:35Z,config/local_paths.yaml:literature_corpus_root
LIT-001385,263253500.json,263253500.json,.json,29404,c048f52e1ee58dbb4cef007af5864e802db5116ff0b6a021cef0fae8e920ed15,,ok,,2026-09-28T17:55:35Z,config/local_paths.yaml:literature_corpus_root
LIT-001386,263264600.json,263264600.json,.json,45652,14c9f8f0bf21ca9a57f73c8665a2773b9a0cb2d423efd9d8c198fd4d8881d7ed,,ok,,2026-09-28T17:55:35Z,config/local_paths.yaml:literature_corpus_root
LIT-001387,263612100.json,263612100.json,.json,32938,32949d93f9b3a860b7a2dd60fb93f197deef4202b461ece9b210fea06495c3f1,,ok,,2026-09-28T17:55:35Z,config/local_paths.yaml:literature_corpus_root
LIT-001388,263612800.json,263612800.json,.json,39929,75b412bfa04b99550013252644103bacc0b96d04cef801bf7c081d60596e737b,,ok,,2026-09-28T17:55:35Z,config/local_paths.yaml:literature_corpus_root
LIT-001389,263671600.json,263671600.json,.json,21909,9996b50fc50c502ee6a1f970b3f1b7f14fff8a925f7d3e221de9382780cda04b,,ok,,2026-09-28T17:55:35Z,config/local_paths.yaml:literature_corpus_root
LIT-001390,263742300.json,263742300.json,.json,45391,705eb9a1be8aa8f19cd8a3103ee1847b109003c7230762e2807a6d30c985c810,,ok,,2026-09-28T17:55:35Z,config/local_paths.yaml:literature_corpus_root
LIT-001391,263804500.json,263804500.json,.json,48770,fdc09636a69eb081f9ab8764010a31f21c19641777bc474cff8312b194877b40,,ok,,2026-09-28T17:55:35Z,config/local_paths.yaml:literature_corpus_root
LIT-001392,263818300.json,263818300.json,.json,50366,d7abff7f3bddc009d03630e71f4f64c615f058bd0e7873d722fded4a8ee67f1c,,ok,,2026-09-28T17:55:35Z,config/local_paths.yaml:literature_corpus_root
LIT-001393,263906600.json,263906600.json,.json,30316,c62cc7f0d15e7b5b8f8976af4ede11036153e8a6bfa66519c2d2bfdb17d4c62e,,ok,,2026-09-28T17:55:35Z,config/local_paths.yaml:literature_corpus_root
LIT-001394,264018900.json,264018900.json,.json,54196,ac452d2de172e87a36775bccd5596de7b52e5751ed047dc3424f2d5201cfbb59,,ok,,2026-09-28T17:55:35Z,config/local_paths.yaml:literature_corpus_root
LIT-001395,264059000.json,264059000.json,.json,75565,c844d704bcfaaf130e579f53f3aba4cc950879936a5d443f57c6b904fda2d4b2,,ok,,2026-09-28T17:55:35Z,config/local_paths.yaml:literature_corpus_root
LIT-001396,264064900.json,264064900.json,.json,17457,ca45d6d0d2b9f7c1ac11479e8b8b88fcb4234768cfbdfcdfcfd4c94b55f74dcb,,ok,,2026-09-28T17:55:35Z,config/local_paths.yaml:literature_corpus_root
LIT-001397,264074700.json,264074700.json,.json,73520,c5c9ce44bcbbb62594ad212c7bc9007a8d772e780125a80bef86cedef3307a7d,,ok,,2026-09-28T17:55:35Z,config/local_paths.yaml:literature_corpus_root
LIT-001398,264121700.json,264121700.json,.json,46370,5b4f84cfbeb5f88af2a8104a1f4b74964370fab172fb5cd83daa9f36e9b8de2a,,ok,,2026-09-28T17:55:35Z,config/local_paths.yaml:literature_corpus_root
LIT-001399,264273100.json,264273100.json,.json,14030,d40f027fc368496f6964e24ec649aa2d576e0e9d493446360c55fc5d59a58619,,ok,,2026-09-28T17:55:35Z,config/local_paths.yaml:literature_corpus_root
LIT-001400,264489000.json,264489000.json,.json,41653,d04378961ef55f5120660ff8a59acafdf7bf1d2d7ba386e7082ea59cf44da362,,ok,,2026-09-28T17:55:35Z,config/local_paths.yaml:literature_corpus_root
LIT-001401,264516000.json,264516000.json,.json,7252,954ec21d80c8d023689fbdab14f2db2ce4c430700e40945bd8bb34507709fc8a,,ok,,2026-09-28T17:55:35Z,config/local_paths.yaml:literature_corpus_root
LIT-001402,264906300.json,264906300.json,.json,48657,ad7bbf0c3b6da3d82aed02c749d68d76c362b03a057ebea9d913452033c71e81,,ok,,2026-09-28T17:55:35Z,config/local_paths.yaml:literature_corpus_root
LIT-001403,264995700.json,264995700.json,.json,47602,28146d61a15ef939e3ad12e217c79746fdfd096b9b80d99b79a03452e2bb801d,,ok,,2026-09-28T17:55:35Z,config/local_paths.yaml:literature_corpus_root
LIT-001404,26500000.json,26500000.json,.json,78508,ed6727dabd9c68ff694cff080569c7d6f6d912bfb54ccecff1ae89574959e08a,,ok,,2026-09-28T17:55:35Z,config/local_paths.yaml:literature_corpus_root
LIT-001405,265016100.json,265016100.json,.json,55177,8c9eb8064a31a93f725d61e722dbb38f74ff4aae97bfcf585e266df3edad462d,,ok,,2026-09-28T17:55:35Z,config/local_paths.yaml:literature_corpus_root
LIT-001406,265051100.json,265051100.json,.json,58974,d7ccfe34f67cb057c0a53dc108086a88329569423428ded0d02a00c54c966a74,,ok,,2026-09-28T17:55:35Z,config/local_paths.yaml:literature_corpus_root
LIT-001407,265108300.json,265108300.json,.json,46458,31211d1d784f2a91d4ce2716b86a4bd746881a7a6d112e0676c2b091fdad6ad6,,ok,,2026-09-28T17:55:35Z,config/local_paths.yaml:literature_corpus_root
LIT-001408,265148900.json,265148900.json,.json,39925,77971e2b98400b169f6857b56c57487e308bf3e48e73c0a08418d5251768d332,,ok,,2026-09-28T17:55:35Z,config/local_paths.yaml:literature_corpus_root
LIT-001409,265156100.json,265156100.json,.json,41924,4fe8eeb5a8549986504b2ac6425637199e0d849189913a1c26a43017a4b437f4,,ok,,2026-09-28T17:55:35Z,config/local_paths.yaml:literature_corpus_root
LIT-001410,265187900.json,265187900.json,.json,41899,4175b14d1f760d9c982c4f87bb607fb134a20c0b9447152c1db661d6ea120ba0,,ok,,2026-09-28T17:55:35Z,config/local_paths.yaml:literature_corpus_root
LIT-001411,265201900.json,265201900.json,.json,28436,8bf8735adacd9e43bab75a44aac5ccff9beab3f2f9066e7d3e4273c6ccb7788c,,ok,,2026-09-28T17:55:35Z,config/local_paths.yaml:literature_corpus_root
LIT-001412,265369200.json,265369200.json,.json,29682,babd1bffef9bb569c1fe15ed689e178e9a71d05ecbc5dcb16c366ce7f0b1fd0f,,ok,,2026-09-28T17:55:35Z,config/local_paths.yaml:literature_corpus_root
LIT-001413,265387500.json,265387500.json,.json,38749,ca4c98a78de4043d260534f462520517f058cf9f61a6531d646b6d38dfa17d04,,ok,,2026-09-28T17:55:35Z,config/local_paths.yaml:literature_corpus_root
LIT-001414,265500800.json,265500800.json,.json,52955,bbb0cfb7bfbbc52ea89fee682fa93d04d5faa937bcd739f9ee806083a726e49a,,ok,,2026-09-28T17:55:35Z,config/local_paths.yaml:literature_corpus_root
LIT-001415,265608800.json,265608800.json,.json,12897,ebd08dbcffb066e2b38f9567bb85b280a74126112d75cdc136d1e17683d2b411,,ok,,2026-09-28T17:55:35Z,config/local_paths.yaml:literature_corpus_root
LIT-001416,265632000.json,265632000.json,.json,40893,c8938273cbd31fea756a8c7d6649b337da4ac318a63d537bb391a9b4cdcf3416,,ok,,2026-09-28T17:55:35Z,config/local_paths.yaml:literature_corpus_root
LIT-001417,265646400.json,265646400.json,.json,24070,6517fecb174e33b7bd770fca3c7c69d27a960adb956e911b0bccac50897ca39f,,ok,,2026-09-28T17:55:35Z,config/local_paths.yaml:literature_corpus_root
LIT-001418,265662500.json,265662500.json,.json,7380,3682a8a25e5f7f18d5d99491c79aee3b3a86dbf2461e163baf93fbd97a37a1b5,,ok,,2026-09-28T17:55:35Z,config/local_paths.yaml:literature_corpus_root
LIT-001419,265679400.json,265679400.json,.json,26760,827e07ad2d602c0ac979652784b418c75188ad698839d28ede7391f61219c946,,ok,,2026-09-28T17:55:35Z,config/local_paths.yaml:literature_corpus_root
LIT-001420,266157300.json,266157300.json,.json,28862,2c8d4359e76283882bda6259d734e13a5b434e34eb740839130a4488b3849436,,ok,,2026-09-28T17:55:35Z,config/local_paths.yaml:literature_corpus_root
LIT-001421,266238100.json,266238100.json,.json,25074,e9f68b70e6781977a617fa16270b8560e11ba31fd0b345355e0d622759d543e4,,ok,,2026-09-28T17:55:35Z,config/local_paths.yaml:literature_corpus_root
LIT-001422,266264300.json,266264300.json,.json,10677,286262cb5f0206829fd528647aa120b9c229514267bbb9498ae56f7067badc77,,ok,,2026-09-28T17:55:35Z,config/local_paths.yaml:literature_corpus_root
LIT-001423,266631300.json,266631300.json,.json,51446,d42389f4071e513881068c3d860e4ac2e1cc717590c19f91695371b0ccd51c53,,ok,,2026-09-28T17:55:35Z,config/local_paths.yaml:literature_corpus_root
LIT-001424,266653300.json,266653300.json,.json,50635,26c64d450e8eaebd065941ab65724a695ddce80c1b47224c9e6e31bb53e8dbf6,,ok,,2026-09-28T17:55:35Z,config/local_paths.yaml:literature_corpus_root
LIT-001425,266823300.json,266823300.json,.json,13199,18dccf828bd0c53253484f14f632a2cfd90091784275a6e86cbc387e44596346,,ok,,2026-09-28T17:55:35Z,config/local_paths.yaml:literature_corpus_root
LIT-001426,266865700.json,266865700.json,.json,26470,dc79020822a5f7824aa78b293a2f916d4e3ae830ccdab60efad0e006fd2844a8,,ok,,2026-09-28T17:55:35Z,config/local_paths.yaml:literature_corpus_root
LIT-001427,266868200.json,266868200.json,.json,38950,8e11e8901ce6f9f2066cdd644c8b663384a10d530f90743ca237bbf62c515be5,,ok,,2026-09-28T17:55:35Z,config/local_paths.yaml:literature_corpus_root
LIT-001428,266886500.json,266886500.json,.json,26174,9077d5b8d5f07b213de18e9855580d0b6601d663b92b739126cd00d9099c3667,,ok,,2026-09-28T17:55:35Z,config/local_paths.yaml:literature_corpus_root
LIT-001429,267041200.json,267041200.json,.json,48300,fc0870eaa180b2faccd479da19f6109985c99732f43810d258631530d3b6870e,,ok,,2026-09-28T17:55:35Z,config/local_paths.yaml:literature_corpus_root
LIT-001430,267042700.json,267042700.json,.json,65696,fbd3050c2cb539d9a6cfa45c8a09b00d5584fc4b80c49b5c48704941d0839a38,,ok,,2026-09-28T17:55:35Z,config/local_paths.yaml:literature_corpus_root
LIT-001431,267062900.json,267062900.json,.json,17631,115e3b7aed45a72c4bd8a3461103bdf3457e23c5a44b7d7c350c3193bce3616a,,ok,,2026-09-28T17:55:35Z,config/local_paths.yaml:literature_corpus_root
LIT-001432,267121800.json,267121800.json,.json,141322,78fa15ac858a316c04b261a162831ab4634d45871ac8d9be4e36f09514443e9d,,ok,,2026-09-28T17:55:35Z,config/local_paths.yaml:literature_corpus_root
LIT-001433,267190900.json,267190900.json,.json,22312,ab9bb8ec28bf46d3538d5eb30e481774df432b0fe6f4b55bc331c530e0153b26,,ok,,2026-09-28T17:55:35Z,config/local_paths.yaml:literature_corpus_root
LIT-001434,267191100.json,267191100.json,.json,41323,38326c07c8ad765d055c760e2d0afff168f011c2a14995d7478f8c5cfea9a6fc,,ok,,2026-09-28T17:55:35Z,config/local_paths.yaml:literature_corpus_root
LIT-001435,267195000.json,267195000.json,.json,35809,8d76ea1ebbcc7394f52f4bb72fb630123f01d07476b2c85655e16e99ac1bd5b6,,ok,,2026-09-28T17:55:35Z,config/local_paths.yaml:literature_corpus_root
LIT-001436,267219600.json,267219600.json,.json,43000,d22730d8efbfecef1aa6616d6c5b81d0c4a064c6324d6fc68a2529b971e84935,,ok,,2026-09-28T17:55:35Z,config/local_paths.yaml:literature_corpus_root
LIT-001437,267220300.json,267220300.json,.json,57412,f2a7fc387dbd3b92e2649323df9c29668ca2fb253c2ec72bedcafa59e7a612cb,,ok,,2026-09-28T17:55:35Z,config/local_paths.yaml:literature_corpus_root
LIT-001438,267460600.json,267460600.json,.json,57587,5bf5b6bd6fce7ac61901e960f22bd421173ec5ce2995ecde696ce725212b9572,,ok,,2026-09-28T17:55:35Z,config/local_paths.yaml:literature_corpus_root
LIT-001439,267507400.json,267507400.json,.json,28580,18a1ef19e285351040f1830def9f69035cde2176f05c669587756e2da835976d,,ok,,2026-09-28T17:55:35Z,config/local_paths.yaml:literature_corpus_root
LIT-001440,267613300.json,267613300.json,.json,19759,80e689f7dfc87304d73d8a6310867082069a1f22b050bfaaf846c7041d57d755,,ok,,2026-09-28T17:55:35Z,config/local_paths.yaml:literature_corpus_root
LIT-001441,267624100.json,267624100.json,.json,27189,93285f1e306f909576360061e7b8d67ff9ebbf0b9499890ec1d6fa4fe7eb28b3,,ok,,2026-09-28T17:55:35Z,config/local_paths.yaml:literature_corpus_root
LIT-001442,267662700.json,267662700.json,.json,41407,bc40128b90483fc8736de6ecd148d1a61bfaeb5b48362b9bc6fa75149be3684c,,ok,,2026-09-28T17:55:35Z,config/local_paths.yaml:literature_corpus_root
LIT-001443,267779000.json,267779000.json,.json,34972,52815bcc2c4fb361701a6a672241bef6f76135b6f07518e2a7bdf0fc22fc1d67,,ok,,2026-09-28T17:55:35Z,config/local_paths.yaml:literature_corpus_root
LIT-001444,267826900.json,267826900.json,.json,26605,48b9ceac10714b712a0a1ee330a2d7b23f700feddf4bc44bcc58c9c03ee68668,,ok,,2026-09-28T17:55:35Z,config/local_paths.yaml:literature_corpus_root
LIT-001445,267867000.json,267867000.json,.json,15902,7d68ef78787dc6bbb0e0c91a2f93fd1134347233cb70799342c9da7964a3289a,,ok,,2026-09-28T17:55:35Z,config/local_paths.yaml:literature_corpus_root
LIT-001446,267897800.json,267897800.json,.json,35264,3ce8d54cf1f4db81ef82501591699aaba695cc19048eba59ce5755a907a99cf1,,ok,,2026-09-28T17:55:35Z,config/local_paths.yaml:literature_corpus_root
LIT-001447,267900500.json,267900500.json,.json,62795,887bcf85f253889ad680ccaa936a5b14cc7ee6c739008b0fb5e6a8ca67a726b4,,ok,,2026-09-28T17:55:35Z,config/local_paths.yaml:literature_corpus_root
LIT-001448,267951800.json,267951800.json,.json,25449,e7b1d7a94a8960d38e9257b6df00848835e911f3129d5e247c7deda187eb8515,,ok,,2026-09-28T17:55:35Z,config/local_paths.yaml:literature_corpus_root
LIT-001449,267953500.json,267953500.json,.json,9911,23fa06c13e93f7bf2f6b65a998eddc07a890cc7a2b85253773853c54cd3d35c3,,ok,,2026-09-28T17:55:35Z,config/local_paths.yaml:literature_corpus_root
LIT-001450,268095900.json,268095900.json,.json,39917,cc018a1e7501ae49e677278208082d02c852e11d66e70be12800b48d951e69cb,,ok,,2026-09-28T17:55:35Z,config/local_paths.yaml:literature_corpus_root
LIT-001451,268121800.json,268121800.json,.json,41897,c46f866d89516675c6d3a4acc860ab1a06bed1da3425bdc3f9ff0af15ba6ffb0,,ok,,2026-09-28T17:55:35Z,config/local_paths.yaml:literature_corpus_root
LIT-001452,268144800.json,268144800.json,.json,92175,7c8a536ae0c5a2175c1e69fd3047e27c322dd52961a1cdad46ef11424758ca88,,ok,,2026-09-28T17:55:35Z,config/local_paths.yaml:literature_corpus_root
LIT-001453,268226400.json,268226400.json,.json,27571,a6a861d9354c5cca051baa89451dc5645dc3e1ca939bcbde4af337ba8e30908b,,ok,,2026-09-28T17:55:35Z,config/local_paths.yaml:literature_corpus_root
LIT-001454,268283500.json,268283500.json,.json,16889,ca06b8b7d14e520c271e473a6e2414affa973b8d99a58fa5cbd2bf1636c754dc,,ok,,2026-09-28T17:55:35Z,config/local_paths.yaml:literature_corpus_root
LIT-001455,268360500.json,268360500.json,.json,47457,a33a1e47377a6783ced2bac0a5968e1155754d7e11dc2c9e9caa8aed8161e7f8,,ok,,2026-09-28T17:55:35Z,config/local_paths.yaml:literature_corpus_root
LIT-001456,268380100.json,268380100.json,.json,7991,43b9ae578b973ff37241e9ca6edf74329c7f31b1b4d627ff500dde6026b9eb45,,ok,,2026-09-28T17:55:35Z,config/local_paths.yaml:literature_corpus_root
LIT-001457,268446900.json,268446900.json,.json,22360,27e463f940ac8afcc6dcded1824986f6762efa4d9d65a6355fa27b53112ec53a,,ok,,2026-09-28T17:55:35Z,config/local_paths.yaml:literature_corpus_root
LIT-001458,268458600.json,268458600.json,.json,31054,5bc6934b34c98ba1933152c2d31ab944b152ca903522561b8bd48f5b7f81dc08,,ok,,2026-09-28T17:55:35Z,config/local_paths.yaml:literature_corpus_root
LIT-001459,268564400.json,268564400.json,.json,29432,dbe1de52cd9476f8a4a6805838353b2c3aa75cc8b215306ff9b9db94ee1718fa,,ok,,2026-09-28T17:55:35Z,config/local_paths.yaml:literature_corpus_root
LIT-001460,268595100.json,268595100.json,.json,14196,8abd5f8b7b8236fca62870e0f2d3ee696549298536ae634bef014585714c45b4,,ok,,2026-09-28T17:55:35Z,config/local_paths.yaml:literature_corpus_root
LIT-001461,268597400.json,268597400.json,.json,74734,90e731e466cf4ea1779f536d9a99ad7633b54cced446f910a0f6be4710f823bb,,ok,,2026-09-28T17:55:35Z,config/local_paths.yaml:literature_corpus_root
LIT-001462,268632000.json,268632000.json,.json,56896,0384cc0cc39f7a20af60067d3bc3cd116e60d56f80a89ae6350a5ccf694cce3b,,ok,,2026-09-28T17:55:35Z,config/local_paths.yaml:literature_corpus_root
LIT-001463,268652000.json,268652000.json,.json,67926,54698d53a2fc9ec8b2ad1e00629d62e1f1a204b003a6cb264db374f68a0439f9,,ok,,2026-09-28T17:55:35Z,config/local_paths.yaml:literature_corpus_root
LIT-001464,268665400.json,268665400.json,.json,33635,dee43e7a4b9d2545e71fdabbd7799b01212d08474728c5f3e34b4f2fd85534ae,,ok,,2026-09-28T17:55:35Z,config/local_paths.yaml:literature_corpus_root
LIT-001465,268699100.json,268699100.json,.json,61205,1cb6b32ec7a69dcef48392ec3c3e8ef03a817bd292a6d9845b75c043915f06c9,,ok,,2026-09-28T17:55:35Z,config/local_paths.yaml:literature_corpus_root
LIT-001466,268745700.json,268745700.json,.json,16973,9b679a8b67a34dc3b42ea891aba6fe38cf14d8f4178ecbf7657324ab8872123e,,ok,,2026-09-28T17:55:35Z,config/local_paths.yaml:literature_corpus_root
LIT-001467,268761800.json,268761800.json,.json,43486,178929777c7077d75d4e379f06fac8eb692972de2dc9d973961f3bff3d380c4a,,ok,,2026-09-28T17:55:35Z,config/local_paths.yaml:literature_corpus_root
LIT-001468,268963400.json,268963400.json,.json,31339,7fcb8c9aeb8a7add77c61bbadf5b45556352d9d71862abb023035316b0ff883e,,ok,,2026-09-28T17:55:35Z,config/local_paths.yaml:literature_corpus_root
LIT-001469,269055400.json,269055400.json,.json,41991,0b8141e12cda2ecfc6a4c8a0e7867e59372daccf038b17769a93e9cd3452b986,,ok,,2026-09-28T17:55:35Z,config/local_paths.yaml:literature_corpus_root
LIT-001470,269073700.json,269073700.json,.json,60100,78292f860ed083e602fe4f7c0400306736048e543bdf27dde11ea204d446734c,,ok,,2026-09-28T17:55:35Z,config/local_paths.yaml:literature_corpus_root
LIT-001471,269100800.json,269100800.json,.json,50647,a35ca296352bf6007b5649a92d60c00fc5ee0a4a02f4ba150bcb4067ecf449c5,,ok,,2026-09-28T17:55:35Z,config/local_paths.yaml:literature_corpus_root
LIT-001472,269118000.json,269118000.json,.json,52971,316a2b003d0cd95391b695f610b0dca822ac3a690d25f0459faa1a586f6572d7,,ok,,2026-09-28T17:55:35Z,config/local_paths.yaml:literature_corpus_root
LIT-001473,269147000.json,269147000.json,.json,8337,8bcf0a9a1c135c36ad1baf4b8b755c459ece3079af5572f512285392f804ffbc,,ok,,2026-09-28T17:55:35Z,config/local_paths.yaml:literature_corpus_root
LIT-001474,269262800.json,269262800.json,.json,19137,35d6548de0432b0aa23d5026e065a627df350697203b455141e8c5111929767c,,ok,,2026-09-28T17:55:35Z,config/local_paths.yaml:literature_corpus_root
LIT-001475,269284900.json,269284900.json,.json,50567,365556ea908f49c22e273a3f12b89cb47453fd011cef76d05ddaeb895faf425b,,ok,,2026-09-28T17:55:35Z,config/local_paths.yaml:literature_corpus_root
LIT-001476,269306100.json,269306100.json,.json,32710,82ea5412efd2b0597849850b583142f03e1c47844d38f98cae6994d69f55751c,,ok,,2026-09-28T17:55:35Z,config/local_paths.yaml:literature_corpus_root
LIT-001477,269393700.json,269393700.json,.json,66440,a5ea905d9a07880479f847bad809901aaea801ee363d81ad68bc4d9a8321c44f,,ok,,2026-09-28T17:55:35Z,config/local_paths.yaml:literature_corpus_root
LIT-001478,269414500.json,269414500.json,.json,40327,0a1e3ce9f21b449a782731bcb24e3515b6e3032ad4473ee6b5ce2e3ca4b2dfe1,,ok,,2026-09-28T17:55:35Z,config/local_paths.yaml:literature_corpus_root
LIT-001479,269513200.json,269513200.json,.json,49006,51f65ff14324ecc5ba7df83266ade054fb1c641f29d0a6e685354d95eeb7d250,,ok,,2026-09-28T17:55:35Z,config/local_paths.yaml:literature_corpus_root
LIT-001480,269643600.json,269643600.json,.json,39144,a8076de957595a6c495d2ffaf0195142e4ec7e9caa0e259ee842f720db2dc166,,ok,,2026-09-28T17:55:35Z,config/local_paths.yaml:literature_corpus_root
LIT-001481,269686200.json,269686200.json,.json,84418,fb4d35892857b8cd18eef32dd9d5b2e2a7d81182670c61b88f67538cf4747747,,ok,,2026-09-28T17:55:35Z,config/local_paths.yaml:literature_corpus_root
LIT-001482,269762000.json,269762000.json,.json,79163,1b68b437b75cd936304fcf3a7464ec530cf301ee06729800aa0737c76a922fbf,,ok,,2026-09-28T17:55:35Z,config/local_paths.yaml:literature_corpus_root
LIT-001483,269769600.json,269769600.json,.json,10507,0cc62cec340903da1e51883b67e1b331813a667d5b23b3e6bebfed4b98293a85,DUP-0001,ok,,2026-09-28T17:55:35Z,config/local_paths.yaml:literature_corpus_root
LIT-001484,269772600.json,269772600.json,.json,10507,0cc62cec340903da1e51883b67e1b331813a667d5b23b3e6bebfed4b98293a85,DUP-0001,ok,,2026-09-28T17:55:35Z,config/local_paths.yaml:literature_corpus_root
LIT-001485,269797500.json,269797500.json,.json,17415,bedc9dfcf8d5003b8c889625970a6b62ebfc0b4fa9e4d5808cc00d267b5939ef,,ok,,2026-09-28T17:55:35Z,config/local_paths.yaml:literature_corpus_root
LIT-001486,269816600.json,269816600.json,.json,53071,201697ae6bfaca4b78a4d8f30a4b4f06e0e374efb2959c454f293718bd3d7697,,ok,,2026-09-28T17:55:35Z,config/local_paths.yaml:literature_corpus_root
LIT-001487,269873800.json,269873800.json,.json,27826,d7f9f49fdfb20e7757a3f485078e0c1eb7370ffc035d9df297a939bd9c07c6cc,,ok,,2026-09-28T17:55:35Z,config/local_paths.yaml:literature_corpus_root
LIT-001488,269937200.json,269937200.json,.json,36600,00ab1e82562307a1f6c1dc7af3e696bc79b7e431916b88e956b72e5bd2fa05f9,,ok,,2026-09-28T17:55:35Z,config/local_paths.yaml:literature_corpus_root
LIT-001489,270036700.json,270036700.json,.json,54702,7fbdb3311602b1fbae345ff4918c102ccd0c8ae7bed81c089e132e04bd15e155,,ok,,2026-09-28T17:55:35Z,config/local_paths.yaml:literature_corpus_root
LIT-001490,270093600.json,270093600.json,.json,16830,ca1205bc782746b3a3ff3a5d3776a321475efebd313583517464511ed9044889,,ok,,2026-09-28T17:55:35Z,config/local_paths.yaml:literature_corpus_root
LIT-001491,270100300.json,270100300.json,.json,44807,ab90d57c748835bcfd58b9940db7b7926f141e9f4247276bc62dbf4276e57179,,ok,,2026-09-28T17:55:35Z,config/local_paths.yaml:literature_corpus_root
LIT-001492,270103300.json,270103300.json,.json,10711,a397529690312b67514c77cc42aa9ac03b015d0c39e8921726fedd3204a1d20d,,ok,,2026-09-28T17:55:35Z,config/local_paths.yaml:literature_corpus_root
LIT-001493,270128800.json,270128800.json,.json,24052,5f3c5719bb93e98cde1f0177da19255ab0ed3ceb2271065b000e5653f6110e6c,,ok,,2026-09-28T17:55:35Z,config/local_paths.yaml:literature_corpus_root
LIT-001494,270139600.json,270139600.json,.json,31220,a504be1b7c991d1f405b8f0dc8d1956a8818aad19448e9d565068cd1b2bfb7c6,,ok,,2026-09-28T17:55:35Z,config/local_paths.yaml:literature_corpus_root
LIT-001495,270141300.json,270141300.json,.json,28316,98baca176e6995253846eec98cdfe98f7fb5cdb0b2f40e4337c746e40ea6b33a,,ok,,2026-09-28T17:55:35Z,config/local_paths.yaml:literature_corpus_root
LIT-001496,270172900.json,270172900.json,.json,49516,bc55b9c1241277bb69cf73daf3a7bb3f7fa406b49f2df635084419c747bde14c,,ok,,2026-09-28T17:55:35Z,config/local_paths.yaml:literature_corpus_root
LIT-001497,270191000.json,270191000.json,.json,23891,68b33af999325769eaf421d094984fb7a6521d311f6b8466d0f5c69eadf4a95b,,ok,,2026-09-28T17:55:35Z,config/local_paths.yaml:literature_corpus_root
LIT-001498,270232800.json,270232800.json,.json,31823,8da0f9e27eb80532fe28b8fa305fb3e2919ad62440c1381c5c7cf04265fcc8e8,,ok,,2026-09-28T17:55:35Z,config/local_paths.yaml:literature_corpus_root
LIT-001499,270284600.json,270284600.json,.json,33056,6d5ba18e53e3306bfb3f94f3614cd7fada16156a43a5700d3e51b94cf7c407d8,,ok,,2026-09-28T17:55:35Z,config/local_paths.yaml:literature_corpus_root
LIT-001500,270292600.json,270292600.json,.json,36981,ec89b8f509b19a1f233c02f62d741e07b7d1bf17d33b57c5ba86d635867bf9e6,,ok,,2026-09-28T17:55:35Z,config/local_paths.yaml:literature_corpus_root
LIT-001501,270320300.json,270320300.json,.json,39854,d6ffb5e77697c932a4983dbb74a7d63cb4fccec955f0e12be51a63b2a2269c4b,,ok,,2026-09-28T17:55:35Z,config/local_paths.yaml:literature_corpus_root
LIT-001502,270331800.json,270331800.json,.json,56215,ee5b08eb309e079f4ebafe5f28a360d746e974e569032d0093f45be916668902,,ok,,2026-09-28T17:55:35Z,config/local_paths.yaml:literature_corpus_root
LIT-001503,270332400.json,270332400.json,.json,58517,3024e68c493cd4f95a00316b6299d39bdaa5887617ea42d2acf048313b37a1cb,,ok,,2026-09-28T17:55:35Z,config/local_paths.yaml:literature_corpus_root
LIT-001504,270378800.json,270378800.json,.json,50878,4610f93acbd0a6ee01728c936054e26ba8393217a1e0f803d97c1e93b18029b7,,ok,,2026-09-28T17:55:35Z,config/local_paths.yaml:literature_corpus_root
LIT-001505,270516700.json,270516700.json,.json,53567,3dbba4e633741abaab36f00cc6b11b690a878bb3489cfd589e9586bc82ec9ca1,,ok,,2026-09-28T17:55:35Z,config/local_paths.yaml:literature_corpus_root
LIT-001506,270536000.json,270536000.json,.json,52867,c7531b05146a1eb7210acdf604de4803075518cd90f6d595fcb426cb3bbdadca,,ok,,2026-09-28T17:55:35Z,config/local_paths.yaml:literature_corpus_root
LIT-001507,270606400.json,270606400.json,.json,72740,de902fcd99ca125c83752fc1ad0bdca74e70ca8a166ea07ea85d9f28970eb56d,,ok,,2026-09-28T17:55:35Z,config/local_paths.yaml:literature_corpus_root
LIT-001508,270709400.json,270709400.json,.json,25283,06447a8363d97632fed8f4f15533a32929f99e4fdcc9660ee46ca69061c0b7be,,ok,,2026-09-28T17:55:35Z,config/local_paths.yaml:literature_corpus_root
LIT-001509,270745200.json,270745200.json,.json,53874,f93ca84ea6a473c92af77ae659747f8cc7ae5e3bc4a569cab024a428853bf066,,ok,,2026-09-28T17:55:35Z,config/local_paths.yaml:literature_corpus_root
LIT-001510,270769100.json,270769100.json,.json,29865,7c03fd61c1289fb37cb46a83aea6fbda9456f66ef7d2457069777fd1c575863a,,ok,,2026-09-28T17:55:35Z,config/local_paths.yaml:literature_corpus_root
LIT-001511,270821200.json,270821200.json,.json,23314,cc2e49cc93aad299420dfc459c58db934c6caf145567493dd67c43f2dce7d12b,,ok,,2026-09-28T17:55:35Z,config/local_paths.yaml:literature_corpus_root
LIT-001512,270870100.json,270870100.json,.json,109724,03f8a282dd05ca4824986dfafa6efaa23e79842c3dec2cbab27a32f1b569c899,,ok,,2026-09-28T17:55:35Z,config/local_paths.yaml:literature_corpus_root
LIT-001513,270988100.json,270988100.json,.json,20054,866441839989d51509439d9aa5d063b48b55d012e3c9dc85c3f5eb4399993184,,ok,,2026-09-28T17:55:35Z,config/local_paths.yaml:literature_corpus_root
LIT-001514,271168100.json,271168100.json,.json,14343,f7b3ec1849a134aba53a2458ddef2e81b63e8feb27c703418d27c2bce4311fc0,,ok,,2026-09-28T17:55:35Z,config/local_paths.yaml:literature_corpus_root
LIT-001515,271200200.json,271200200.json,.json,51887,cfe806355ade7f58062c65d83fe173e5e7a87e00a99451bc00733cacf869814e,,ok,,2026-09-28T17:55:35Z,config/local_paths.yaml:literature_corpus_root
LIT-001516,271211100.json,271211100.json,.json,25062,97b8989a0d99c3a03d3a32fc52a2e0ebf6294f4b6b2196b6d03a8af1eefe45ec,,ok,,2026-09-28T17:55:35Z,config/local_paths.yaml:literature_corpus_root
LIT-001517,271213500.json,271213500.json,.json,40167,1515120a5982e88f9b19e2c870e9b9cfddab08070aa4d814165a45d5f142b7a7,,ok,,2026-09-28T17:55:35Z,config/local_paths.yaml:literature_corpus_root
LIT-001518,271242200.json,271242200.json,.json,55081,19ad3c2bbcf1e853bda69c7bb7e4aa00b7ceacfc82c001419f093ab499cf2c09,,ok,,2026-09-28T17:55:35Z,config/local_paths.yaml:literature_corpus_root
LIT-001519,271317900.json,271317900.json,.json,44812,0beab89d52495d75e5c2d32cf028dd68f18d60fc446811b81113e5fc0373483a,,ok,,2026-09-28T17:55:35Z,config/local_paths.yaml:literature_corpus_root
LIT-001520,27145500.json,27145500.json,.json,31465,b53054150fc94282f7c9572b581efa2d1c06d9924cc06f28edbc60ec4c391957,,ok,,2026-09-28T17:55:35Z,config/local_paths.yaml:literature_corpus_root
LIT-001521,271744500.json,271744500.json,.json,24994,07ab5c49c475ba9aab0f1798d80fa6a0cb8d23a7ebccec5ba003cc7c15b0a4fa,,ok,,2026-09-28T17:55:35Z,config/local_paths.yaml:literature_corpus_root
LIT-001522,271776400.json,271776400.json,.json,76625,8cfa7a95a57756eebb8bb1c72efdc7e2f1a2a7da35a3df5fb24640f80a0f9ad4,,ok,,2026-09-28T17:55:35Z,config/local_paths.yaml:literature_corpus_root
LIT-001523,271824400.json,271824400.json,.json,60785,979fcf795b13719b9805686ad472d9d15aeb3da294e88893016edc2f63330ac9,,ok,,2026-09-28T17:55:35Z,config/local_paths.yaml:literature_corpus_root
LIT-001524,271871500.json,271871500.json,.json,46030,0aca19b6353391981517ca5e97afc4013c7b23694ed824cada788dda4c3358c4,,ok,,2026-09-28T17:55:35Z,config/local_paths.yaml:literature_corpus_root
LIT-001525,271885700.json,271885700.json,.json,42955,0f427df42b674684297ed9ae0efbb381203dc821f036f0dfcecfb4af5dcbc507,,ok,,2026-09-28T17:55:35Z,config/local_paths.yaml:literature_corpus_root
LIT-001526,271891700.json,271891700.json,.json,25968,18741906aac309ede6381367346d47b34d1663164d386d87bc5965d5cf6d1ecd,,ok,,2026-09-28T17:55:35Z,config/local_paths.yaml:literature_corpus_root
LIT-001527,271947700.json,271947700.json,.json,88791,990fa12a82af7c2e03d7ba9c375180736b9b6ac18d903d873cc7d91e397b0eef,,ok,,2026-09-28T17:55:35Z,config/local_paths.yaml:literature_corpus_root
LIT-001528,271997400.json,271997400.json,.json,32297,cf1261436db8b985ba975e9f10018fb95e38ab797def43f2d7d2cd11d850c376,,ok,,2026-09-28T17:55:35Z,config/local_paths.yaml:literature_corpus_root
LIT-001529,272104900.json,272104900.json,.json,16435,e748c6fc98af8618275f4b4da96a3850625180c66b995e72e714acf5da0ea7a7,,ok,,2026-09-28T17:55:35Z,config/local_paths.yaml:literature_corpus_root
LIT-001530,272334000.json,272334000.json,.json,38542,f36836ba9f8e82ddec24e12f7e78b524a4304464e4c7758fbb9b8b789b1ab2d0,,ok,,2026-09-28T17:55:35Z,config/local_paths.yaml:literature_corpus_root
LIT-001531,272611100.json,272611100.json,.json,60997,ff657eafe417b586a4d33ceceee9a1290e06c5085f61059239dc771bef8e1982,,ok,,2026-09-28T17:55:35Z,config/local_paths.yaml:literature_corpus_root
LIT-001532,272620100.json,272620100.json,.json,49017,e2cb92cb7092e7f16ff0fe66684990f32ae54680fc2df0df031d2d06aad47953,,ok,,2026-09-28T17:55:35Z,config/local_paths.yaml:literature_corpus_root
LIT-001533,272697700.json,272697700.json,.json,20599,272ecf7e3af6e44266e211ed0d10d1dadcdf042b415d10746404608ca751f0e4,,ok,,2026-09-28T17:55:35Z,config/local_paths.yaml:literature_corpus_root
LIT-001534,272753600.json,272753600.json,.json,44514,f0bffca273da65ff8d1756b0f82db255680a21c37b5f67899eaefb27eb9071d5,,ok,,2026-09-28T17:55:35Z,config/local_paths.yaml:literature_corpus_root
LIT-001535,272754000.json,272754000.json,.json,55505,0173ab1510715cb59996715e9c5483b8684e62e0023767c55301685cfb692c09,,ok,,2026-09-28T17:55:35Z,config/local_paths.yaml:literature_corpus_root
LIT-001536,272852900.json,272852900.json,.json,39760,18b1fe556b697e2a97c609744268f89d88949401e1c905f1f91233362bd28ab3,,ok,,2026-09-28T17:55:35Z,config/local_paths.yaml:literature_corpus_root
LIT-001537,272962500.json,272962500.json,.json,44630,d515dd9e3fec403276cb4d6dd068cfd9d3ccf717e3fb21de8b6bedd96baa8a46,,ok,,2026-09-28T17:55:35Z,config/local_paths.yaml:literature_corpus_root
LIT-001538,273010800.json,273010800.json,.json,56473,91f5a9bbc2cdbc6f937feaef4f9b9f21986664ec562347a088f9693c7a7a9746,,ok,,2026-09-28T17:55:35Z,config/local_paths.yaml:literature_corpus_root
LIT-001539,273067400.json,273067400.json,.json,35394,61de9f7f6df048bb125f53c3c4b5c2109dd4087ab4b48aa2d14007a2b1349e07,,ok,,2026-09-28T17:55:35Z,config/local_paths.yaml:literature_corpus_root
LIT-001540,273234100.json,273234100.json,.json,23351,d1e870f3af569793e1fa4e8868b874f9acdbe72913b9d877ce125bd684185d10,,ok,,2026-09-28T17:55:35Z,config/local_paths.yaml:literature_corpus_root
LIT-001541,273239200.json,273239200.json,.json,40102,07fa633a6d6f9f14359a8d1b9c5153098f3e1a704b9522858121ba42368a0183,,ok,,2026-09-28T17:55:35Z,config/local_paths.yaml:literature_corpus_root
LIT-001542,273280400.json,273280400.json,.json,27128,0fb866d944e3b8809ab844a2b64db2933dbb8b8c649799430f5f1305a8443b51,,ok,,2026-09-28T17:55:35Z,config/local_paths.yaml:literature_corpus_root
LIT-001543,273444300.json,273444300.json,.json,50893,ddc88b8bcd92cc169e7ba572d63dfa1603c5670494a17d835d3d982728a7fe12,,ok,,2026-09-28T17:55:35Z,config/local_paths.yaml:literature_corpus_root
LIT-001544,273513600.json,273513600.json,.json,45019,c8b1e2d0e0596f4c71c8d51e7303185a0370078f6f228df69669b8fa411fcbf5,,ok,,2026-09-28T17:55:35Z,config/local_paths.yaml:literature_corpus_root
LIT-001545,273537300.json,273537300.json,.json,14187,467cff01ddd92aa9b4f386021f430015bd4f952b5daae4317d2e4d39f64525aa,,ok,,2026-09-28T17:55:35Z,config/local_paths.yaml:literature_corpus_root
LIT-001546,273584800.json,273584800.json,.json,20282,8e729788b6721bfd027857bcdba4ed31d328da34029739bb4af394efb1267352,,ok,,2026-09-28T17:55:35Z,config/local_paths.yaml:literature_corpus_root
LIT-001547,273701500.json,273701500.json,.json,35471,af113fc4a74ba3914b85dbdeb2929ed4c05e4b8d4190775c84317620bced07dc,,ok,,2026-09-28T17:55:35Z,config/local_paths.yaml:literature_corpus_root
LIT-001548,273718200.json,273718200.json,.json,48647,66ed95eae6f9e9b0479a05b54658db20149a438c4372aef77384c703e39294f6,,ok,,2026-09-28T17:55:35Z,config/local_paths.yaml:literature_corpus_root
LIT-001549,273876900.json,273876900.json,.json,57971,0e7cf1cb357f202eae0bbe8d2a969aa75378540e29f6e84dd70c2f079d53ca77,,ok,,2026-09-28T17:55:35Z,config/local_paths.yaml:literature_corpus_root
LIT-001550,273909800.json,273909800.json,.json,29563,4728637164597b9314e7b2e6c7b27f59f81806da61c2a6455a2d10ecac70b240,,ok,,2026-09-28T17:55:35Z,config/local_paths.yaml:literature_corpus_root
LIT-001551,274043400.json,274043400.json,.json,35974,501b4659d7c425ab8a4004bac87f633dc13be2e67eaad926d10acab4ffe351f1,,ok,,2026-09-28T17:55:35Z,config/local_paths.yaml:literature_corpus_root
LIT-001552,274171300.json,274171300.json,.json,30728,781fc6ef7b3ce911ae8556ae5d9345d24c42c8d085b3115dcc4eeb6ce96ea186,,ok,,2026-09-28T17:55:35Z,config/local_paths.yaml:literature_corpus_root
LIT-001553,274203800.json,274203800.json,.json,53500,49079ad7047c62ccd6002633c75c083a40ec54b4707ef2f555863aed0b97117e,,ok,,2026-09-28T17:55:35Z,config/local_paths.yaml:literature_corpus_root
LIT-001554,274241300.json,274241300.json,.json,44619,a1cfe859ec86d296419fcfdef50320284008ea7b6add67f606a439022c49d759,,ok,,2026-09-28T17:55:35Z,config/local_paths.yaml:literature_corpus_root
LIT-001555,274259600.json,274259600.json,.json,54721,6129414d0b0a25a897fce678768ed50fd81807a7f7f10a1e7d0fd0ab7965c751,,ok,,2026-09-28T17:55:35Z,config/local_paths.yaml:literature_corpus_root
LIT-001556,274294300.json,274294300.json,.json,66082,dcbce1cea9026ed79b90bd47b12be466c6f25a63412d17cc3f6e07b14afdc755,,ok,,2026-09-28T17:55:35Z,config/local_paths.yaml:literature_corpus_root
LIT-001557,274376100.json,274376100.json,.json,67756,273438e3507ab8216ff58d82a0911c352d0d743b0ad497376e60263e2ed62bc6,,ok,,2026-09-28T17:55:35Z,config/local_paths.yaml:literature_corpus_root
LIT-001558,274462100.json,274462100.json,.json,37394,2499d3d2818a67973bb9baad93b095ba1396710f931e49fa8d76146c4bbe301f,,ok,,2026-09-28T17:55:35Z,config/local_paths.yaml:literature_corpus_root
LIT-001559,274475000.json,274475000.json,.json,35658,b113c8ed08ef8e7d53b0d30c85a75908db2ec81888674da3862b457693ce5960,,ok,,2026-09-28T17:55:35Z,config/local_paths.yaml:literature_corpus_root
LIT-001560,274513700.json,274513700.json,.json,42526,3272ce713859a24485e87bee9884084207f513c7fda430c0c2f7edc104e8b0aa,,ok,,2026-09-28T17:55:35Z,config/local_paths.yaml:literature_corpus_root
LIT-001561,274525700.json,274525700.json,.json,52692,9c5f1194733530f6f4b71c15fa116734033852fb20989aa232a3480925b7268a,,ok,,2026-09-28T17:55:35Z,config/local_paths.yaml:literature_corpus_root
LIT-001562,274595700.json,274595700.json,.json,39943,fcbe8addb64cd517cc5e2edb9ee1d999b14d91cfd3cba77c18a0ea8f9bdb1fb5,,ok,,2026-09-28T17:55:35Z,config/local_paths.yaml:literature_corpus_root
LIT-001563,274626100.json,274626100.json,.json,18676,caddb74d4f7f9d438fe63ad537e53d6af1f7463196ee5cba7d1506e8e9a8e5bc,,ok,,2026-09-28T17:55:35Z,config/local_paths.yaml:literature_corpus_root
LIT-001564,275010600.json,275010600.json,.json,33639,4af3993d460d6dfb9e2b1b14b858f8b07343d410edce826b2d1027ccc3a7d0e5,,ok,,2026-09-28T17:55:35Z,config/local_paths.yaml:literature_corpus_root
LIT-001565,27861700.json,27861700.json,.json,47108,9cc2a7c4b2e3e70ce5f34d8c340fc76057061c5bad3ed82656fa7128b0ac1148,,ok,,2026-09-28T17:55:35Z,config/local_paths.yaml:literature_corpus_root
LIT-001566,27880900.json,27880900.json,.json,27593,f1a0f40041cdc01623c81cd9901b77a3dbda6acbc9024dd8a02373f7c8a55581,,ok,,2026-09-28T17:55:35Z,config/local_paths.yaml:literature_corpus_root
LIT-001567,27960200.json,27960200.json,.json,47700,214fb4c4dc071621ce21fefcb74c004e8ac42f9d386e629e30114f890b137d59,,ok,,2026-09-28T17:55:35Z,config/local_paths.yaml:literature_corpus_root
LIT-001568,28101500.json,28101500.json,.json,30184,f54028dcc50e0d2afcfeac43402b8a97fabee440e75ca2af2944fecb1839f2e5,,ok,,2026-09-28T17:55:35Z,config/local_paths.yaml:literature_corpus_root
LIT-001569,28270800.json,28270800.json,.json,63518,cc3b15dca939f0cf45a7438da4318ac212e0f421a4f863d7c9529f1bf64112bd,,ok,,2026-09-28T17:55:35Z,config/local_paths.yaml:literature_corpus_root
LIT-001570,29493400.json,29493400.json,.json,33217,7818fa6f0dcb40dfcef8197af1bd96b9a41ef734f54b9d6fba1057daa9b6c3a5,,ok,,2026-09-28T17:55:35Z,config/local_paths.yaml:literature_corpus_root
LIT-001571,30521800.json,30521800.json,.json,55381,8bd9fc32b338a0274b87e3de331187033598f50be6d692c98bf2b4482cc17a7d,,ok,,2026-09-28T17:55:35Z,config/local_paths.yaml:literature_corpus_root
LIT-001572,3091700.json,3091700.json,.json,105656,44816e45ac3c190065fa9466e7955d3d539a313bac815ab96161a34de158fc56,,ok,,2026-09-28T17:55:35Z,config/local_paths.yaml:literature_corpus_root
LIT-001573,31782700.json,31782700.json,.json,49214,c9c21d54fe7b7e6b66481766475548036b2f193ba3d004a3bc8e5e7a60d18752,,ok,,2026-09-28T17:55:35Z,config/local_paths.yaml:literature_corpus_root
LIT-001574,31853900.json,31853900.json,.json,28844,0eb8351c0528734fef522f23bb39860e972e78c913fc2b6995c33f03a914db18,,ok,,2026-09-28T17:55:35Z,config/local_paths.yaml:literature_corpus_root
LIT-001575,32302100.json,32302100.json,.json,71039,06441a36c7b3e3509f37f4d05e9452a03fec91ec05315b225c578052395ffd37,,ok,,2026-09-28T17:55:35Z,config/local_paths.yaml:literature_corpus_root
LIT-001576,3267100.json,3267100.json,.json,30297,c65dca56f674bc9e6b94a186a716daa6baf35a4ade5e1503b8ba91372e38b597,,ok,,2026-09-28T17:55:35Z,config/local_paths.yaml:literature_corpus_root
LIT-001577,32954200.json,32954200.json,.json,30255,d8a67dbb51c802931b2207fcb3e3b19e66d74a5aeb4d1bef975eeecd94cc12e7,,ok,,2026-09-28T17:55:35Z,config/local_paths.yaml:literature_corpus_root
LIT-001578,33016300.json,33016300.json,.json,43307,95c628982ce2569699649ae3f6ce22525c781db5d91a4428128a8f78d76f4abc,,ok,,2026-09-28T17:55:35Z,config/local_paths.yaml:literature_corpus_root
LIT-001579,33152300.json,33152300.json,.json,40510,0e6f156893a122e6f4958946ca74c6dbe7532b14e98db2864822ea55fe205cb7,,ok,,2026-09-28T17:55:35Z,config/local_paths.yaml:literature_corpus_root
LIT-001580,3315700.json,3315700.json,.json,65013,ccd00eea378328cf0b74e2da30646179c0679491bc5f355d60ee124318cc257e,,ok,,2026-09-28T17:55:35Z,config/local_paths.yaml:literature_corpus_root
LIT-001581,3321000.json,3321000.json,.json,29299,ee3e908f8cec2eb168ec44c17622f6721b96fa53cc595f0693cbf2219eccea62,,ok,,2026-09-28T17:55:35Z,config/local_paths.yaml:literature_corpus_root
LIT-001582,3330100.json,3330100.json,.json,25335,dda838802f958c6c416f3272776c4d1affd1a6cc596766ed0172a0386358e94a,,ok,,2026-09-28T17:55:35Z,config/local_paths.yaml:literature_corpus_root
LIT-001583,3336000.json,3336000.json,.json,46558,6b89152465f609822d23a8440db181f72ec825291717ea4780b3fd5c5322ad66,,ok,,2026-09-28T17:55:35Z,config/local_paths.yaml:literature_corpus_root
LIT-001584,334700.json,334700.json,.json,33895,63bbde938934698d950b71834822731c9064799db7293d3eca97a58b83c68762,,ok,,2026-09-28T17:55:35Z,config/local_paths.yaml:literature_corpus_root
LIT-001585,33543600.json,33543600.json,.json,56925,4fc102043bf9cc1188185c4391365adecad4dd862fbc5b82dbdbf2ecd8ce5578,,ok,,2026-09-28T17:55:35Z,config/local_paths.yaml:literature_corpus_root
LIT-001586,33678800.json,33678800.json,.json,45991,50d5e0b68ea54efaa8ac7d5238caf631874ee986d8e1901fd74ae1314dd7c360,,ok,,2026-09-28T17:55:35Z,config/local_paths.yaml:literature_corpus_root
LIT-001587,3377600.json,3377600.json,.json,34069,961c860abc583b8f3478dca9c7b07f89f677b11cbd29632ff0be5f70175702be,,ok,,2026-09-28T17:55:35Z,config/local_paths.yaml:literature_corpus_root
LIT-001588,3418700.json,3418700.json,.json,37922,020762ba1b8c62d3acf7a5603325146884309bfa38de8f5a5ab0938d88558cb6,,ok,,2026-09-28T17:55:35Z,config/local_paths.yaml:literature_corpus_root
LIT-001589,3494900.json,3494900.json,.json,18388,99b563338e6928e16b0277c42e8188ea5d6970b913125d6e106dc16494d08039,,ok,,2026-09-28T17:55:35Z,config/local_paths.yaml:literature_corpus_root
LIT-001590,35123300.json,35123300.json,.json,27931,e1a9561882effea51b4c3ea462540f84789ec1306b8fee18b6f5e397f7cbbe45,,ok,,2026-09-28T17:55:35Z,config/local_paths.yaml:literature_corpus_root
LIT-001591,35167300.json,35167300.json,.json,30927,283d996fe44f1bfd0f773f4a3ccb6318a96ec7f5b9135393aa1173992d69fe8e,,ok,,2026-09-28T17:55:35Z,config/local_paths.yaml:literature_corpus_root
LIT-001592,3536200.json,3536200.json,.json,22833,9bfeadea44b8db7448e9bfe52f8a626c1043006150e806388a1a3a5b810161b4,,ok,,2026-09-28T17:55:35Z,config/local_paths.yaml:literature_corpus_root
LIT-001593,35369300.json,35369300.json,.json,46820,3ea186bfa8955df7c8eba327b0566101b04f73f170d4fccce176e577deea4474,,ok,,2026-09-28T17:55:35Z,config/local_paths.yaml:literature_corpus_root
LIT-001594,36001200.json,36001200.json,.json,21509,ccbbc976fefd3389deebeb529ae6e8bbbe001566bd57ecf0df563d0773d62087,,ok,,2026-09-28T17:55:35Z,config/local_paths.yaml:literature_corpus_root
LIT-001595,3663400.json,3663400.json,.json,32033,1f6278441c5a8b8c9164cf457a27f48decb4ccf759f111f168a0177ba902c1ce,,ok,,2026-09-28T17:55:35Z,config/local_paths.yaml:literature_corpus_root
LIT-001596,3701500.json,3701500.json,.json,73306,3be6b31cc49413e40a75aaa3b00eb4f77dfb34816ea485bde53819144827bec7,,ok,,2026-09-28T17:55:35Z,config/local_paths.yaml:literature_corpus_root
LIT-001597,37338700.json,37338700.json,.json,22986,a22d79b9caea87ec9ad1a0d765981a14a9781819e6f413c297666fbc160b5d4d,,ok,,2026-09-28T17:55:35Z,config/local_paths.yaml:literature_corpus_root
LIT-001598,38059000.json,38059000.json,.json,29342,7d2571c5919d9d37bb602ff4db6b3ef85deabc6adbec3cb40e2cafeb1c261bca,,ok,,2026-09-28T17:55:35Z,config/local_paths.yaml:literature_corpus_root
LIT-001599,3818500.json,3818500.json,.json,68581,0ab6f83dedc828421e3e885545e779c0ba0e28c810d3c99ef0239b82ae0bf4c1,,ok,,2026-09-28T17:55:35Z,config/local_paths.yaml:literature_corpus_root
LIT-001600,3818900.json,3818900.json,.json,38397,f929016275a98fed751a6a420fc8fa649906ce3d4f966871388c8de4bcabb060,,ok,,2026-09-28T17:55:35Z,config/local_paths.yaml:literature_corpus_root
LIT-001601,38373400.json,38373400.json,.json,25322,a8121787a2fb05978dfc9b52849a7cc37cfb79825e9f1f1bd02d0ae903f50d29,,ok,,2026-09-28T17:55:35Z,config/local_paths.yaml:literature_corpus_root
LIT-001602,385000.json,385000.json,.json,39179,50e14553a9871670bae0270642768d3c5534a66b8576ea3efe4a74f2143c8d16,,ok,,2026-09-28T17:55:35Z,config/local_paths.yaml:literature_corpus_root
LIT-001603,38926400.json,38926400.json,.json,64895,27d292b7902da27509da1944e4b2c2790ee6745df658240ebd0b6d1d65694a79,,ok,,2026-09-28T17:55:35Z,config/local_paths.yaml:literature_corpus_root
LIT-001604,3926800.json,3926800.json,.json,44455,4ce66ca0f1d256d7e208382fa208715a3eb1ef1752411279a1087ce5eb1315ce,,ok,,2026-09-28T17:55:35Z,config/local_paths.yaml:literature_corpus_root
LIT-001605,39341000.json,39341000.json,.json,34385,be686d890149723d21f604f5b188b395b720d8c7a272d38ac1c2478d8b45fef3,,ok,,2026-09-28T17:55:35Z,config/local_paths.yaml:literature_corpus_root
LIT-001606,39729500.json,39729500.json,.json,45182,d88c5737ddeeb7cac013a2961fa865989df8061a81fbbdea52c7b8a24939fa2f,,ok,,2026-09-28T17:55:35Z,config/local_paths.yaml:literature_corpus_root
LIT-001607,39790500.json,39790500.json,.json,11876,84b389069ace16272aa130cc10f12620bf48d6a84d259e9a5b63d9d010630f70,,ok,,2026-09-28T17:55:35Z,config/local_paths.yaml:literature_corpus_root
LIT-001608,39891600.json,39891600.json,.json,19378,ee69c1595e3abcc3e40a7ded07a308a65502b5e7da02bf5dc8f4287c323f544f,,ok,,2026-09-28T17:55:35Z,config/local_paths.yaml:literature_corpus_root
LIT-001609,39920900.json,39920900.json,.json,38975,6fc47ee4a0a246f61a034b1168102561d3736222eafb3c01341dbc73f51754ef,,ok,,2026-09-28T17:55:35Z,config/local_paths.yaml:literature_corpus_root
LIT-001610,4059000.json,4059000.json,.json,48279,17ca13980d24be2d3cadca3b85531ebd00ef56feb3a08951d3e05353f02d3eea,,ok,,2026-09-28T17:55:35Z,config/local_paths.yaml:literature_corpus_root
LIT-001611,40633700.json,40633700.json,.json,45016,7738f0c40d9bdf0178e3c1f42fe46a3e6c6889678f1df0f160b393494a03cb96,,ok,,2026-09-28T17:55:35Z,config/local_paths.yaml:literature_corpus_root
LIT-001612,4088200.json,4088200.json,.json,27479,3909ce5d5caba707ce8a6b0dc384ab35b6eee05a8974be3a82008ae8ec787212,,ok,,2026-09-28T17:55:35Z,config/local_paths.yaml:literature_corpus_root
LIT-001613,41273300.json,41273300.json,.json,45195,6b33408072820044e42cbef245ca4bd40701513f18bba5c1a614f90fdf980504,,ok,,2026-09-28T17:55:35Z,config/local_paths.yaml:literature_corpus_root
LIT-001614,415600.json,415600.json,.json,23774,993d685d1933cc831eb80b76915cbdbddd376957cba618807af382b4244f3c54,,ok,,2026-09-28T17:55:35Z,config/local_paths.yaml:literature_corpus_root
LIT-001615,4161600.json,4161600.json,.json,30734,ff118d8a209ad37a522cce2753a9b0c3554cdec8e1115dda39fbfae6a5985933,,ok,,2026-09-28T17:55:35Z,config/local_paths.yaml:literature_corpus_root
LIT-001616,43125100.json,43125100.json,.json,27512,c85cc4d792d17b2947f57076c0f73eea69bd3763106e8c81d0a0cd70e8bdea7e,,ok,,2026-09-28T17:55:35Z,config/local_paths.yaml:literature_corpus_root
LIT-001617,43860300.json,43860300.json,.json,40504,29fe979b58240fae267771586ce9052d7659b5a5684a7621002e9d607f3625dd,,ok,,2026-09-28T17:55:35Z,config/local_paths.yaml:literature_corpus_root
LIT-001618,44155600.json,44155600.json,.json,38589,de1e7d48f57a34966d45a62b7cb2af634cda8b073c256bc9fe6ebcdf50079122,,ok,,2026-09-28T17:55:35Z,config/local_paths.yaml:literature_corpus_root
LIT-001619,4435000.json,4435000.json,.json,34961,22581149b19082e82b1b765d6487149deea33be09c7b602175ac0ff3fc88eeac,,ok,,2026-09-28T17:55:35Z,config/local_paths.yaml:literature_corpus_root
LIT-001620,452100.json,452100.json,.json,27859,31e6dcc740aaf34b165d9dc9c5dab7b73c79e40ca1e6d0dda8b869e1f617c5ae,,ok,,2026-09-28T17:55:35Z,config/local_paths.yaml:literature_corpus_root
LIT-001621,4544900.json,4544900.json,.json,50622,66d878cc149e68562f7d3b8b6536c1d2e81666e27317b66440d5f80cc035a032,,ok,,2026-09-28T17:55:35Z,config/local_paths.yaml:literature_corpus_root
LIT-001622,4572300.json,4572300.json,.json,52722,f4276fc3c94df787eabca127ca5f58c0014afc59148c3b0729a8e868fd1f5ddf,,ok,,2026-09-28T17:55:35Z,config/local_paths.yaml:literature_corpus_root
LIT-001623,4575600.json,4575600.json,.json,42491,1324ae589922bfdc2f1621df07b41af92253db284f268b6e1c75d921b0945a16,,ok,,2026-09-28T17:55:35Z,config/local_paths.yaml:literature_corpus_root
LIT-001624,4628300.json,4628300.json,.json,22672,095b1f3b700947ef7cb652ce2978617e5f68455ffe54b7f7a14e675a7ca61bc6,,ok,,2026-09-28T17:55:35Z,config/local_paths.yaml:literature_corpus_root
LIT-001625,46482900.json,46482900.json,.json,30267,7bf9bed199363d30e0ba7eedec3184e223914c6caa8fb142aa5e154ff538f56c,,ok,,2026-09-28T17:55:35Z,config/local_paths.yaml:literature_corpus_root
LIT-001626,46568200.json,46568200.json,.json,31412,9826acc76bb503eb51873deaa5c55fae15810667f4dca1d9c2baf37dae5d4768,,ok,,2026-09-28T17:55:35Z,config/local_paths.yaml:literature_corpus_root
LIT-001627,4675900.json,4675900.json,.json,34379,de376723778d4f608a212c4fa46ed1d65fe27a84d58ab0f95eb82c069f9e798e,,ok,,2026-09-28T17:55:35Z,config/local_paths.yaml:literature_corpus_root
LIT-001628,46808300.json,46808300.json,.json,44596,a506865879a8d5e872637cd67b4640d6d80dace60e9db0958bf36d6ef436c47a,,ok,,2026-09-28T17:55:35Z,config/local_paths.yaml:literature_corpus_root
LIT-001629,46889600.json,46889600.json,.json,45892,cb642f433e34fac2cce88b2c52b31a90817f70bf55f356382db15d368371a591,,ok,,2026-09-28T17:55:35Z,config/local_paths.yaml:literature_corpus_root
LIT-001630,46932000.json,46932000.json,.json,22211,d155af0082734f6c14974de0db1fa4befaea4fc7b630570e3ab18e9b1240abdd,,ok,,2026-09-28T17:55:35Z,config/local_paths.yaml:literature_corpus_root
LIT-001631,47012800.json,47012800.json,.json,32072,6f59c51d89771814048fcedebd2cd531284604af90fafc274c9adb174951c500,,ok,,2026-09-28T17:55:35Z,config/local_paths.yaml:literature_corpus_root
LIT-001632,4714800.json,4714800.json,.json,37629,c95c54a3878ad1a19f9cd97ce08bdf3625257b8f15bf612f9f624c8bdc41a945,,ok,,2026-09-28T17:55:35Z,config/local_paths.yaml:literature_corpus_root
LIT-001633,4755900.json,4755900.json,.json,44070,6e69bdaa6b5d84809961d579eb4a86119afbc22a5748872fc2cbf10109c5c52b,,ok,,2026-09-28T17:55:35Z,config/local_paths.yaml:literature_corpus_root
LIT-001634,479300.json,479300.json,.json,57593,7266910a29e0eedd4a6519716b91ff7c5f179ab9be0931a5082ca4cd4ecde0be,,ok,,2026-09-28T17:55:35Z,config/local_paths.yaml:literature_corpus_root
LIT-001635,4828900.json,4828900.json,.json,51014,194f51db4eab9644898fc67f48db86d85974d81393bcff17d72b195f33f4943d,,ok,,2026-09-28T17:55:35Z,config/local_paths.yaml:literature_corpus_root
LIT-001636,4832000.json,4832000.json,.json,65034,100c90ac4562ec20751a6569b851781a1e6145735cafeb7393c85c2e81802977,,ok,,2026-09-28T17:55:35Z,config/local_paths.yaml:literature_corpus_root
LIT-001637,4882700.json,4882700.json,.json,39995,e070b8fc272e34079780d284d6f759c4389a6b9f00746ff4e604d7330662aaf1,,ok,,2026-09-28T17:55:35Z,config/local_paths.yaml:literature_corpus_root
LIT-001638,49238200.json,49238200.json,.json,26444,aeb69a304f55df54feac068fd007ece9c41a95cb8a76aa5a895b5177dba27109,,ok,,2026-09-28T17:55:35Z,config/local_paths.yaml:literature_corpus_root
LIT-001639,49321900.json,49321900.json,.json,28146,b75a111ac62e42075b27c7678d2aa84be27535624d3649633568615e40006e85,,ok,,2026-09-28T17:55:35Z,config/local_paths.yaml:literature_corpus_root
LIT-001640,49484300.json,49484300.json,.json,34404,ac671c944447bc47e6fb6b96efefa7c8d886b1882ba9940a4572ab12aeec6468,,ok,,2026-09-28T17:55:35Z,config/local_paths.yaml:literature_corpus_root
LIT-001641,49529700.json,49529700.json,.json,71100,ed2840dfb1c6338d6a388283102fe83eece8e906408767eb9a172387d1d1fd3c,,ok,,2026-09-28T17:55:35Z,config/local_paths.yaml:literature_corpus_root
LIT-001642,49562500.json,49562500.json,.json,21975,f41a562c92e736bd03e18fa8a959ab2dcbd6141757dde63bed3b0cb8192e46c6,,ok,,2026-09-28T17:55:35Z,config/local_paths.yaml:literature_corpus_root
LIT-001643,49567100.json,49567100.json,.json,13841,60be3ae2f54bfba66ab1b24f0520057ea9386f15e14f106f9b27957be966e497,,ok,,2026-09-28T17:55:35Z,config/local_paths.yaml:literature_corpus_root
LIT-001644,49571300.json,49571300.json,.json,56869,fa8f151fa36fbf0c196ad2bb0f8bea4b2d95718eccb22a58a4f9219bf4b1ed3e,,ok,,2026-09-28T17:55:35Z,config/local_paths.yaml:literature_corpus_root
LIT-001645,49671900.json,49671900.json,.json,42956,29e4cacd2b8ce6ad40acf19f97204daa21122e8c87858fb523956e8a77878d39,,ok,,2026-09-28T17:55:35Z,config/local_paths.yaml:literature_corpus_root
LIT-001646,49887600.json,49887600.json,.json,50668,15154e5e1cf555066bef7d7feaba3a98b666f440e5c9705a274b89778f73eaa5,,ok,,2026-09-28T17:55:35Z,config/local_paths.yaml:literature_corpus_root
LIT-001647,5020400.json,5020400.json,.json,61121,9c045c32261f5173c83f3022e15015916e5b3d2f44439aa17344f275c4ae85ab,,ok,,2026-09-28T17:55:35Z,config/local_paths.yaml:literature_corpus_root
LIT-001648,5022300.json,5022300.json,.json,36052,ed5c67a58345252d7807f4a4a2084459c9f3667956f37ffdd017b49ab73d1aec,,ok,,2026-09-28T17:55:35Z,config/local_paths.yaml:literature_corpus_root
LIT-001649,5031900.json,5031900.json,.json,26443,28895e54026b8fb608bb6b364375697dfba8c6bf9b5cba4560066d86e72b9e5b,,ok,,2026-09-28T17:55:35Z,config/local_paths.yaml:literature_corpus_root
LIT-001650,5112500.json,5112500.json,.json,55542,0b2d98b5988cbbd527683b21d9855a42ba0970920b451e357dc1f01d1685de34,,ok,,2026-09-28T17:55:35Z,config/local_paths.yaml:literature_corpus_root
LIT-001651,51830900.json,51830900.json,.json,40870,51ebb34974b40bcb39c1c9eefabe4ca3ced653a7a0b6e887b55ab38744d25660,,ok,,2026-09-28T17:55:35Z,config/local_paths.yaml:literature_corpus_root
LIT-001652,51834900.json,51834900.json,.json,75813,f38e37cca2b6a8c015cf0fd5af0538da80fa9702935fbc34ecac27ca6158c9e4,,ok,,2026-09-28T17:55:35Z,config/local_paths.yaml:literature_corpus_root
LIT-001653,51835900.json,51835900.json,.json,15089,64540f719ed88cbe53738a622c5dedda6d2b255d74551a729d850ac390e997d3,,ok,,2026-09-28T17:55:35Z,config/local_paths.yaml:literature_corpus_root
LIT-001654,51837500.json,51837500.json,.json,31099,a615bd5ca4f527f39addec4d3423effdbff3871b8045db32ecee4987b80f1adf,,ok,,2026-09-28T17:55:35Z,config/local_paths.yaml:literature_corpus_root
LIT-001655,51919000.json,51919000.json,.json,168673,ec33fc8790a71eabc5bfb269a7786712d63595d5822e5e40348b35e2533342c0,,ok,,2026-09-28T17:55:35Z,config/local_paths.yaml:literature_corpus_root
LIT-001656,51965700.json,51965700.json,.json,49611,fb6e37ba1907bac172422b3719c65da39e33f2b174dab039f7d07bad4af94153,,ok,,2026-09-28T17:55:35Z,config/local_paths.yaml:literature_corpus_root
LIT-001657,51965800.json,51965800.json,.json,62724,77d555c0f072f99dd0456cd435afce1a6776e2988a1d75f266642d355adfe88c,,ok,,2026-09-28T17:55:35Z,config/local_paths.yaml:literature_corpus_root
LIT-001658,51986600.json,51986600.json,.json,9979,890d778f77afb7e862f86a373d825e6cf2a16569b214299bdf08f2e371db06e1,,ok,,2026-09-28T17:55:35Z,config/local_paths.yaml:literature_corpus_root
LIT-001659,52174500.json,52174500.json,.json,93234,2da5247f9e07e339dc604f1adf1270028723d73162e5f72dea460b1c6f7e6e4f,,ok,,2026-09-28T17:55:35Z,config/local_paths.yaml:literature_corpus_root
LIT-001660,52193800.json,52193800.json,.json,32768,bcc3caac13777a99cf767448db088f008ca3c33d5be6a83ce52c54a908aa1c5f,,ok,,2026-09-28T17:55:35Z,config/local_paths.yaml:literature_corpus_root
LIT-001661,52243900.json,52243900.json,.json,27879,f4d64c6d4d6d75aa24d5cbf8d55fad3e9090cc86c191e9d20fa18720b4039c76,,ok,,2026-09-28T17:55:35Z,config/local_paths.yaml:literature_corpus_root
LIT-001662,52277700.json,52277700.json,.json,53714,6cee1da09963b936eeb901a40078ab702b572f07287e1dbfe0299259964a7fd5,,ok,,2026-09-28T17:55:35Z,config/local_paths.yaml:literature_corpus_root
LIT-001663,52311100.json,52311100.json,.json,29834,3f5df5b8072a7e9d05beb4a9dc17b8b4721c4062e015db92d9e2fc786ec79c68,,ok,,2026-09-28T17:55:35Z,config/local_paths.yaml:literature_corpus_root
LIT-001664,5261200.json,5261200.json,.json,52129,a464e379a0d76cb1c734f3a644e9bb8ed097edb2d2204b2af9211e5edb1d6154,,ok,,2026-09-28T17:55:35Z,config/local_paths.yaml:literature_corpus_root
LIT-001665,52817000.json,52817000.json,.json,32201,80e62317c58095f261a509c87c0377ec76e13271124f17781ca0f009be61ea07,,ok,,2026-09-28T17:55:35Z,config/local_paths.yaml:literature_corpus_root
LIT-001666,52825600.json,52825600.json,.json,12587,ba48913bb88d59c2a58548266accabb88bce191b8fdd0f65b6cc65011d852d02,,ok,,2026-09-28T17:55:35Z,config/local_paths.yaml:literature_corpus_root
LIT-001667,52939600.json,52939600.json,.json,32890,6cbcaba6bb8cd962fac9eec303ae14c8626809b9e51b4f3866bde02eb97c5dea,,ok,,2026-09-28T17:55:35Z,config/local_paths.yaml:literature_corpus_root
LIT-001668,53028000.json,53028000.json,.json,30699,3815b59d21673b8021595e9b48b3aeb9d8830ca245be04dbf6cc809e20247b19,,ok,,2026-09-28T17:55:35Z,config/local_paths.yaml:literature_corpus_root
LIT-001669,53069500.json,53069500.json,.json,39338,4233eca839fe99d52d6a7f1f8e95acd64f4f5dc38a72c924e27fe0fab5b65fa6,,ok,,2026-09-28T17:55:35Z,config/local_paths.yaml:literature_corpus_root
LIT-001670,53071300.json,53071300.json,.json,38580,f04569cac26ba7fcefb8c0b9f0966d41581c715609d62b06ebe3fbb213c4ced1,,ok,,2026-09-28T17:55:35Z,config/local_paths.yaml:literature_corpus_root
LIT-001671,53120400.json,53120400.json,.json,47563,229dd41fc1444e581798be2dafdaa7ba8cf83c02d4afb000dda4c55e05aa4220,,ok,,2026-09-28T17:55:35Z,config/local_paths.yaml:literature_corpus_root
LIT-001672,53339200.json,53339200.json,.json,36978,3c2d5bd5cb8aafe6a5b51eed4f0ad9fd47de9e3bf985275da7ef0d843551ea67,,ok,,2026-09-28T17:55:35Z,config/local_paths.yaml:literature_corpus_root
LIT-001673,53381100.json,53381100.json,.json,52986,c76dc9f5c437703f7ddaad9a0fc2c5d9d27389fa0cc3827d8eae154b38bab841,,ok,,2026-09-28T17:55:35Z,config/local_paths.yaml:literature_corpus_root
LIT-001674,53401300.json,53401300.json,.json,37261,12879e46dfa13bbbd1cb9b4a59ba9411f9f2f256e4ced79fd309830e5d3f1303,,ok,,2026-09-28T17:55:35Z,config/local_paths.yaml:literature_corpus_root
LIT-001675,53402400.json,53402400.json,.json,46308,cf908fcac5d0daba20ef2aa420f3aff2791bb1e7eac9221ec0fe7342e79da812,,ok,,2026-09-28T17:55:35Z,config/local_paths.yaml:literature_corpus_root
LIT-001676,53463000.json,53463000.json,.json,20242,13cb1b04fc65dce16093d72f86f6c2e47cf2eb8fd16a612d52b70f98adcc1135,,ok,,2026-09-28T17:55:35Z,config/local_paths.yaml:literature_corpus_root
LIT-001677,53486400.json,53486400.json,.json,33854,4e991c8020e46603ddad7cfacfd26dc55abd7cf67c38733d86346d77ebe8a59c,,ok,,2026-09-28T17:55:35Z,config/local_paths.yaml:literature_corpus_root
LIT-001678,53490100.json,53490100.json,.json,37349,8b06ffe3434f0999b2c91077024e6ec02187b7a9dcf9f074fadcf7b02f0d69e0,,ok,,2026-09-28T17:55:35Z,config/local_paths.yaml:literature_corpus_root
LIT-001679,53513200.json,53513200.json,.json,63247,f1c476a43595bc9eb82bdefc15a67382f66ba23a45e69a36c675e6a25257a592,,ok,,2026-09-28T17:55:35Z,config/local_paths.yaml:literature_corpus_root
LIT-001680,53520300.json,53520300.json,.json,54144,055169e41f26d37913e9deb59d96c379f5bcfb1c7a1d49c0f29efb3142d9cf29,,ok,,2026-09-28T17:55:35Z,config/local_paths.yaml:literature_corpus_root
LIT-001681,53534800.json,53534800.json,.json,70051,7b7d7a278bcab3507112517c585405c950ea79392faf08abb7927d1fb6f953a6,,ok,,2026-09-28T17:55:35Z,config/local_paths.yaml:literature_corpus_root
LIT-001682,53582200.json,53582200.json,.json,34270,7f90b095894ff47befa8ad2cfece427bbad08aa8bd8456adfaba2271340a81f3,,ok,,2026-09-28T17:55:35Z,config/local_paths.yaml:literature_corpus_root
LIT-001683,53589000.json,53589000.json,.json,53472,306929860129f9d11a77788119582b0e300246c6bb64e7a06c10539f92d843fc,,ok,,2026-09-28T17:55:35Z,config/local_paths.yaml:literature_corpus_root
LIT-001684,53608300.json,53608300.json,.json,29080,4c4562cf5333dbcd6e3724016683a6f9d4d116607b30470275a7861bd731a1a3,,ok,,2026-09-28T17:55:35Z,config/local_paths.yaml:literature_corpus_root
LIT-001685,53613900.json,53613900.json,.json,41446,e5dc93b1ba3967cbf3f6e4b2360c670bc9fe15719d71c3c0e914e204f92e24e0,,ok,,2026-09-28T17:55:35Z,config/local_paths.yaml:literature_corpus_root
LIT-001686,53664300.json,53664300.json,.json,24574,10d62b77e320fc37ba1f35f08d29c84487519faaf95331108132bfbe7199f5f6,,ok,,2026-09-28T17:55:35Z,config/local_paths.yaml:literature_corpus_root
LIT-001687,53669000.json,53669000.json,.json,30213,7b78a7a28ff05a99c4639d66d3560a4e1ac0b5f256e8ef27e27bdafb7470ed41,,ok,,2026-09-28T17:55:35Z,config/local_paths.yaml:literature_corpus_root
LIT-001688,53694400.json,53694400.json,.json,34745,2a8a80acaf8b010e7cc6083b2c4f9099e477e2d9a3f95b15ffcb8e9ac27133ea,,ok,,2026-09-28T17:55:35Z,config/local_paths.yaml:literature_corpus_root
LIT-001689,53695600.json,53695600.json,.json,55973,a49b0deb6949ac11c2dd10b51619d0989fe47f556fe4d1173b1be14012a0785b,,ok,,2026-09-28T17:55:35Z,config/local_paths.yaml:literature_corpus_root
LIT-001690,53699400.json,53699400.json,.json,27592,efad20c7a488a590e435f34e397a149baf4f415d9b23aa7f0328fac0b9b79ff1,,ok,,2026-09-28T17:55:35Z,config/local_paths.yaml:literature_corpus_root
LIT-001691,53942400.json,53942400.json,.json,13349,3721dcadab29831baac515fb1b70e1fbaa750fbc317c65652ebc87124af11cba,,ok,,2026-09-28T17:55:35Z,config/local_paths.yaml:literature_corpus_root
LIT-001692,53943300.json,53943300.json,.json,85198,fee7f4db671b556df36410bd3c3a6d30a6edd43f992bce5032d0c36f8a160a6c,,ok,,2026-09-28T17:55:35Z,config/local_paths.yaml:literature_corpus_root
LIT-001693,53957700.json,53957700.json,.json,125960,5aebd859708dc6143693eb48c15951b205afe7f1b15c90bf78e02273b5e30a90,,ok,,2026-09-28T17:55:35Z,config/local_paths.yaml:literature_corpus_root
LIT-001694,53970900.json,53970900.json,.json,58468,b7e4939a906845a62899bc1c7ca67c32492f1eef79dde6d1f6d580633eff7565,,ok,,2026-09-28T17:55:35Z,config/local_paths.yaml:literature_corpus_root
LIT-001695,53982700.json,53982700.json,.json,30231,f19b954337198c4669002a4088895ce3202fd3a4652ee80f1ed094a43bde4eb4,,ok,,2026-09-28T17:55:35Z,config/local_paths.yaml:literature_corpus_root
LIT-001696,54046200.json,54046200.json,.json,34876,72208fef482bb1f50c136f3e580626a2983a8bc151feffbd462a153993553013,,ok,,2026-09-28T17:55:35Z,config/local_paths.yaml:literature_corpus_root
LIT-001697,54052300.json,54052300.json,.json,22350,1d543aca3880bbf2fce6f3981bdf45263d0a24ccbf3ecf79b09ca331a15f0fc6,,ok,,2026-09-28T17:55:35Z,config/local_paths.yaml:literature_corpus_root
LIT-001698,54063400.json,54063400.json,.json,15940,1240b01662f9dfec69cc9e80feda6399f4295cf4a8c29d26e6c214255f7ee6ac,,ok,,2026-09-28T17:55:35Z,config/local_paths.yaml:literature_corpus_root
LIT-001699,54080100.json,54080100.json,.json,124089,09c20296de79fc879f5b18e570369d33c7814144abdefad843265fea359a1988,,ok,,2026-09-28T17:55:35Z,config/local_paths.yaml:literature_corpus_root
LIT-001700,54083300.json,54083300.json,.json,15187,4fa455721e72600cbe304d478945c31a6478772375f262afc0931c3e240995d6,,ok,,2026-09-28T17:55:35Z,config/local_paths.yaml:literature_corpus_root
LIT-001701,54172400.json,54172400.json,.json,13260,6af24ee1f2cbe0d607d9997a5a37245ae0cf684a5f156ff9be7371129174d94c,,ok,,2026-09-28T17:55:35Z,config/local_paths.yaml:literature_corpus_root
LIT-001702,54178000.json,54178000.json,.json,30843,53a81df676e64e0822bd5c4e1c8361cc2ec3fa6e3d9c8832d4381879f3e4eb8c,,ok,,2026-09-28T17:55:35Z,config/local_paths.yaml:literature_corpus_root
LIT-001703,54181100.json,54181100.json,.json,33057,9f30e79816348ed965a85d4868f2290b5d1c8b06ae632470787ab1fe3ca04efe,,ok,,2026-09-28T17:55:35Z,config/local_paths.yaml:literature_corpus_root
LIT-001704,54189400.json,54189400.json,.json,156262,14974ea8cfece3294b436310b58a514466d3806ab3250872fa4e1b9b97e2facb,,ok,,2026-09-28T17:55:35Z,config/local_paths.yaml:literature_corpus_root
LIT-001705,54210200.json,54210200.json,.json,16733,f505aa3aac1b4a210c3ac0c0ba432cb1ca7dcdbdb7033144741dc2c0b9f87455,,ok,,2026-09-28T17:55:35Z,config/local_paths.yaml:literature_corpus_root
LIT-001706,54218300.json,54218300.json,.json,21174,3663112a0154fd89d3bfbedc0fbe9d1cab27820904ccf8ef9f7e5e64c99f1172,,ok,,2026-09-28T17:55:35Z,config/local_paths.yaml:literature_corpus_root
LIT-001707,54224600.json,54224600.json,.json,21844,c0e91bd0034fc2cf142edf05d4c8ecafc0d307e28bc8069fb8f9f4f95ef78f7c,,ok,,2026-09-28T17:55:35Z,config/local_paths.yaml:literature_corpus_root
LIT-001708,54448400.json,54448400.json,.json,56948,380fd5865beed359bc861fbe555ee3875ea9c5bb311308e51c9b4d61f4709bf0,,ok,,2026-09-28T17:55:35Z,config/local_paths.yaml:literature_corpus_root
LIT-001709,54516200.json,54516200.json,.json,55998,dc5f23fe3ea6caf2c7eca26105f2ceab110d71b3f31d0690c2f1eab8c489b872,,ok,,2026-09-28T17:55:35Z,config/local_paths.yaml:literature_corpus_root
LIT-001710,54534500.json,54534500.json,.json,17431,c0d56c782dee9b199690898c2518034d4db9ae22e61a4d140503733349353b30,,ok,,2026-09-28T17:55:35Z,config/local_paths.yaml:literature_corpus_root
LIT-001711,54542600.json,54542600.json,.json,47805,349af8bb393c4f6bb71fab7261853a98cfcf8f57c38152013994f65a0cf27fe8,,ok,,2026-09-28T17:55:35Z,config/local_paths.yaml:literature_corpus_root
LIT-001712,54583100.json,54583100.json,.json,90739,d55df49c64ff81b838ddd0954210625a6250363babbaacc03a776db4b0d3fc4a,,ok,,2026-09-28T17:55:35Z,config/local_paths.yaml:literature_corpus_root
LIT-001713,54595900.json,54595900.json,.json,17196,8e0a849ed8de5ea15d90aad5644e5693dc8d7b6b2fe19306f2e33a06167d5927,,ok,,2026-09-28T17:55:35Z,config/local_paths.yaml:literature_corpus_root
LIT-001714,54601500.json,54601500.json,.json,71160,053cac498acdc5f597819e7ff4b57c9daad1791e2f0f52d0ee18fe64bb8aa25e,,ok,,2026-09-28T17:55:35Z,config/local_paths.yaml:literature_corpus_root
LIT-001715,54613100.json,54613100.json,.json,69941,e7089d5784363862c47557cfaabe34ff68ba5466725ffa8a7db94be9fd1e20e8,,ok,,2026-09-28T17:55:35Z,config/local_paths.yaml:literature_corpus_root
LIT-001716,54653000.json,54653000.json,.json,62778,67f05843b8ca667c3935b9f9ffb6d9f1d1705d4d38c8bc5f92618a73d3c1401a,,ok,,2026-09-28T17:55:35Z,config/local_paths.yaml:literature_corpus_root
LIT-001717,54661400.json,54661400.json,.json,11992,f85342b51d82c6ebd200eb4d467b18f091c294abf26ef873cf56761bc37f3ce0,,ok,,2026-09-28T17:55:35Z,config/local_paths.yaml:literature_corpus_root
LIT-001718,54683100.json,54683100.json,.json,55536,b9e376afad474f5fb6b03af0b2e9173463470e66ca1c483f70229a79f3f44657,,ok,,2026-09-28T17:55:35Z,config/local_paths.yaml:literature_corpus_root
LIT-001719,54699500.json,54699500.json,.json,23059,d6df1fb5489e58774e7ec589539ff38f7de7c2eaad528b6acec74b5951877a11,,ok,,2026-09-28T17:55:35Z,config/local_paths.yaml:literature_corpus_root
LIT-001720,54718800.json,54718800.json,.json,10362,a87f070eff526035bbc3df9b94dcfe0949264f9451855a41c5ead56ee56dc933,,ok,,2026-09-28T17:55:35Z,config/local_paths.yaml:literature_corpus_root
LIT-001721,54733000.json,54733000.json,.json,27135,bee0e16eca17dbd317c1b06c0b339b89033cc18ef8ce763f6d89d6c7ced74d40,,ok,,2026-09-28T17:55:35Z,config/local_paths.yaml:literature_corpus_root
LIT-001722,54781300.json,54781300.json,.json,61246,b666de02fbf41531b9e050ab446333aee4465a4e4e5ffa431deaf2de4a67a41d,,ok,,2026-09-28T17:55:35Z,config/local_paths.yaml:literature_corpus_root
LIT-001723,54837000.json,54837000.json,.json,41677,ac092ab078637a5897640d069695fa45aec768a778dbc57f3b221a4944783525,,ok,,2026-09-28T17:55:35Z,config/local_paths.yaml:literature_corpus_root
LIT-001724,5487900.json,5487900.json,.json,54195,5da3021a27bb36999462e5ca1cf5112482760c720b331355ba250554a384edd5,,ok,,2026-09-28T17:55:35Z,config/local_paths.yaml:literature_corpus_root
LIT-001725,54887700.json,54887700.json,.json,47325,76a687e85d342677d96fe56c12fc35983bd29111f6a95f5b0291803bb45427a5,,ok,,2026-09-28T17:55:35Z,config/local_paths.yaml:literature_corpus_root
LIT-001726,54890800.json,54890800.json,.json,47526,e6b1c5426102917912aefaac6c063efcca4777fab7364b592fc3a014c601cf6d,,ok,,2026-09-28T17:55:35Z,config/local_paths.yaml:literature_corpus_root
LIT-001727,54895400.json,54895400.json,.json,63116,0073bba44080c484ff3b0c89718ef5ed788a33d97f23089a834f364a018ee025,,ok,,2026-09-28T17:55:35Z,config/local_paths.yaml:literature_corpus_root
LIT-001728,54916200.json,54916200.json,.json,33454,9e62526219905b81dfe2d52c69423cab589f40a88c9cb86d4165aaf7cbbb7744,,ok,,2026-09-28T17:55:35Z,config/local_paths.yaml:literature_corpus_root
LIT-001729,54919200.json,54919200.json,.json,44070,80186e88085bc2691a619bc4dff85899b8da280a99a24efe7dd0772c8124f7b8,,ok,,2026-09-28T17:55:35Z,config/local_paths.yaml:literature_corpus_root
LIT-001730,54945900.json,54945900.json,.json,54961,6fb4d6ec8fdb99669fbd3e36e4594d0a419c912eef6813aeadbd7521ced78e62,,ok,,2026-09-28T17:55:35Z,config/local_paths.yaml:literature_corpus_root
LIT-001731,54946700.json,54946700.json,.json,68361,d6c4b26ba5ae70e48d003674b0f71b3a6cddf01396200344d31ab1b970f4f056,,ok,,2026-09-28T17:55:35Z,config/local_paths.yaml:literature_corpus_root
LIT-001732,54951300.json,54951300.json,.json,37635,16e59e0c6be379a749f84398b394f241364a530d4ea9db434dcfd4e77af99577,,ok,,2026-09-28T17:55:35Z,config/local_paths.yaml:literature_corpus_root
LIT-001733,54971600.json,54971600.json,.json,17727,f350d29089cd8ac2467f4f3df923d01de6ba33331e5be590439bad6b47d35bab,,ok,,2026-09-28T17:55:35Z,config/local_paths.yaml:literature_corpus_root
LIT-001734,54988300.json,54988300.json,.json,13215,51daf3c67ec72f7de2495858e0e7399b316b6a34d2240580c75f74d882d1f20c,,ok,,2026-09-28T17:55:35Z,config/local_paths.yaml:literature_corpus_root
LIT-001735,55020000.json,55020000.json,.json,36203,1c46e4628b7b5a8dbec187bceaa8468e5a03f5015a589bec3380d072e0554573,,ok,,2026-09-28T17:55:35Z,config/local_paths.yaml:literature_corpus_root
LIT-001736,55033100.json,55033100.json,.json,16479,83d4ecd30f5ae7cdc505ece84f273abda784ae8fc3596d240664002708225dbb,,ok,,2026-09-28T17:55:35Z,config/local_paths.yaml:literature_corpus_root
LIT-001737,55059200.json,55059200.json,.json,25482,7e73475678cc406c56d18f5a557579f8ebeff2c2561090a6d3051a9f30b43a08,,ok,,2026-09-28T17:55:35Z,config/local_paths.yaml:literature_corpus_root
LIT-001738,55065500.json,55065500.json,.json,11208,ffaca4caf9bb50a707d27211a4700b366f36c8dc0e85cfa903a61c7918b5da8b,,ok,,2026-09-28T17:55:35Z,config/local_paths.yaml:literature_corpus_root
LIT-001739,55077000.json,55077000.json,.json,93474,b0d1c792137da9bbd908d267736485db7c539938a1468565e60aafccc67ed6c1,,ok,,2026-09-28T17:55:35Z,config/local_paths.yaml:literature_corpus_root
LIT-001740,55108000.json,55108000.json,.json,14650,4ca3d2738e48ea4c1322196ac1f23de8369b1e70b9b3fb12ed30656b11293473,,ok,,2026-09-28T17:55:35Z,config/local_paths.yaml:literature_corpus_root
LIT-001741,55114200.json,55114200.json,.json,25146,5c1c4b583a47517b0dbc6c56ff67969ea8a297b22462cba03d87acc3e0ceebdb,,ok,,2026-09-28T17:55:35Z,config/local_paths.yaml:literature_corpus_root
LIT-001742,55122900.json,55122900.json,.json,48475,a804b28ba9c2401ec8e6bcb9ad7fa647603d9e367192a664f3f48c0a3d9addf6,,ok,,2026-09-28T17:55:35Z,config/local_paths.yaml:literature_corpus_root
LIT-001743,55165100.json,55165100.json,.json,56171,5993f78c3e88e788fff4aa28d5fba845e29eb81107be6f46d8548030d6b1fc24,,ok,,2026-09-28T17:55:35Z,config/local_paths.yaml:literature_corpus_root
LIT-001744,55179400.json,55179400.json,.json,24514,9ca02ffe0b795d2cbcc750b7003618a848c9cc8caefc81af1a44f3bdbfe07aa5,,ok,,2026-09-28T17:55:35Z,config/local_paths.yaml:literature_corpus_root
LIT-001745,55225500.json,55225500.json,.json,37067,9e8c503e14470a5da0a47804fbcc15efbfa425493f9af2e56a2f18f35cab1a89,,ok,,2026-09-28T17:55:35Z,config/local_paths.yaml:literature_corpus_root
LIT-001746,55245700.json,55245700.json,.json,30094,ca8775992b64f47b0d58a116e682fefd442ba2fa072bdf6c3ceb0e82fa0ef212,,ok,,2026-09-28T17:55:35Z,config/local_paths.yaml:literature_corpus_root
LIT-001747,55344800.json,55344800.json,.json,87365,4714f2aae3b5c83a8e9e56f5153793d5566ac321db1d504ffa02e4ba219ffa60,,ok,,2026-09-28T17:55:35Z,config/local_paths.yaml:literature_corpus_root
LIT-001748,55352600.json,55352600.json,.json,64612,62de0a16342b072fc0868cbf32e0f4bf3c623f8c1770307e777f15ab4e879a2c,,ok,,2026-09-28T17:55:35Z,config/local_paths.yaml:literature_corpus_root
LIT-001749,55385000.json,55385000.json,.json,41281,fe9d8d6017ed0d6efb5ddc8b7fcb629498c2dfda47713ce1ca69ee413e9db6f0,,ok,,2026-09-28T17:55:35Z,config/local_paths.yaml:literature_corpus_root
LIT-001750,55385600.json,55385600.json,.json,42309,17e053f90283b715d6da3e59b7639df08cdf2a952b89c37b6a20454041d8c9d9,,ok,,2026-09-28T17:55:35Z,config/local_paths.yaml:literature_corpus_root
LIT-001751,55433500.json,55433500.json,.json,42969,9c6abb8eb209556b1cec744af54415dc9e500a8fa9d4e969fab860e3a0f72da8,,ok,,2026-09-28T17:55:35Z,config/local_paths.yaml:literature_corpus_root
LIT-001752,55438900.json,55438900.json,.json,32840,47feecc804511bab589dce4cedabd571d1ae138fc32dd6124e59f8de34125d92,,ok,,2026-09-28T17:55:35Z,config/local_paths.yaml:literature_corpus_root
LIT-001753,55448900.json,55448900.json,.json,31043,ebf1ae734e798ea36dad26b94d37c1c6c5e666f530d3e2464eded5b15fa7da57,,ok,,2026-09-28T17:55:35Z,config/local_paths.yaml:literature_corpus_root
LIT-001754,55474300.json,55474300.json,.json,25615,360f7f84332e37346f10d583441c94c56aaac1566320e1bf65e82ff31484adff,,ok,,2026-09-28T17:55:35Z,config/local_paths.yaml:literature_corpus_root
LIT-001755,55496200.json,55496200.json,.json,26918,3a19904e3871def36d0e95bd62d3f099561dbe17e1418ad4d4c6d4cd33f2d3b7,,ok,,2026-09-28T17:55:35Z,config/local_paths.yaml:literature_corpus_root
LIT-001756,55536400.json,55536400.json,.json,86777,884856e76732107eff4c24094e1081a454f27b8c91d0c54dad26863c9b9a9398,,ok,,2026-09-28T17:55:35Z,config/local_paths.yaml:literature_corpus_root
LIT-001757,55553700.json,55553700.json,.json,32970,55ef33a4bdba5182edc1922cd1f67e24ce5e4ad324834cb5bc4d2ec67118c4ad,,ok,,2026-09-28T17:55:35Z,config/local_paths.yaml:literature_corpus_root
LIT-001758,55591200.json,55591200.json,.json,15161,063f7c210a5b5609386342d8c872b035c043baf4d229b219efd075704083cdf3,,ok,,2026-09-28T17:55:35Z,config/local_paths.yaml:literature_corpus_root
LIT-001759,55614200.json,55614200.json,.json,76783,adfc3dc38c5c489a822726d2759deb7b26cc5abf8f8b3f9e3beb567974d6fc57,,ok,,2026-09-28T17:55:35Z,config/local_paths.yaml:literature_corpus_root
LIT-001760,55623800.json,55623800.json,.json,48112,3a178909e746a90716d337334fcfbf1773e130a5c7dfce27f945f15051e27531,,ok,,2026-09-28T17:55:35Z,config/local_paths.yaml:literature_corpus_root
LIT-001761,55637500.json,55637500.json,.json,18226,117e68c771ac16bf3b5a4245c4ebdba477612af1b371003b9108557e7c8ebdc4,,ok,,2026-09-28T17:55:35Z,config/local_paths.yaml:literature_corpus_root
LIT-001762,55656600.json,55656600.json,.json,37604,021ce6c6b36d52465552473887d45c8e8d676246d0e012b892be5f11f80a3929,,ok,,2026-09-28T17:55:35Z,config/local_paths.yaml:literature_corpus_root
LIT-001763,5566100.json,5566100.json,.json,39383,0f34f58b86eeb6b76406f62fcd28bb2a8e9061dbc0b4d2f24a137ebedd7126a6,,ok,,2026-09-28T17:55:35Z,config/local_paths.yaml:literature_corpus_root
LIT-001764,55698100.json,55698100.json,.json,38811,3359a578b81b342cac051905bb3d14c6fa8ffed3ba7fec498c6505fc77388b5d,,ok,,2026-09-28T17:55:35Z,config/local_paths.yaml:literature_corpus_root
LIT-001765,55700500.json,55700500.json,.json,40287,a3b678f9a8ed3e12181a3618a16528195b797a9c3bb3db01585efe708e996224,,ok,,2026-09-28T17:55:35Z,config/local_paths.yaml:literature_corpus_root
LIT-001766,55735600.json,55735600.json,.json,47991,9c138dad8b4818c53155f13fd109ef1722916f0bc2677f699980ab111e2caa9b,,ok,,2026-09-28T17:55:35Z,config/local_paths.yaml:literature_corpus_root
LIT-001767,55765400.json,55765400.json,.json,28473,67b14a7ab22581fd9de66b53e2a2a6c6a5d0610f23651d248a41fec7183051fc,,ok,,2026-09-28T17:55:35Z,config/local_paths.yaml:literature_corpus_root
LIT-001768,55766300.json,55766300.json,.json,28032,bf4a8f229dfcaf3b726746608ff746e86eedc2785e74cf0cc50b8d1fe0bc53eb,,ok,,2026-09-28T17:55:35Z,config/local_paths.yaml:literature_corpus_root
LIT-001769,55771200.json,55771200.json,.json,23155,a0cd1b67a8e82f21a06af270c7a5ede0957653907e1a3200f2a4a6c51341dd1d,,ok,,2026-09-28T17:55:35Z,config/local_paths.yaml:literature_corpus_root
LIT-001770,55798700.json,55798700.json,.json,18605,f62f6db82ba28d4eef6ca8c6c57c9f8dcb7d8ed7d5090e0b3b39e8b15e3bbe0e,,ok,,2026-09-28T17:55:35Z,config/local_paths.yaml:literature_corpus_root
LIT-001771,55846600.json,55846600.json,.json,31782,ab5b16a63e8d8981d32925b4a69fb9320a57ae92a3d1e3ba5301a5c62554b827,,ok,,2026-09-28T17:55:35Z,config/local_paths.yaml:literature_corpus_root
LIT-001772,55860900.json,55860900.json,.json,42842,f656dc2ead3ae599028b7c737d74b420911b7cb737b5d35e69e74c9bbfee6621,,ok,,2026-09-28T17:55:35Z,config/local_paths.yaml:literature_corpus_root
LIT-001773,55909100.json,55909100.json,.json,40400,363931e9fb3f66bc5f1bbe99eb2c84e2715a2959117728686a5bb188c09fd266,,ok,,2026-09-28T17:55:35Z,config/local_paths.yaml:literature_corpus_root
LIT-001774,55917600.json,55917600.json,.json,35681,689bb5f75bf2bc1dba2869c046fa438b46235ca5ad10e2210c8bd41fb577305d,,ok,,2026-09-28T17:55:35Z,config/local_paths.yaml:literature_corpus_root
LIT-001775,55919500.json,55919500.json,.json,43209,8ebbd199fafbfdb31f166bed2927a82a091f7e2ae6f96ceb77f4b872dcdc31ab,,ok,,2026-09-28T17:55:35Z,config/local_paths.yaml:literature_corpus_root
LIT-001776,55927100.json,55927100.json,.json,18951,f1544116c1c80e2e5eea856ec1685ad6da0a330106299d0f77b53c441fae352e,,ok,,2026-09-28T17:55:35Z,config/local_paths.yaml:literature_corpus_root
LIT-001777,55937800.json,55937800.json,.json,16953,afc6a621e3aa45452d638b5cab2565c877dc4c3deab67668f957c1c66b5b4949,,ok,,2026-09-28T17:55:35Z,config/local_paths.yaml:literature_corpus_root
LIT-001778,55939600.json,55939600.json,.json,40126,ae1dc90023584d6f750a5c9d07e51fbedd006f0b7b9f8b4bd3b5c327823cf8e9,,ok,,2026-09-28T17:55:35Z,config/local_paths.yaml:literature_corpus_root
LIT-001779,55971400.json,55971400.json,.json,43342,06b59ff4133420760f1cad49b140068e0fd26e2a4898fe3d4157ce6f743c2788,,ok,,2026-09-28T17:55:35Z,config/local_paths.yaml:literature_corpus_root
LIT-001780,55979700.json,55979700.json,.json,23154,96e84fcaf323272505827127649eb31843dd7a470e3189094df02ad8985e444f,,ok,,2026-09-28T17:55:35Z,config/local_paths.yaml:literature_corpus_root
LIT-001781,55990300.json,55990300.json,.json,59041,3a3119c3c8e49b8422de368ee40e24bf69f6fba666610d99bf5f5c78adcf1abd,,ok,,2026-09-28T17:55:35Z,config/local_paths.yaml:literature_corpus_root
LIT-001782,56010200.json,56010200.json,.json,12890,471c1ef2099a35e83761caca7ea77eb29811e8a7649c2e6a6a4edeab17ec7408,,ok,,2026-09-28T17:55:35Z,config/local_paths.yaml:literature_corpus_root
LIT-001783,56059100.json,56059100.json,.json,30326,fbf1b0101daa48b6d3427b70bc7a55e6de2f964b9886d310b3e0f67fa30ab834,,ok,,2026-09-28T17:55:35Z,config/local_paths.yaml:literature_corpus_root
LIT-001784,56069000.json,56069000.json,.json,23824,95c9282c022272acc7ba7e902b690cf6ec3dea662b3410f1e8240a1e883415ac,,ok,,2026-09-28T17:55:35Z,config/local_paths.yaml:literature_corpus_root
LIT-001785,56074700.json,56074700.json,.json,30816,06b7c2a63a2392d4c2eb4e5314b75b24b6c95f8f51f0bc1ecdc4f3e37dc484db,,ok,,2026-09-28T17:55:35Z,config/local_paths.yaml:literature_corpus_root
LIT-001786,56138000.json,56138000.json,.json,28340,357598f578fd5229eab0d3c5b7b7f4bd4f46970944304d6a4164a3273b0c862e,,ok,,2026-09-28T17:55:35Z,config/local_paths.yaml:literature_corpus_root
LIT-001787,56143600.json,56143600.json,.json,52744,e0d9ba77c263dc9a8cb4b0be48b4cf161ae33440152b4349012e2c91c59f05f3,,ok,,2026-09-28T17:55:35Z,config/local_paths.yaml:literature_corpus_root
LIT-001788,56154700.json,56154700.json,.json,66656,4f7195818935945fa46010bdbb1a9459d2c9bea7b0f58ab847ab621b0f4646e8,,ok,,2026-09-28T17:55:35Z,config/local_paths.yaml:literature_corpus_root
LIT-001789,56235200.json,56235200.json,.json,20474,9508bfb7b6020b0cf72fa0a49417fcd6da289c0c5cd84d9781733737b6a0bd88,,ok,,2026-09-28T17:55:35Z,config/local_paths.yaml:literature_corpus_root
LIT-001790,56261200.json,56261200.json,.json,13074,b5e0a0d5a513ba162accd8f3e2a33f747d800d321d0df7cff223b33a8d75b863,,ok,,2026-09-28T17:55:35Z,config/local_paths.yaml:literature_corpus_root
LIT-001791,56290500.json,56290500.json,.json,20925,a0aa9272b9fadcf70f8db04540c8fd1ce1749d7a5903b3d1d9438b72185fe0d8,,ok,,2026-09-28T17:55:35Z,config/local_paths.yaml:literature_corpus_root
LIT-001792,56331900.json,56331900.json,.json,47129,6f840a78c14a32e5deda8e75134730e13301ae45901c36cb46732b021fd9c067,,ok,,2026-09-28T17:55:35Z,config/local_paths.yaml:literature_corpus_root
LIT-001793,56372300.json,56372300.json,.json,40107,1fcf1bf6866b29b9e5b67a1940c45d6f52e4fa5a0e82eab1ffa9e3703220cd06,,ok,,2026-09-28T17:55:35Z,config/local_paths.yaml:literature_corpus_root
LIT-001794,56383200.json,56383200.json,.json,20169,52db8fd3ff4c2193f754a9e17f6415026a7969e2e1830384fe1f32e0f86d74d6,,ok,,2026-09-28T17:55:35Z,config/local_paths.yaml:literature_corpus_root
LIT-001795,56386200.json,56386200.json,.json,29100,3b5044acf33f02aad68ba2e619c8fe7dc2aba68100955e8bb32c1322268e472d,,ok,,2026-09-28T17:55:35Z,config/local_paths.yaml:literature_corpus_root
LIT-001796,56417500.json,56417500.json,.json,30976,90e267b4ee44ab722574833f9b2e24e1421b96ad9d784fbf9852384d0d6376f9,,ok,,2026-09-28T17:55:35Z,config/local_paths.yaml:literature_corpus_root
LIT-001797,56435900.json,56435900.json,.json,12460,3313141b28f5bfbd0c5aa277f6e153ad05f3180fe8b27f0b1ec84c1f8f59c60f,,ok,,2026-09-28T17:55:35Z,config/local_paths.yaml:literature_corpus_root
LIT-001798,56447200.json,56447200.json,.json,22937,96175c2d78b46015849bbd36b9197a0f885950e8444db30bf528d6489a72899a,,ok,,2026-09-28T17:55:35Z,config/local_paths.yaml:literature_corpus_root
LIT-001799,56467600.json,56467600.json,.json,59007,ca283404ee3a3d87334da9e3e609ae35465430e7521d19552e22df346029029f,,ok,,2026-09-28T17:55:35Z,config/local_paths.yaml:literature_corpus_root
LIT-001800,56570700.json,56570700.json,.json,21097,e2804000d4153a52bb6767b8215b9ef6f85d69c8a75020933ad883273c8723f4,,ok,,2026-09-28T17:55:35Z,config/local_paths.yaml:literature_corpus_root
LIT-001801,5690300.json,5690300.json,.json,12151,0d8d00dbafad928ae351f63d5d3a7b3548c706e06a8ddd29ea56e0bd91088537,,ok,,2026-09-28T17:55:35Z,config/local_paths.yaml:literature_corpus_root
LIT-001802,57572700.json,57572700.json,.json,36660,3425999931b9fcbe922922c2a9cf79c4cba4cdb0ea1e0a1359f6cfb25a220b1f,,ok,,2026-09-28T17:55:35Z,config/local_paths.yaml:literature_corpus_root
LIT-001803,58006800.json,58006800.json,.json,30983,dc53b9205cf0e85a738b844059d88d73f6be0c5057ab5e19569c2903a86c8860,,ok,,2026-09-28T17:55:35Z,config/local_paths.yaml:literature_corpus_root
LIT-001804,5854400.json,5854400.json,.json,19027,521fff07ebd84edbb9759c88be7f87bc9f4db8e4e81bf776e103dd46678cba56,,ok,,2026-09-28T17:55:35Z,config/local_paths.yaml:literature_corpus_root
LIT-001805,58555100.json,58555100.json,.json,42870,a4c68ef7e28d641e00ff5f73ab69d225fe4e9d558c9e7473fff26b41f4e003a3,,ok,,2026-09-28T17:55:35Z,config/local_paths.yaml:literature_corpus_root
LIT-001806,58640000.json,58640000.json,.json,68283,878cbb87bcdb1b27c4b841c050d6259d6d2df142fb8ea6dbe777092d56a7f572,,ok,,2026-09-28T17:55:35Z,config/local_paths.yaml:literature_corpus_root
LIT-001807,58656400.json,58656400.json,.json,23990,6c0e06e392a4f990bc54f23aa630e580c919e5e513ccb607df6f7fcbd8d16c85,,ok,,2026-09-28T17:55:35Z,config/local_paths.yaml:literature_corpus_root
LIT-001808,58933600.json,58933600.json,.json,21859,f1cbf1a3a038c4aa78aebc120bd4aabc37f2ea7036cdd3399c2a4f98c74e007d,,ok,,2026-09-28T17:55:35Z,config/local_paths.yaml:literature_corpus_root
LIT-001809,589800.json,589800.json,.json,61696,b7bd69b5eef3506adaca56334c62b9009fb3320bfb1bbe84f1adce3623f21d93,,ok,,2026-09-28T17:55:35Z,config/local_paths.yaml:literature_corpus_root
LIT-001810,59040800.json,59040800.json,.json,22459,7343f3f47e60f7a8e0c7f4fab1d74fa6ac132e4387fe4e1260af4724b9aaa0d4,,ok,,2026-09-28T17:55:35Z,config/local_paths.yaml:literature_corpus_root
LIT-001811,59066400.json,59066400.json,.json,35736,13214326a771773e7634c4907fb5925e946d3989922626e52b361c8480f5a1e1,,ok,,2026-09-28T17:55:35Z,config/local_paths.yaml:literature_corpus_root
LIT-001812,59125300.json,59125300.json,.json,30145,dcec4ae46a60b91aa95b637d9383c71be440fbd524abc89bbc5d190f2f481004,,ok,,2026-09-28T17:55:35Z,config/local_paths.yaml:literature_corpus_root
LIT-001813,59143000.json,59143000.json,.json,32328,8028e68c4c3db34552c190fe27bf178a14d3fbb8ca77b5b4c9f473dc7ff41b65,,ok,,2026-09-28T17:55:35Z,config/local_paths.yaml:literature_corpus_root
LIT-001814,59150100.json,59150100.json,.json,41297,c9fa9f1fcc926e85c019cd979414497b110ff181bef3ded9702f9093a985b1cf,,ok,,2026-09-28T17:55:35Z,config/local_paths.yaml:literature_corpus_root
LIT-001815,59268800.json,59268800.json,.json,28758,fc4d6b418d38bfbccf8e8298a7b87df909aec10ab3034d36a00250e50826a36e,,ok,,2026-09-28T17:55:35Z,config/local_paths.yaml:literature_corpus_root
LIT-001816,5932000.json,5932000.json,.json,27117,a9d01fb34d9c023becafb36f8a614048e021231144ade52fd07a6fb263b3ca62,,ok,,2026-09-28T17:55:35Z,config/local_paths.yaml:literature_corpus_root
LIT-001817,59328900.json,59328900.json,.json,42640,aa2c45e29efea921680b4d913ff1efa4669145121d1aa27c972cc5fbbefb22f0,,ok,,2026-09-28T17:55:35Z,config/local_paths.yaml:literature_corpus_root
LIT-001818,59385900.json,59385900.json,.json,49985,b7a09c716caaf04f1e6345ecc2308110ef82bfd59d460d674698ec2a60404eac,,ok,,2026-09-28T17:55:35Z,config/local_paths.yaml:literature_corpus_root
LIT-001819,59402800.json,59402800.json,.json,46907,1137d31bcbda38131ef404803bef396043e7bba651c79647e7f9f557ce6ea8ed,,ok,,2026-09-28T17:55:35Z,config/local_paths.yaml:literature_corpus_root
LIT-001820,59417300.json,59417300.json,.json,57167,0870aad1503d0830fbb571fdc71dcd11a0db53ee014742921f894dac89635078,,ok,,2026-09-28T17:55:35Z,config/local_paths.yaml:literature_corpus_root
LIT-001821,59425800.json,59425800.json,.json,30290,df9ff4acb0d75e5e0cc369f71a1698cfe40ee8c1298764dd9e4c58a03144a5cd,,ok,,2026-09-28T17:55:35Z,config/local_paths.yaml:literature_corpus_root
LIT-001822,59430300.json,59430300.json,.json,11866,593f5a6e5922ee23eac2bf6e19f5a5132a4d5bba86ffd99db580c7213d588f2f,,ok,,2026-09-28T17:55:35Z,config/local_paths.yaml:literature_corpus_root
LIT-001823,5943900.json,5943900.json,.json,55002,b9c92fd4705c9c7f9ef8d81ab700fb0122bc8e2ce916b15b593593fbb70d7e23,,ok,,2026-09-28T17:55:35Z,config/local_paths.yaml:literature_corpus_root
LIT-001824,5950100.json,5950100.json,.json,24333,83a843f9ec3dddc64acce7448dcb4b36c05c9a6a69fa71ead0db5e518e4fc751,,ok,,2026-09-28T17:55:35Z,config/local_paths.yaml:literature_corpus_root
LIT-001825,59606500.json,59606500.json,.json,38137,fa32189f9bb9e37534d43709e61c7325f5630199750f5c6ec406f6c35d9787b7,,ok,,2026-09-28T17:55:35Z,config/local_paths.yaml:literature_corpus_root
LIT-001826,59616600.json,59616600.json,.json,60421,6019b120c2eede71157bfb77fe1ce40fd9879bc047b74eb4b94f95d434337132,,ok,,2026-09-28T17:55:35Z,config/local_paths.yaml:literature_corpus_root
LIT-001827,59932200.json,59932200.json,.json,33100,6056f7b0cfc98053a913c89b30d243911cff13c1a66f8258de8d54d1aa2a7afd,,ok,,2026-09-28T17:55:35Z,config/local_paths.yaml:literature_corpus_root
LIT-001828,6017700.json,6017700.json,.json,37942,32cbe647e60387994da6408764fbc52b61edf5741d73be6c534d1bec4ab8d1a0,,ok,,2026-09-28T17:55:35Z,config/local_paths.yaml:literature_corpus_root
LIT-001829,60443000.json,60443000.json,.json,67023,f8d92adfe50a619f83ffc279eed2c2849aeab69deb34a3d400a611a5c618e477,,ok,,2026-09-28T17:55:35Z,config/local_paths.yaml:literature_corpus_root
LIT-001830,62797000.json,62797000.json,.json,59859,c265dff5eea788f9cb72af817dd6107f8e5f93d600802c2431e067ae19cfbe14,,ok,,2026-09-28T17:55:35Z,config/local_paths.yaml:literature_corpus_root
LIT-001831,62824700.json,62824700.json,.json,58235,633032007c07f1bb94769ae3625e6682ec38f29610068437aaf5b4102fab65d5,,ok,,2026-09-28T17:55:35Z,config/local_paths.yaml:literature_corpus_root
LIT-001832,62838700.json,62838700.json,.json,52282,b83ec0bf14c6e9f0b95ea0f96efbf94e96af48bd25199f13bc6d15e7515ed1b9,,ok,,2026-09-28T17:55:35Z,config/local_paths.yaml:literature_corpus_root
LIT-001833,6315000.json,6315000.json,.json,28705,0ef4114dde3a355d572ff285db742883bc3dc516f13feee01bf444a70e446cf1,,ok,,2026-09-28T17:55:35Z,config/local_paths.yaml:literature_corpus_root
LIT-001834,6350600.json,6350600.json,.json,32347,eed2a672a8e764482ad98684b88bb99c4140f17b9e3bfad97311d6ad58fc5c5f,,ok,,2026-09-28T17:55:35Z,config/local_paths.yaml:literature_corpus_root
LIT-001835,6388100.json,6388100.json,.json,47329,6ee7be6c1be2db98214fb6aaa4e017937ec71575a5e9c33c099d99d73123c0c0,,ok,,2026-09-28T17:55:35Z,config/local_paths.yaml:literature_corpus_root
LIT-001836,6453500.json,6453500.json,.json,11848,8bc29e25c2a61a8bd5cf33b36299210d4b93cc9e30504a23e79220097ffb4a6e,,ok,,2026-09-28T17:55:35Z,config/local_paths.yaml:literature_corpus_root
LIT-001837,6492900.json,6492900.json,.json,37836,c599cb7d8ff54da83a426a2fd7e8e1f98a8d2a39f6309bc5feac765fe2016f69,,ok,,2026-09-28T17:55:35Z,config/local_paths.yaml:literature_corpus_root
LIT-001838,6500900.json,6500900.json,.json,53658,cc525df40fb596efd9d6b4d8bd16497cdf8293879f846c5ff02cb5d6beba2f1a,,ok,,2026-09-28T17:55:35Z,config/local_paths.yaml:literature_corpus_root
LIT-001839,6628800.json,6628800.json,.json,111897,0589df8def5b61690f9e6d9e5b6afedd89c0b4e3ed708816ff196127680aa3ab,,ok,,2026-09-28T17:55:35Z,config/local_paths.yaml:literature_corpus_root
LIT-001840,6740800.json,6740800.json,.json,74473,67491ad88364af9faaff87964bdff9b1ef055479904773ff4724c4a9bbddbb59,,ok,,2026-09-28T17:55:35Z,config/local_paths.yaml:literature_corpus_root
LIT-001841,6774400.json,6774400.json,.json,88140,31300b4b769262ea3b491533b7e0b7fb8d714a60800978f3e76d47e0f2b46e32,,ok,,2026-09-28T17:55:35Z,config/local_paths.yaml:literature_corpus_root
LIT-001842,67777700.json,67777700.json,.json,68739,e3deecaff5372f1b0f8dee68e17d49919dfcc4c884c20ab15b41d28355a0c958,,ok,,2026-09-28T17:55:35Z,config/local_paths.yaml:literature_corpus_root
LIT-001843,67780900.json,67780900.json,.json,56205,0fd5e19d7eb77393e43c1f8beb7c52644eb19d24fdb69474c6fe6b7b03b2bfa3,,ok,,2026-09-28T17:55:35Z,config/local_paths.yaml:literature_corpus_root
LIT-001844,67783000.json,67783000.json,.json,15523,5fb018f338a32797e012e67a4c735a0a27f0f3891166d91f98d34fdba47b2586,,ok,,2026-09-28T17:55:35Z,config/local_paths.yaml:literature_corpus_root
LIT-001845,67871400.json,67871400.json,.json,43965,e973ee623fd0b93c8b0506d10d395e1e2fbe045d30dc60f0d97b291c13bf2133,,ok,,2026-09-28T17:55:35Z,config/local_paths.yaml:literature_corpus_root
LIT-001846,6848000.json,6848000.json,.json,45592,77f3e6c2be0db18dbbb6caa7bb438366ce923377afc23dc1b4dd612081c95fd8,,ok,,2026-09-28T17:55:35Z,config/local_paths.yaml:literature_corpus_root
LIT-001847,69176100.json,69176100.json,.json,35454,2301d3b38ecef83e8f5815742cf02658eff36d0b30f618bce2f95595eacb47e9,,ok,,2026-09-28T17:55:35Z,config/local_paths.yaml:literature_corpus_root
LIT-001848,7018000.json,7018000.json,.json,31610,b6b86617fc51c4998668459639182d639d3efeb098b98a6a2dc78107bdc8fd85,,ok,,2026-09-28T17:55:35Z,config/local_paths.yaml:literature_corpus_root
LIT-001849,7069900.json,7069900.json,.json,117480,5daf324d09cd0b2ae94ea052b7efbd91547402a5f3181c1cd2ee4da049a0503c,,ok,,2026-09-28T17:55:35Z,config/local_paths.yaml:literature_corpus_root
LIT-001850,718800.json,718800.json,.json,34453,47c2fb0b494f145c2b7910343a16741b5d08b049759a7735048205a4ec70c995,,ok,,2026-09-28T17:55:35Z,config/local_paths.yaml:literature_corpus_root
LIT-001851,7194600.json,7194600.json,.json,51478,41e1690132aa7f267ea2cb513de7bfb882b7d8aa5b2f05b87ac3f54fd60d12c7,,ok,,2026-09-28T17:55:35Z,config/local_paths.yaml:literature_corpus_root
LIT-001852,73482500.json,73482500.json,.json,10144,3042d3548221747a3b65ea5d561d4f03cbb50c146f7ad769bb54ab0d3bb5d474,,ok,,2026-09-28T17:55:35Z,config/local_paths.yaml:literature_corpus_root
LIT-001853,73483400.json,73483400.json,.json,37851,f92db067f1adc392170a84341a5f7359e4e09c1b54e551c542d7060daaf9d94d,,ok,,2026-09-28T17:55:35Z,config/local_paths.yaml:literature_corpus_root
LIT-001854,73559400.json,73559400.json,.json,21465,a1a740c9aa3b08410bb4000e77adb70c2d66235d274aacf8401675c6e2ffe751,,ok,,2026-09-28T17:55:35Z,config/local_paths.yaml:literature_corpus_root
LIT-001855,73593000.json,73593000.json,.json,24686,3d789a734003119d2ae73ba18597956a41d902f275a516da9395526710c77abe,,ok,,2026-09-28T17:55:35Z,config/local_paths.yaml:literature_corpus_root
LIT-001856,73598600.json,73598600.json,.json,38591,e37f86cae3c4ffda6a2002730a8814a3a52a68e52d3be3bb4258402912b643e9,,ok,,2026-09-28T17:55:35Z,config/local_paths.yaml:literature_corpus_root
LIT-001857,73634800.json,73634800.json,.json,69089,c992c01f43abba7f6b7dea5047de262438f90a6613e54217a29e0be8457f00ef,,ok,,2026-09-28T17:55:35Z,config/local_paths.yaml:literature_corpus_root
LIT-001858,73652300.json,73652300.json,.json,49352,71ef67a407a93d952cb6cb1cb266276488e736c324578ab7428e207881460b2b,,ok,,2026-09-28T17:55:35Z,config/local_paths.yaml:literature_corpus_root
LIT-001859,7367400.json,7367400.json,.json,32221,14595b8e51674f68a1534f0a25c5fa8cde49d039064985b1759e1684c82654f2,,ok,,2026-09-28T17:55:35Z,config/local_paths.yaml:literature_corpus_root
LIT-001860,7397600.json,7397600.json,.json,49410,0dd5e42f391cb3cf528141dd0324ea2e604fe64d79f81552bed6591b9359d59e,,ok,,2026-09-28T17:55:35Z,config/local_paths.yaml:literature_corpus_root
LIT-001861,7619500.json,7619500.json,.json,82744,350549db518e632a855f6e7ee3e05de2b9cec9b46aee071db84e705242044834,,ok,,2026-09-28T17:55:35Z,config/local_paths.yaml:literature_corpus_root
LIT-001862,7701000.json,7701000.json,.json,39230,f92e5e1a68cccb5f790dd86d4f00770b398a84b6e288fd79af311ec270691596,,ok,,2026-09-28T17:55:35Z,config/local_paths.yaml:literature_corpus_root
LIT-001863,8099300.json,8099300.json,.json,33685,9c4e64c6c94e172318ab23445e5d67cf9a1334d212048e57f70262beffaa6272,,ok,,2026-09-28T17:55:35Z,config/local_paths.yaml:literature_corpus_root
LIT-001864,8130100.json,8130100.json,.json,31569,778adc1cd636aac6a6c078e5b27087a0b824d967702d5247ae55a80c5fa8026f,,ok,,2026-09-28T17:55:35Z,config/local_paths.yaml:literature_corpus_root
LIT-001865,81980400.json,81980400.json,.json,25255,bfb10ba93761046bc3cee107a1f93a7811358e1b7c22bdb0d8f2b28c1e0be2a3,,ok,,2026-09-28T17:55:35Z,config/local_paths.yaml:literature_corpus_root
LIT-001866,8256000.json,8256000.json,.json,42422,d0d1e4542031653467022beb8d50804ca7ec89231e7b82ef6e239e4f0c2ee17f,,ok,,2026-09-28T17:55:35Z,config/local_paths.yaml:literature_corpus_root
LIT-001867,83339400.json,83339400.json,.json,16199,091843030851f01feda3e28f36a0c0ea91dc1024e63c6d20297f59bd89a87be0,,ok,,2026-09-28T17:55:35Z,config/local_paths.yaml:literature_corpus_root
LIT-001868,84097900.json,84097900.json,.json,38329,4ac76eaacab9bbc4641999ca62416697ad4704ffdffe27fba578d1777c330062,,ok,,2026-09-28T17:55:35Z,config/local_paths.yaml:literature_corpus_root
LIT-001869,84177600.json,84177600.json,.json,92399,489f394b96a9a6972c5d9ee949b78c2269611dada02c23ba806021cb271e1ced,,ok,,2026-09-28T17:55:35Z,config/local_paths.yaml:literature_corpus_root
LIT-001870,84178400.json,84178400.json,.json,40431,dcab5c55d457d8a805de193efca9971f74d1abdcdbb7a0cb0056dc757b66a214,,ok,,2026-09-28T17:55:35Z,config/local_paths.yaml:literature_corpus_root
LIT-001871,84333700.json,84333700.json,.json,126756,2abb1777419cdfc06d28102374973b7163ae3a32356d3289db5d6d1560695ba3,,ok,,2026-09-28T17:55:35Z,config/local_paths.yaml:literature_corpus_root
LIT-001872,8476800.json,8476800.json,.json,24636,2020f473a8a5427bf1be1ca2532ab1b438857eb6a7c71bee7f8ed0cb7c824249,,ok,,2026-09-28T17:55:35Z,config/local_paths.yaml:literature_corpus_root
LIT-001873,84910600.json,84910600.json,.json,18836,38e13fd46314edb925804a786d309acf6f34fcc5285726c79f91d40984e2a8c1,,ok,,2026-09-28T17:55:35Z,config/local_paths.yaml:literature_corpus_root
LIT-001874,84921700.json,84921700.json,.json,29179,9709d44b182972a9a9897dd379312c85e8ff1821093fd67d4f51939d4d2821e4,,ok,,2026-09-28T17:55:35Z,config/local_paths.yaml:literature_corpus_root
LIT-001875,85449600.json,85449600.json,.json,37405,ebadaac3a3796a31e0ce859dd91c5d37bfadc3a1e70ee9cef8df44ae95142359,,ok,,2026-09-28T17:55:35Z,config/local_paths.yaml:literature_corpus_root
LIT-001876,85452200.json,85452200.json,.json,43849,229ad5819dd1f389a76c91df21dc51706bb2661e60f26ba7518a70af5407d620,,ok,,2026-09-28T17:55:35Z,config/local_paths.yaml:literature_corpus_root
LIT-001877,85454900.json,85454900.json,.json,24272,2bbdd159a92b93dcf69fbb464f62fa9b6769b4d46509f6706294220d6348d3ad,,ok,,2026-09-28T17:55:35Z,config/local_paths.yaml:literature_corpus_root
LIT-001878,85511400.json,85511400.json,.json,59594,d388fd74b9bde524879f4994244a0169434f3809987d127841621556d478fb1b,,ok,,2026-09-28T17:55:35Z,config/local_paths.yaml:literature_corpus_root
LIT-001879,85881600.json,85881600.json,.json,36049,6bfc4ef92d305e4c5ae53cca114ed3eba15bdaef5e599b69a419f9eb3859345f,,ok,,2026-09-28T17:55:35Z,config/local_paths.yaml:literature_corpus_root
LIT-001880,86017300.json,86017300.json,.json,15313,2521806dead1386261ab3d6588ac2a8497a07a82e79005495aee4200206173ba,,ok,,2026-09-28T17:55:35Z,config/local_paths.yaml:literature_corpus_root
LIT-001881,86165600.json,86165600.json,.json,59663,87042ad52f7ca739dbf7d285da31a6f54d8c7c7e082ca4c4499bb48264e2e94f,,ok,,2026-09-28T17:55:35Z,config/local_paths.yaml:literature_corpus_root
LIT-001882,86212300.json,86212300.json,.json,8756,6bb621a8ccdd6c2aa4c00e006848c97140a8212727632a1ae22d630b97cddd10,,ok,,2026-09-28T17:55:35Z,config/local_paths.yaml:literature_corpus_root
LIT-001883,86333800.json,86333800.json,.json,12282,6472fc89829df177ea408e6183498ece85679c719b257f53239916661cf74e36,,ok,,2026-09-28T17:55:35Z,config/local_paths.yaml:literature_corpus_root
LIT-001884,86461500.json,86461500.json,.json,8297,3f93ffe7a212e558caa12b6ecbead117eb7077414cc03063390001a0c15eae2a,,ok,,2026-09-28T17:55:35Z,config/local_paths.yaml:literature_corpus_root
LIT-001885,86662600.json,86662600.json,.json,53437,7e83f64e9ed97bdcea8b8b17bbc01f74d5b2a23346d76d983a2c8debab69fd3a,,ok,,2026-09-28T17:55:35Z,config/local_paths.yaml:literature_corpus_root
LIT-001886,86780300.json,86780300.json,.json,11346,e24ed6d66404fa0e449abb58693338fc2b1a37c87645b9c3b98c26e93732d46a,,ok,,2026-09-28T17:55:35Z,config/local_paths.yaml:literature_corpus_root
LIT-001887,87800.json,87800.json,.json,18959,281f6de99b7810cc4a6e53eda2c5a97114accd8984a05ddd07bfd1d5a34fcf63,,ok,,2026-09-28T17:55:35Z,config/local_paths.yaml:literature_corpus_root
LIT-001888,8806600.json,8806600.json,.json,39941,528b426ae534f2610d87c326816ad7ce4991850242d434d5d79f854b4d2a4546,,ok,,2026-09-28T17:55:35Z,config/local_paths.yaml:literature_corpus_root
LIT-001889,8811600.json,8811600.json,.json,58391,b0530fe36f1b0825a4e809498705fd831368f8c6f40e2dc56d4931f157d2b4c6,,ok,,2026-09-28T17:55:35Z,config/local_paths.yaml:literature_corpus_root
LIT-001890,88501600.json,88501600.json,.json,38210,830efdfd8d8ab6045c62b8d0c854e4b57800a1738e814f8d4add687010baae8e,,ok,,2026-09-28T17:55:35Z,config/local_paths.yaml:literature_corpus_root
LIT-001891,88510100.json,88510100.json,.json,20319,847392e5a556cc9c6b70d57f7539b0c857abff58ba61f28db583d010730a1a1f,,ok,,2026-09-28T17:55:35Z,config/local_paths.yaml:literature_corpus_root
LIT-001892,89187500.json,89187500.json,.json,33078,23c1962f30876d2d9b91aee7878e37f4e65128da8caf4a9a6319c94bdfe1abd6,,ok,,2026-09-28T17:55:35Z,config/local_paths.yaml:literature_corpus_root
LIT-001893,89511100.json,89511100.json,.json,19232,3c3aa418959d5875e2c60d9a96c861581322023596302533a804b234b98458d8,,ok,,2026-09-28T17:55:35Z,config/local_paths.yaml:literature_corpus_root
LIT-001894,89682500.json,89682500.json,.json,24840,22ee15410711c581114cd854c25352a78c83e163c99b8a40cac8fc7ed7ef3a02,,ok,,2026-09-28T17:55:35Z,config/local_paths.yaml:literature_corpus_root
LIT-001895,8992700.json,8992700.json,.json,28902,928be43d96eb542df7ddf7a3198f36df6602492a130f08f9b4356652553771fd,,ok,,2026-09-28T17:55:35Z,config/local_paths.yaml:literature_corpus_root
LIT-001896,90398500.json,90398500.json,.json,47714,90b85fccab60eca4e1ac352332a76a7a902e6a9611789056d5d6936ad77ba730,,ok,,2026-09-28T17:55:35Z,config/local_paths.yaml:literature_corpus_root
LIT-001897,90592200.json,90592200.json,.json,23230,ed9954cd9e05482d5910fe580401962a54bced196060e3e29475a879143d9195,,ok,,2026-09-28T17:55:35Z,config/local_paths.yaml:literature_corpus_root
LIT-001898,90791200.json,90791200.json,.json,22979,e11f6f2c7c465a7afb82d39493418ad86ee07fede05bfbfc48fa8263979eb473,,ok,,2026-09-28T17:55:35Z,config/local_paths.yaml:literature_corpus_root
LIT-001899,91314600.json,91314600.json,.json,50024,5786b00485b3b456b1382bf6553bf4afd0de7ea79c85f4fe6f9592a220cb018a,,ok,,2026-09-28T17:55:35Z,config/local_paths.yaml:literature_corpus_root
LIT-001900,9133100.json,9133100.json,.json,34277,51152cfc1869c060ef5050c67c1bd46406f52d2dee750bce5a0b8d0f757b131b,,ok,,2026-09-28T17:55:35Z,config/local_paths.yaml:literature_corpus_root
LIT-001901,91435600.json,91435600.json,.json,66078,48d287b9e079b2fb0e24c434734f3a9847e80217eaca376ee4904fbf63935e21,,ok,,2026-09-28T17:55:35Z,config/local_paths.yaml:literature_corpus_root
LIT-001902,91617200.json,91617200.json,.json,23763,0ae3935dca7dfaf6d85910758114d00cd7e90f694c59b33394462e946e3743db,,ok,,2026-09-28T17:55:35Z,config/local_paths.yaml:literature_corpus_root
LIT-001903,91711400.json,91711400.json,.json,124329,f9736f9c691264e95c76bd9910253cfd07cdccecb80db7774adf434da7834035,,ok,,2026-09-28T17:55:35Z,config/local_paths.yaml:literature_corpus_root
LIT-001904,91733000.json,91733000.json,.json,45273,2be49d850eb7464999096227bba26516ae28f4082b73da9f65a672795e1274ca,,ok,,2026-09-28T17:55:35Z,config/local_paths.yaml:literature_corpus_root
LIT-001905,91783100.json,91783100.json,.json,10029,17edebe4095a1e560a3fd76419e92fe9b721f3e79d4541eefd578c1e7bb336d1,,ok,,2026-09-28T17:55:35Z,config/local_paths.yaml:literature_corpus_root
LIT-001906,91811800.json,91811800.json,.json,28999,fe6a9b10c482c1eab32af44f07d211307cc692302f93c9ca091fbc3c338ddd0a,,ok,,2026-09-28T17:55:35Z,config/local_paths.yaml:literature_corpus_root
LIT-001907,92403300.json,92403300.json,.json,19359,448eb53bf6f703ec8b21564c5a1db42521c5ddc9814f3427b1d6969592650ba1,,ok,,2026-09-28T17:55:35Z,config/local_paths.yaml:literature_corpus_root
LIT-001908,92433000.json,92433000.json,.json,40182,7d8d22b995d30625c895a4eb6836062987c656693b305f2a50cb8a03fb691b29,,ok,,2026-09-28T17:55:35Z,config/local_paths.yaml:literature_corpus_root
LIT-001909,92545400.json,92545400.json,.json,51274,9f83f0dbeaa73b751281ab032912dd81bc6246bf7dc1ccf518c718256f4c23c1,,ok,,2026-09-28T17:55:35Z,config/local_paths.yaml:literature_corpus_root
LIT-001910,92606100.json,92606100.json,.json,30582,769aca759eee387c1e4b4339a1be095cf01b2129576f0798df8603ebee9c890b,,ok,,2026-09-28T17:55:35Z,config/local_paths.yaml:literature_corpus_root
LIT-001911,92757600.json,92757600.json,.json,16602,cd1f676e110e23e7f0ba95e7662a3ed69c60bb35b2677fa3314105323d9ede01,,ok,,2026-09-28T17:55:35Z,config/local_paths.yaml:literature_corpus_root
LIT-001912,92980800.json,92980800.json,.json,45402,66db7968a267eab62a1c3365c7fa9df66fdb84d68b0e21e51316a16fd49cf853,,ok,,2026-09-28T17:55:35Z,config/local_paths.yaml:literature_corpus_root
LIT-001913,948000.json,948000.json,.json,25194,a69441476373742c278421ec601afe7cf6abd33601a7fddada48ad3139d40deb,,ok,,2026-09-28T17:55:35Z,config/local_paths.yaml:literature_corpus_root
LIT-001914,9506300.json,9506300.json,.json,27519,621c7536d2acf7e271b810fe78ca0a07ae5b186bb98ac544a5ec4bcd890a1974,,ok,,2026-09-28T17:55:35Z,config/local_paths.yaml:literature_corpus_root
LIT-001915,96421800.json,96421800.json,.json,9134,50d009ced03235ba2c81f63706818cacfadfdbe00dfedfd4627c28e8ec444dbb,,ok,,2026-09-28T17:55:35Z,config/local_paths.yaml:literature_corpus_root
LIT-001916,96446300.json,96446300.json,.json,52420,287108337e9662b4b0863ec3e94f20484ef6eecca7781d64f5d57589a005c935,,ok,,2026-09-28T17:55:35Z,config/local_paths.yaml:literature_corpus_root
LIT-001917,96450400.json,96450400.json,.json,49378,bc8d5e94f2da13ab02eeefe5943d58921270d4adf9dd2dec32939555570a3e09,,ok,,2026-09-28T17:55:35Z,config/local_paths.yaml:literature_corpus_root
LIT-001918,98623000.json,98623000.json,.json,27800,63e00d21e163c29a678c223429d85fa33e9f8086a438ffd3aee24e1548e05055,,ok,,2026-09-28T17:55:35Z,config/local_paths.yaml:literature_corpus_root
